[0m01:26:28.281959 [debug] [MainThread]: Sending event: {'category': 'dbt', 'action': 'invocation', 'label': 'start', 'context': [<snowplow_tracker.self_describing_json.SelfDescribingJson object at 0x10d5a9f90>, <snowplow_tracker.self_describing_json.SelfDescribingJson object at 0x10d5f9d90>, <snowplow_tracker.self_describing_json.SelfDescribingJson object at 0x10d5fab10>]}


============================== 01:26:28.283885 | 458db83e-221c-41c7-8f62-e17e9118a0cf ==============================
[0m01:26:28.283885 [info ] [MainThread]: Running with dbt=1.12.5
[0m01:26:28.284177 [debug] [MainThread]: running dbt with arguments {'log_format': 'default', 'no_print': 'None', 'version_check': 'True', 'log_path': '/Users/tanvigharbudve/Desktop/projects/hmart_sql/hmart/logs', 'indirect_selection': 'eager', 'write_json': 'True', 'use_colors': 'True', 'warn_error': 'None', 'invocation_command': 'dbt ', 'static_parser': 'True', 'profiles_dir': '/Users/tanvigharbudve/.dbt', 'fail_fast': 'False', 'use_experimental_parser': 'False', 'quiet': 'False', 'send_anonymous_usage_stats': 'True', 'empty': 'None', 'maximum_seed_size_mib': '1', 'hints_enabled': 'True', 'debug': 'False', 'warn_error_options': 'WarnErrorOptionsV2(error=[], warn=[], silence=[])', 'target_path': 'None', 'cache_selected_only': 'False', 'log_cache_events': 'False', 'printer_width': '80', 'partial_parse': 'True', 'introspect': 'True'}
[0m01:26:28.356040 [debug] [MainThread]: Sending event: {'category': 'dbt', 'action': 'project_id', 'label': '458db83e-221c-41c7-8f62-e17e9118a0cf', 'context': [<snowplow_tracker.self_describing_json.SelfDescribingJson object at 0x10d5fa550>]}
[0m01:26:28.375340 [info ] [MainThread]: Warning: No packages were found in packages.yml
[0m01:26:28.377445 [info ] [MainThread]: Warning: No packages were found in packages.yml
[0m01:26:28.385717 [debug] [MainThread]: Resource report: {"command_name": "deps", "command_success": true, "command_wall_clock_time": 0.14310467, "process_in_blocks": "0", "process_kernel_time": 0.089124, "process_mem_max_rss": "122503168", "process_out_blocks": "0", "process_user_time": 0.643833}
[0m01:26:28.386088 [debug] [MainThread]: Command `cli deps` succeeded at 01:26:28.386022 after 0.14 seconds
[0m01:26:28.386280 [debug] [MainThread]: Sending event: {'category': 'dbt', 'action': 'invocation', 'label': 'end', 'context': [<snowplow_tracker.self_describing_json.SelfDescribingJson object at 0x10d5e0890>, <snowplow_tracker.self_describing_json.SelfDescribingJson object at 0x10d5557d0>, <snowplow_tracker.self_describing_json.SelfDescribingJson object at 0x10c4b79d0>]}
[0m01:26:28.386456 [debug] [MainThread]: Flushing usage events
[0m01:26:29.272027 [debug] [MainThread]: An error was encountered while trying to flush usage events
[0m01:33:19.499933 [debug] [MainThread]: Sending event: {'category': 'dbt', 'action': 'invocation', 'label': 'start', 'context': [<snowplow_tracker.self_describing_json.SelfDescribingJson object at 0x10e6ac2d0>, <snowplow_tracker.self_describing_json.SelfDescribingJson object at 0x10e7ae110>, <snowplow_tracker.self_describing_json.SelfDescribingJson object at 0x10e7aed90>]}


============================== 01:33:19.502334 | 2117997f-cd71-4582-839b-6b4cce2b6dc5 ==============================
[0m01:33:19.502334 [info ] [MainThread]: Running with dbt=1.12.5
[0m01:33:19.502623 [debug] [MainThread]: running dbt with arguments {'log_cache_events': 'False', 'quiet': 'False', 'introspect': 'True', 'write_json': 'True', 'use_experimental_parser': 'False', 'log_format': 'default', 'empty': 'False', 'static_parser': 'True', 'indirect_selection': 'eager', 'warn_error': 'None', 'partial_parse': 'True', 'send_anonymous_usage_stats': 'True', 'maximum_seed_size_mib': '1', 'invocation_command': 'dbt run', 'debug': 'False', 'cache_selected_only': 'False', 'use_colors': 'True', 'profiles_dir': '/Users/tanvigharbudve/.dbt', 'hints_enabled': 'True', 'no_print': 'None', 'printer_width': '80', 'log_path': '/Users/tanvigharbudve/Desktop/projects/hmart_sql/hmart/logs', 'target_path': 'None', 'fail_fast': 'False', 'warn_error_options': 'WarnErrorOptionsV2(error=[], warn=[], silence=[])', 'version_check': 'True'}
[0m01:33:19.766093 [debug] [MainThread]: Sending event: {'category': 'dbt', 'action': 'project_id', 'label': '2117997f-cd71-4582-839b-6b4cce2b6dc5', 'context': [<snowplow_tracker.self_describing_json.SelfDescribingJson object at 0x10f61ad90>]}
[0m01:33:19.790264 [debug] [MainThread]: Sending event: {'category': 'dbt', 'action': 'adapter_info', 'label': '2117997f-cd71-4582-839b-6b4cce2b6dc5', 'context': [<snowplow_tracker.self_describing_json.SelfDescribingJson object at 0x10d49fa90>]}
[0m01:33:19.790925 [info ] [MainThread]: Registered adapter: snowflake=1.9.0
[0m01:33:19.847118 [debug] [MainThread]: checksum: 45a02549dde2b41a1199d675c935f59a553ec318be0f791f50a7baabda8f1355, vars: {}, profile: hmart, target: dev, version: 1.12.5
[0m01:33:19.915051 [debug] [MainThread]: Partial parsing enabled: 0 files deleted, 0 files added, 0 files changed.
[0m01:33:19.915271 [debug] [MainThread]: Nothing changed, skipping partial parsing.
[0m01:33:19.915386 [debug] [MainThread]: Partial parsing enabled, no changes found, skipping parsing
[0m01:33:19.917742 [warn ] [MainThread]: [[33mWARNING[0m]: Configuration paths exist in your dbt_project.yml file which do not apply to any resources.
There are 1 unused configuration paths:
- models.hmart.example
[0m01:33:19.919617 [debug] [MainThread]: Sending event: {'category': 'dbt', 'action': 'load_project', 'label': '2117997f-cd71-4582-839b-6b4cce2b6dc5', 'context': [<snowplow_tracker.self_describing_json.SelfDescribingJson object at 0x10f9616d0>]}
[0m01:33:19.974258 [debug] [MainThread]: Wrote artifact WritableManifest to /Users/tanvigharbudve/Desktop/projects/hmart_sql/hmart/target/manifest.json
[0m01:33:19.975879 [debug] [MainThread]: Wrote artifact SemanticManifest to /Users/tanvigharbudve/Desktop/projects/hmart_sql/hmart/target/semantic_manifest.json
[0m01:33:19.987966 [debug] [MainThread]: Wrote artifact OsiDocument to /Users/tanvigharbudve/Desktop/projects/hmart_sql/hmart/target/osi_document.json
[0m01:33:19.993016 [debug] [MainThread]: Sending event: {'category': 'dbt', 'action': 'resource_counts', 'label': '2117997f-cd71-4582-839b-6b4cce2b6dc5', 'context': [<snowplow_tracker.self_describing_json.SelfDescribingJson object at 0x10f897ad0>]}
[0m01:33:19.993216 [info ] [MainThread]: Found 1 model, 514 macros
[0m01:33:19.993359 [debug] [MainThread]: Sending event: {'category': 'dbt', 'action': 'runnable_timing', 'label': '2117997f-cd71-4582-839b-6b4cce2b6dc5', 'context': [<snowplow_tracker.self_describing_json.SelfDescribingJson object at 0x10f897610>]}
[0m01:33:19.994023 [info ] [MainThread]: 
[0m01:33:19.994167 [info ] [MainThread]: Concurrency: 1 threads (target='dev')
[0m01:33:19.994281 [info ] [MainThread]: 
[0m01:33:19.994507 [debug] [MainThread]: Acquiring new snowflake connection 'master'
[0m01:33:19.994848 [debug] [ThreadPool]: Acquiring new snowflake connection 'list_HMART'
[0m01:33:20.037641 [debug] [ThreadPool]: Using snowflake connection "list_HMART"
[0m01:33:20.037836 [debug] [ThreadPool]: On list_HMART: /* {"app": "dbt", "dbt_version": "1.12.5", "profile_name": "hmart", "target_name": "dev", "connection_name": "list_HMART"} */
show terse schemas in database HMART
    limit 10000
[0m01:33:20.037951 [debug] [ThreadPool]: Opening a new connection, currently in state init
[0m01:33:20.826913 [debug] [ThreadPool]: Snowflake adapter: Error running SQL: /* {"app": "dbt", "dbt_version": "1.12.5", "profile_name": "hmart", "target_name": "dev", "connection_name": "list_HMART"} */
show terse schemas in database HMART
    limit 10000
[0m01:33:20.827578 [debug] [ThreadPool]: Snowflake adapter: Rolling back transaction.
[0m01:33:20.828049 [debug] [ThreadPool]: Snowflake adapter: Error running SQL: macro list_schemas
[0m01:33:20.828339 [debug] [ThreadPool]: Snowflake adapter: Rolling back transaction.
[0m01:33:20.829415 [debug] [MainThread]: Connection 'master' was properly closed.
[0m01:33:20.829835 [debug] [MainThread]: Connection 'list_HMART' was left open.
[0m01:33:20.830183 [debug] [MainThread]: On list_HMART: No close available on handle
[0m01:33:20.830619 [info ] [MainThread]: 
[0m01:33:20.831079 [info ] [MainThread]: Finished running  in 0 hours 0 minutes and 0.84 seconds (0.84s).
[0m01:33:20.831861 [error] [MainThread]: [[31mERROR[0m]: Encountered an error:
Runtime Error
  Database error while listing schemas in database "HMART"
  Database Error
    250001 (08001): Failed to connect to DB: CWVQDPW-JE55217.snowflakecomputing.com:443. Incorrect username or password was specified. [5729d987-b98e-46ce-a7ba-a351bc95b168]
[0m01:33:20.836382 [debug] [MainThread]: Resource report: {"command_name": "run", "command_success": false, "command_wall_clock_time": 1.3724715, "process_in_blocks": "0", "process_kernel_time": 0.22126, "process_mem_max_rss": "184336384", "process_out_blocks": "0", "process_user_time": 1.018415}
[0m01:33:20.837685 [debug] [MainThread]: Command `dbt run` failed at 01:33:20.837488 after 1.37 seconds
[0m01:33:20.838282 [debug] [MainThread]: Sending event: {'category': 'dbt', 'action': 'invocation', 'label': 'end', 'context': [<snowplow_tracker.self_describing_json.SelfDescribingJson object at 0x10e78ded0>, <snowplow_tracker.self_describing_json.SelfDescribingJson object at 0x10f80e790>, <snowplow_tracker.self_describing_json.SelfDescribingJson object at 0x1108352d0>]}
[0m01:33:20.838934 [debug] [MainThread]: Flushing usage events
[0m01:33:21.669128 [debug] [MainThread]: An error was encountered while trying to flush usage events
[0m01:33:43.181604 [debug] [MainThread]: Sending event: {'category': 'dbt', 'action': 'invocation', 'label': 'start', 'context': [<snowplow_tracker.self_describing_json.SelfDescribingJson object at 0x10c593750>, <snowplow_tracker.self_describing_json.SelfDescribingJson object at 0x10c680750>, <snowplow_tracker.self_describing_json.SelfDescribingJson object at 0x10c6a28d0>]}


============================== 01:33:43.184217 | aca9c38d-5a0e-4c09-b719-1b93366e9750 ==============================
[0m01:33:43.184217 [info ] [MainThread]: Running with dbt=1.12.5
[0m01:33:43.184486 [debug] [MainThread]: running dbt with arguments {'indirect_selection': 'eager', 'printer_width': '80', 'target_path': 'None', 'log_path': '/Users/tanvigharbudve/Desktop/projects/hmart_sql/hmart/logs', 'warn_error': 'None', 'debug': 'False', 'use_experimental_parser': 'False', 'log_cache_events': 'False', 'log_format': 'default', 'send_anonymous_usage_stats': 'True', 'fail_fast': 'False', 'hints_enabled': 'True', 'version_check': 'True', 'cache_selected_only': 'False', 'empty': 'False', 'static_parser': 'True', 'warn_error_options': 'WarnErrorOptionsV2(error=[], warn=[], silence=[])', 'no_print': 'None', 'invocation_command': 'dbt run', 'write_json': 'True', 'profiles_dir': '/Users/tanvigharbudve/.dbt', 'use_colors': 'True', 'partial_parse': 'True', 'quiet': 'False', 'maximum_seed_size_mib': '1', 'introspect': 'True'}
[0m01:33:43.380250 [debug] [MainThread]: Sending event: {'category': 'dbt', 'action': 'project_id', 'label': 'aca9c38d-5a0e-4c09-b719-1b93366e9750', 'context': [<snowplow_tracker.self_describing_json.SelfDescribingJson object at 0x10bb4fd90>]}
[0m01:33:43.405305 [debug] [MainThread]: Sending event: {'category': 'dbt', 'action': 'adapter_info', 'label': 'aca9c38d-5a0e-4c09-b719-1b93366e9750', 'context': [<snowplow_tracker.self_describing_json.SelfDescribingJson object at 0x10d5a39d0>]}
[0m01:33:43.405784 [info ] [MainThread]: Registered adapter: snowflake=1.9.0
[0m01:33:43.457251 [debug] [MainThread]: checksum: 45a02549dde2b41a1199d675c935f59a553ec318be0f791f50a7baabda8f1355, vars: {}, profile: hmart, target: dev, version: 1.12.5
[0m01:33:43.498563 [debug] [MainThread]: Partial parsing enabled: 0 files deleted, 0 files added, 0 files changed.
[0m01:33:43.498770 [debug] [MainThread]: Nothing changed, skipping partial parsing.
[0m01:33:43.498885 [debug] [MainThread]: Partial parsing enabled, no changes found, skipping parsing
[0m01:33:43.501216 [warn ] [MainThread]: [[33mWARNING[0m]: Configuration paths exist in your dbt_project.yml file which do not apply to any resources.
There are 1 unused configuration paths:
- models.hmart.example
[0m01:33:43.503042 [debug] [MainThread]: Sending event: {'category': 'dbt', 'action': 'load_project', 'label': 'aca9c38d-5a0e-4c09-b719-1b93366e9750', 'context': [<snowplow_tracker.self_describing_json.SelfDescribingJson object at 0x10d8659d0>]}
[0m01:33:43.544154 [debug] [MainThread]: Wrote artifact WritableManifest to /Users/tanvigharbudve/Desktop/projects/hmart_sql/hmart/target/manifest.json
[0m01:33:43.545842 [debug] [MainThread]: Wrote artifact SemanticManifest to /Users/tanvigharbudve/Desktop/projects/hmart_sql/hmart/target/semantic_manifest.json
[0m01:33:43.551739 [debug] [MainThread]: Wrote artifact OsiDocument to /Users/tanvigharbudve/Desktop/projects/hmart_sql/hmart/target/osi_document.json
[0m01:33:43.554798 [debug] [MainThread]: Sending event: {'category': 'dbt', 'action': 'resource_counts', 'label': 'aca9c38d-5a0e-4c09-b719-1b93366e9750', 'context': [<snowplow_tracker.self_describing_json.SelfDescribingJson object at 0x10d786e10>]}
[0m01:33:43.555001 [info ] [MainThread]: Found 1 model, 514 macros
[0m01:33:43.555149 [debug] [MainThread]: Sending event: {'category': 'dbt', 'action': 'runnable_timing', 'label': 'aca9c38d-5a0e-4c09-b719-1b93366e9750', 'context': [<snowplow_tracker.self_describing_json.SelfDescribingJson object at 0x10d786810>]}
[0m01:33:43.555800 [info ] [MainThread]: 
[0m01:33:43.555942 [info ] [MainThread]: Concurrency: 1 threads (target='dev')
[0m01:33:43.556056 [info ] [MainThread]: 
[0m01:33:43.556281 [debug] [MainThread]: Acquiring new snowflake connection 'master'
[0m01:33:43.556618 [debug] [ThreadPool]: Acquiring new snowflake connection 'list_HMART'
[0m01:33:43.581375 [debug] [ThreadPool]: Using snowflake connection "list_HMART"
[0m01:33:43.581581 [debug] [ThreadPool]: On list_HMART: /* {"app": "dbt", "dbt_version": "1.12.5", "profile_name": "hmart", "target_name": "dev", "connection_name": "list_HMART"} */
show terse schemas in database HMART
    limit 10000
[0m01:33:43.581699 [debug] [ThreadPool]: Opening a new connection, currently in state init
[0m01:33:44.314080 [debug] [ThreadPool]: Snowflake adapter: Error running SQL: /* {"app": "dbt", "dbt_version": "1.12.5", "profile_name": "hmart", "target_name": "dev", "connection_name": "list_HMART"} */
show terse schemas in database HMART
    limit 10000
[0m01:33:44.314999 [debug] [ThreadPool]: Snowflake adapter: Rolling back transaction.
[0m01:33:44.315608 [debug] [ThreadPool]: Snowflake adapter: Error running SQL: macro list_schemas
[0m01:33:44.315972 [debug] [ThreadPool]: Snowflake adapter: Rolling back transaction.
[0m01:33:44.317082 [debug] [MainThread]: Connection 'master' was properly closed.
[0m01:33:44.317504 [debug] [MainThread]: Connection 'list_HMART' was left open.
[0m01:33:44.317826 [debug] [MainThread]: On list_HMART: No close available on handle
[0m01:33:44.318164 [info ] [MainThread]: 
[0m01:33:44.318561 [info ] [MainThread]: Finished running  in 0 hours 0 minutes and 0.76 seconds (0.76s).
[0m01:33:44.319186 [error] [MainThread]: [[31mERROR[0m]: Encountered an error:
Runtime Error
  Database error while listing schemas in database "HMART"
  Database Error
    250001 (08001): Failed to connect to DB: CWVQDPW-JE55217.snowflakecomputing.com:443. Incorrect username or password was specified. [0ce33e40-8c3e-4662-a4cb-1d1e654b5abe]
[0m01:33:44.323078 [debug] [MainThread]: Resource report: {"command_name": "run", "command_success": false, "command_wall_clock_time": 1.1781126, "process_in_blocks": "0", "process_kernel_time": 0.204896, "process_mem_max_rss": "184664064", "process_out_blocks": "0", "process_user_time": 1.019264}
[0m01:33:44.324094 [debug] [MainThread]: Command `dbt run` failed at 01:33:44.324003 after 1.18 seconds
[0m01:33:44.324558 [debug] [MainThread]: Sending event: {'category': 'dbt', 'action': 'invocation', 'label': 'end', 'context': [<snowplow_tracker.self_describing_json.SelfDescribingJson object at 0x10c6a1f50>, <snowplow_tracker.self_describing_json.SelfDescribingJson object at 0x10d7ab6d0>, <snowplow_tracker.self_describing_json.SelfDescribingJson object at 0x10c4d2490>]}
[0m01:33:44.325054 [debug] [MainThread]: Flushing usage events
[0m01:33:45.127996 [debug] [MainThread]: An error was encountered while trying to flush usage events
[0m01:36:00.226278 [debug] [MainThread]: Sending event: {'category': 'dbt', 'action': 'invocation', 'label': 'start', 'context': [<snowplow_tracker.self_describing_json.SelfDescribingJson object at 0x10bbebbd0>, <snowplow_tracker.self_describing_json.SelfDescribingJson object at 0x10bcf1f50>, <snowplow_tracker.self_describing_json.SelfDescribingJson object at 0x10bcf2b50>]}


============================== 01:36:00.229308 | 6399afae-6797-436b-a57d-ee02ee99ea7b ==============================
[0m01:36:00.229308 [info ] [MainThread]: Running with dbt=1.12.5
[0m01:36:00.229591 [debug] [MainThread]: running dbt with arguments {'empty': 'False', 'cache_selected_only': 'False', 'hints_enabled': 'True', 'use_experimental_parser': 'False', 'introspect': 'True', 'log_cache_events': 'False', 'version_check': 'True', 'send_anonymous_usage_stats': 'True', 'debug': 'False', 'no_print': 'None', 'log_path': '/Users/tanvigharbudve/Desktop/projects/hmart_sql/hmart/logs', 'log_format': 'default', 'maximum_seed_size_mib': '1', 'partial_parse': 'True', 'static_parser': 'True', 'warn_error': 'None', 'invocation_command': 'dbt run', 'target_path': 'None', 'quiet': 'False', 'warn_error_options': 'WarnErrorOptionsV2(error=[], warn=[], silence=[])', 'use_colors': 'True', 'profiles_dir': '/Users/tanvigharbudve/.dbt', 'write_json': 'True', 'fail_fast': 'False', 'printer_width': '80', 'indirect_selection': 'eager'}
[0m01:36:00.480196 [debug] [MainThread]: Sending event: {'category': 'dbt', 'action': 'project_id', 'label': '6399afae-6797-436b-a57d-ee02ee99ea7b', 'context': [<snowplow_tracker.self_describing_json.SelfDescribingJson object at 0x10c983890>]}
[0m01:36:00.503994 [debug] [MainThread]: Sending event: {'category': 'dbt', 'action': 'adapter_info', 'label': '6399afae-6797-436b-a57d-ee02ee99ea7b', 'context': [<snowplow_tracker.self_describing_json.SelfDescribingJson object at 0x10a9dfa50>]}
[0m01:36:00.504534 [info ] [MainThread]: Registered adapter: snowflake=1.9.0
[0m01:36:00.559280 [debug] [MainThread]: checksum: 45a02549dde2b41a1199d675c935f59a553ec318be0f791f50a7baabda8f1355, vars: {}, profile: hmart, target: dev, version: 1.12.5
[0m01:36:00.624911 [debug] [MainThread]: Partial parsing enabled: 0 files deleted, 0 files added, 0 files changed.
[0m01:36:00.625097 [debug] [MainThread]: Nothing changed, skipping partial parsing.
[0m01:36:00.625256 [debug] [MainThread]: Partial parsing enabled, no changes found, skipping parsing
[0m01:36:00.627505 [warn ] [MainThread]: [[33mWARNING[0m]: Configuration paths exist in your dbt_project.yml file which do not apply to any resources.
There are 1 unused configuration paths:
- models.hmart.example
[0m01:36:00.629258 [debug] [MainThread]: Sending event: {'category': 'dbt', 'action': 'load_project', 'label': '6399afae-6797-436b-a57d-ee02ee99ea7b', 'context': [<snowplow_tracker.self_describing_json.SelfDescribingJson object at 0x10d01d0d0>]}
[0m01:36:00.667207 [debug] [MainThread]: Wrote artifact WritableManifest to /Users/tanvigharbudve/Desktop/projects/hmart_sql/hmart/target/manifest.json
[0m01:36:00.668836 [debug] [MainThread]: Wrote artifact SemanticManifest to /Users/tanvigharbudve/Desktop/projects/hmart_sql/hmart/target/semantic_manifest.json
[0m01:36:00.680862 [debug] [MainThread]: Wrote artifact OsiDocument to /Users/tanvigharbudve/Desktop/projects/hmart_sql/hmart/target/osi_document.json
[0m01:36:00.685636 [debug] [MainThread]: Sending event: {'category': 'dbt', 'action': 'resource_counts', 'label': '6399afae-6797-436b-a57d-ee02ee99ea7b', 'context': [<snowplow_tracker.self_describing_json.SelfDescribingJson object at 0x10cf09910>]}
[0m01:36:00.685843 [info ] [MainThread]: Found 1 model, 514 macros
[0m01:36:00.685982 [debug] [MainThread]: Sending event: {'category': 'dbt', 'action': 'runnable_timing', 'label': '6399afae-6797-436b-a57d-ee02ee99ea7b', 'context': [<snowplow_tracker.self_describing_json.SelfDescribingJson object at 0x10cf08fd0>]}
[0m01:36:00.686631 [info ] [MainThread]: 
[0m01:36:00.686769 [info ] [MainThread]: Concurrency: 1 threads (target='dev')
[0m01:36:00.686879 [info ] [MainThread]: 
[0m01:36:00.687102 [debug] [MainThread]: Acquiring new snowflake connection 'master'
[0m01:36:00.687444 [debug] [ThreadPool]: Acquiring new snowflake connection 'list_HMART'
[0m01:36:00.730521 [debug] [ThreadPool]: Using snowflake connection "list_HMART"
[0m01:36:00.730700 [debug] [ThreadPool]: On list_HMART: /* {"app": "dbt", "dbt_version": "1.12.5", "profile_name": "hmart", "target_name": "dev", "connection_name": "list_HMART"} */
show terse schemas in database HMART
    limit 10000
[0m01:36:00.730809 [debug] [ThreadPool]: Opening a new connection, currently in state init
[0m01:36:02.087829 [debug] [ThreadPool]: Snowflake adapter: Error running SQL: /* {"app": "dbt", "dbt_version": "1.12.5", "profile_name": "hmart", "target_name": "dev", "connection_name": "list_HMART"} */
show terse schemas in database HMART
    limit 10000
[0m01:36:02.088060 [debug] [ThreadPool]: Snowflake adapter: Rolling back transaction.
[0m01:36:02.088219 [debug] [ThreadPool]: Snowflake adapter: Error running SQL: macro list_schemas
[0m01:36:02.088327 [debug] [ThreadPool]: Snowflake adapter: Rolling back transaction.
[0m01:36:02.088698 [debug] [MainThread]: Connection 'master' was properly closed.
[0m01:36:02.088840 [debug] [MainThread]: Connection 'list_HMART' was left open.
[0m01:36:02.088955 [debug] [MainThread]: On list_HMART: No close available on handle
[0m01:36:02.089075 [info ] [MainThread]: 
[0m01:36:02.089225 [info ] [MainThread]: Finished running  in 0 hours 0 minutes and 1.40 seconds (1.40s).
[0m01:36:02.089476 [error] [MainThread]: [[31mERROR[0m]: Encountered an error:
Runtime Error
  Database error while listing schemas in database "HMART"
  Database Error
    250001 (08001): Failed to connect to DB: CWVQDPW-JE55217.snowflakecomputing.com:443. Incorrect username or password was specified. [c9ff5297-e8f5-4723-b062-1b77238b3483]
[0m01:36:02.091510 [debug] [MainThread]: Resource report: {"command_name": "run", "command_success": false, "command_wall_clock_time": 1.904973, "process_in_blocks": "0", "process_kernel_time": 0.242394, "process_mem_max_rss": "184664064", "process_out_blocks": "0", "process_user_time": 1.043417}
[0m01:36:02.091781 [debug] [MainThread]: Command `dbt run` failed at 01:36:02.091734 after 1.91 seconds
[0m01:36:02.092061 [debug] [MainThread]: Sending event: {'category': 'dbt', 'action': 'invocation', 'label': 'end', 'context': [<snowplow_tracker.self_describing_json.SelfDescribingJson object at 0x10bcd2310>, <snowplow_tracker.self_describing_json.SelfDescribingJson object at 0x10cf70250>, <snowplow_tracker.self_describing_json.SelfDescribingJson object at 0x10df712d0>]}
[0m01:36:02.092328 [debug] [MainThread]: Flushing usage events
[0m01:36:02.919512 [debug] [MainThread]: An error was encountered while trying to flush usage events
[0m01:42:03.810059 [debug] [MainThread]: Sending event: {'category': 'dbt', 'action': 'invocation', 'label': 'start', 'context': [<snowplow_tracker.self_describing_json.SelfDescribingJson object at 0x109a3b490>, <snowplow_tracker.self_describing_json.SelfDescribingJson object at 0x109ae3750>, <snowplow_tracker.self_describing_json.SelfDescribingJson object at 0x109b4a550>]}


============================== 01:42:03.813007 | 0e7763f2-e6b2-442e-ad13-49605dad4f99 ==============================
[0m01:42:03.813007 [info ] [MainThread]: Running with dbt=1.12.5
[0m01:42:03.813285 [debug] [MainThread]: running dbt with arguments {'profiles_dir': '/Users/tanvigharbudve/.dbt', 'cache_selected_only': 'False', 'use_colors': 'True', 'log_format': 'default', 'maximum_seed_size_mib': '1', 'write_json': 'True', 'use_experimental_parser': 'False', 'target_path': 'None', 'warn_error_options': 'WarnErrorOptionsV2(error=[], warn=[], silence=[])', 'introspect': 'True', 'log_cache_events': 'False', 'no_print': 'None', 'version_check': 'True', 'hints_enabled': 'True', 'invocation_command': 'dbt run', 'send_anonymous_usage_stats': 'True', 'empty': 'False', 'indirect_selection': 'eager', 'fail_fast': 'False', 'warn_error': 'None', 'log_path': '/Users/tanvigharbudve/Desktop/projects/hmart_sql/hmart/logs', 'static_parser': 'True', 'partial_parse': 'True', 'printer_width': '80', 'quiet': 'False', 'debug': 'False'}
[0m01:42:04.064714 [debug] [MainThread]: Sending event: {'category': 'dbt', 'action': 'project_id', 'label': '0e7763f2-e6b2-442e-ad13-49605dad4f99', 'context': [<snowplow_tracker.self_describing_json.SelfDescribingJson object at 0x10a973850>]}
[0m01:42:04.089484 [debug] [MainThread]: Sending event: {'category': 'dbt', 'action': 'adapter_info', 'label': '0e7763f2-e6b2-442e-ad13-49605dad4f99', 'context': [<snowplow_tracker.self_describing_json.SelfDescribingJson object at 0x10883bc10>]}
[0m01:42:04.090100 [info ] [MainThread]: Registered adapter: snowflake=1.9.0
[0m01:42:04.144517 [debug] [MainThread]: checksum: 45a02549dde2b41a1199d675c935f59a553ec318be0f791f50a7baabda8f1355, vars: {}, profile: hmart, target: dev, version: 1.12.5
[0m01:42:04.208080 [debug] [MainThread]: Partial parsing enabled: 0 files deleted, 0 files added, 0 files changed.
[0m01:42:04.208252 [debug] [MainThread]: Nothing changed, skipping partial parsing.
[0m01:42:04.208361 [debug] [MainThread]: Partial parsing enabled, no changes found, skipping parsing
[0m01:42:04.210485 [warn ] [MainThread]: [[33mWARNING[0m]: Configuration paths exist in your dbt_project.yml file which do not apply to any resources.
There are 1 unused configuration paths:
- models.hmart.example
[0m01:42:04.212172 [debug] [MainThread]: Sending event: {'category': 'dbt', 'action': 'load_project', 'label': '0e7763f2-e6b2-442e-ad13-49605dad4f99', 'context': [<snowplow_tracker.self_describing_json.SelfDescribingJson object at 0x10aea1e90>]}
[0m01:42:04.250510 [debug] [MainThread]: Wrote artifact WritableManifest to /Users/tanvigharbudve/Desktop/projects/hmart_sql/hmart/target/manifest.json
[0m01:42:04.252016 [debug] [MainThread]: Wrote artifact SemanticManifest to /Users/tanvigharbudve/Desktop/projects/hmart_sql/hmart/target/semantic_manifest.json
[0m01:42:04.263451 [debug] [MainThread]: Wrote artifact OsiDocument to /Users/tanvigharbudve/Desktop/projects/hmart_sql/hmart/target/osi_document.json
[0m01:42:04.268230 [debug] [MainThread]: Sending event: {'category': 'dbt', 'action': 'resource_counts', 'label': '0e7763f2-e6b2-442e-ad13-49605dad4f99', 'context': [<snowplow_tracker.self_describing_json.SelfDescribingJson object at 0x10ad5ef90>]}
[0m01:42:04.268444 [info ] [MainThread]: Found 1 model, 514 macros
[0m01:42:04.268589 [debug] [MainThread]: Sending event: {'category': 'dbt', 'action': 'runnable_timing', 'label': '0e7763f2-e6b2-442e-ad13-49605dad4f99', 'context': [<snowplow_tracker.self_describing_json.SelfDescribingJson object at 0x109a40350>]}
[0m01:42:04.269254 [info ] [MainThread]: 
[0m01:42:04.269396 [info ] [MainThread]: Concurrency: 1 threads (target='dev')
[0m01:42:04.269507 [info ] [MainThread]: 
[0m01:42:04.269732 [debug] [MainThread]: Acquiring new snowflake connection 'master'
[0m01:42:04.270089 [debug] [ThreadPool]: Acquiring new snowflake connection 'list_HMART'
[0m01:42:04.297392 [debug] [ThreadPool]: Using snowflake connection "list_HMART"
[0m01:42:04.297571 [debug] [ThreadPool]: On list_HMART: /* {"app": "dbt", "dbt_version": "1.12.5", "profile_name": "hmart", "target_name": "dev", "connection_name": "list_HMART"} */
show terse schemas in database HMART
    limit 10000
[0m01:42:04.297682 [debug] [ThreadPool]: Opening a new connection, currently in state init
[0m01:42:05.880770 [debug] [ThreadPool]: SQL status: SUCCESS 3 in 1.583 seconds
[0m01:42:05.884524 [debug] [ThreadPool]: Re-using an available connection from the pool (formerly list_HMART, now list_HMART_RAW)
[0m01:42:05.895788 [debug] [ThreadPool]: Using snowflake connection "list_HMART_RAW"
[0m01:42:05.896221 [debug] [ThreadPool]: On list_HMART_RAW: /* {"app": "dbt", "dbt_version": "1.12.5", "profile_name": "hmart", "target_name": "dev", "connection_name": "list_HMART_RAW"} */
show objects in HMART.RAW limit 10000;
[0m01:42:06.071273 [debug] [ThreadPool]: SQL status: SUCCESS 5 in 0.175 seconds
[0m01:42:06.075457 [debug] [MainThread]: Sending event: {'category': 'dbt', 'action': 'runnable_timing', 'label': '0e7763f2-e6b2-442e-ad13-49605dad4f99', 'context': [<snowplow_tracker.self_describing_json.SelfDescribingJson object at 0x1117d7290>]}
[0m01:42:06.078999 [debug] [Thread-1 (]: Began running node model.hmart.src_customers
[0m01:42:06.079478 [info ] [Thread-1 (]: 1 of 1 START sql view model RAW.src_customers .................................. [RUN]
[0m01:42:06.079871 [debug] [Thread-1 (]: Re-using an available connection from the pool (formerly list_HMART_RAW, now model.hmart.src_customers)
[0m01:42:06.080145 [debug] [Thread-1 (]: Began compiling node model.hmart.src_customers
[0m01:42:06.084542 [debug] [Thread-1 (]: Writing injected SQL for node "model.hmart.src_customers"
[0m01:42:06.085403 [debug] [Thread-1 (]: Began executing node model.hmart.src_customers
[0m01:42:06.103572 [debug] [Thread-1 (]: Writing runtime sql for node "model.hmart.src_customers"
[0m01:42:06.104604 [debug] [Thread-1 (]: Using snowflake connection "model.hmart.src_customers"
[0m01:42:06.104833 [debug] [Thread-1 (]: On model.hmart.src_customers: /* {"app": "dbt", "dbt_version": "1.12.5", "profile_name": "hmart", "target_name": "dev", "node_id": "model.hmart.src_customers"} */
create or replace   view HMART.RAW.src_customers
  
   as (
    WITH raw_customers as (
    SELECT * FROM HMART.RAW.RAW_CUSTOMERS
)

SELECT 
    customer_id,
    CONCAT(first_name, ' ', last_name) as customer_name,
    email,
    phone,
    country,
    city,
    gender,
    birth_date,
    signup_date,
    loyalty_tier,
    is_active,
    email_missing
FROM raw_customers;
[0m01:42:06.248733 [debug] [Thread-1 (]: Snowflake adapter: Snowflake query id: 01c7343c-000e-01a7-0002-42760001056e
[0m01:42:06.249392 [debug] [Thread-1 (]: Snowflake adapter: Snowflake error: 001003 (42000): SQL compilation error:
syntax error line 21 at position 18 unexpected ';'.
[0m01:42:06.254172 [debug] [Thread-1 (]: Database Error in model src_customers (models/staging/src_customers.sql)
  001003 (42000): SQL compilation error:
  syntax error line 21 at position 18 unexpected ';'.
  compiled code at target/run/hmart/models/staging/src_customers.sql
[0m01:42:06.256532 [debug] [Thread-1 (]: Sending event: {'category': 'dbt', 'action': 'run_model', 'label': '0e7763f2-e6b2-442e-ad13-49605dad4f99', 'context': [<snowplow_tracker.self_describing_json.SelfDescribingJson object at 0x10987fc10>]}
[0m01:42:06.257341 [error] [Thread-1 (]: 1 of 1 ERROR creating sql view model RAW.src_customers ......................... [[31mERROR[0m in 0.17s]
[0m01:42:06.257879 [debug] [Thread-1 (]: Finished running node model.hmart.src_customers
[0m01:42:06.258354 [debug] [Thread-4 (]: Marking all children of 'model.hmart.src_customers' to be skipped because of status 'error'.  Reason: Database Error in model src_customers (models/staging/src_customers.sql)
  001003 (42000): SQL compilation error:
  syntax error line 21 at position 18 unexpected ';'.
  compiled code at target/run/hmart/models/staging/src_customers.sql.
[0m01:42:06.260297 [debug] [MainThread]: Connection 'master' was properly closed.
[0m01:42:06.260743 [debug] [MainThread]: Connection 'model.hmart.src_customers' was left open.
[0m01:42:06.261081 [debug] [MainThread]: On model.hmart.src_customers: Close
[0m01:42:06.483718 [info ] [MainThread]: 
[0m01:42:06.484582 [info ] [MainThread]: Finished running 1 view model in 0 hours 0 minutes and 2.21 seconds (2.21s).
[0m01:42:06.485526 [debug] [MainThread]: Command end result
[0m01:42:06.520331 [debug] [MainThread]: Wrote artifact WritableManifest to /Users/tanvigharbudve/Desktop/projects/hmart_sql/hmart/target/manifest.json
[0m01:42:06.522301 [debug] [MainThread]: Wrote artifact SemanticManifest to /Users/tanvigharbudve/Desktop/projects/hmart_sql/hmart/target/semantic_manifest.json
[0m01:42:06.524037 [debug] [MainThread]: Wrote artifact OsiDocument to /Users/tanvigharbudve/Desktop/projects/hmart_sql/hmart/target/osi_document.json
[0m01:42:06.528297 [debug] [MainThread]: Wrote artifact RunExecutionResult to /Users/tanvigharbudve/Desktop/projects/hmart_sql/hmart/target/run_results.json
[0m01:42:06.528492 [info ] [MainThread]: 
[0m01:42:06.528722 [info ] [MainThread]: [31mCompleted with 1 error, 0 partial successes, and 0 warnings:[0m
[0m01:42:06.528908 [info ] [MainThread]: 
[0m01:42:06.529115 [error] [MainThread]: [[31mERROR[0m]: in model src_customers (models/staging/src_customers.sql)
[0m01:42:06.529316 [error] [MainThread]:   Database Error in model src_customers (models/staging/src_customers.sql)
  001003 (42000): SQL compilation error:
  syntax error line 21 at position 18 unexpected ';'.
  compiled code at target/run/hmart/models/staging/src_customers.sql
[0m01:42:06.529482 [info ] [MainThread]: 
[0m01:42:06.529669 [info ] [MainThread]:   compiled code at target/compiled/hmart/models/staging/src_customers.sql
[0m01:42:06.529837 [info ] [MainThread]: 
[0m01:42:06.530015 [info ] [MainThread]: Done. PASS=0 WARN=0 ERROR=1 SKIP=0 NO-OP=0 REUSED=0 TOTAL=1
[0m01:42:06.532418 [debug] [MainThread]: Resource report: {"command_name": "run", "command_success": false, "command_wall_clock_time": 2.7629485, "process_in_blocks": "0", "process_kernel_time": 0.235849, "process_mem_max_rss": "185384960", "process_out_blocks": "0", "process_user_time": 1.164491}
[0m01:42:06.532728 [debug] [MainThread]: Command `dbt run` failed at 01:42:06.532686 after 2.76 seconds
[0m01:42:06.532935 [debug] [MainThread]: Sending event: {'category': 'dbt', 'action': 'invocation', 'label': 'end', 'context': [<snowplow_tracker.self_describing_json.SelfDescribingJson object at 0x109a3a110>, <snowplow_tracker.self_describing_json.SelfDescribingJson object at 0x109a3ae50>, <snowplow_tracker.self_describing_json.SelfDescribingJson object at 0x109a423d0>]}
[0m01:42:06.533117 [debug] [MainThread]: Flushing usage events
[0m01:42:07.354358 [debug] [MainThread]: An error was encountered while trying to flush usage events
[0m18:10:46.748436 [debug] [MainThread]: Sending event: {'category': 'dbt', 'action': 'invocation', 'label': 'start', 'context': [<snowplow_tracker.self_describing_json.SelfDescribingJson object at 0x10c058910>, <snowplow_tracker.self_describing_json.SelfDescribingJson object at 0x10c161c50>, <snowplow_tracker.self_describing_json.SelfDescribingJson object at 0x10c162b90>]}


============================== 18:10:46.751960 | dc77b084-6701-4a09-b4eb-fa974e3334d7 ==============================
[0m18:10:46.751960 [info ] [MainThread]: Running with dbt=1.12.5
[0m18:10:46.752240 [debug] [MainThread]: running dbt with arguments {'use_experimental_parser': 'False', 'warn_error': 'None', 'send_anonymous_usage_stats': 'True', 'log_path': '/Users/tanvigharbudve/Desktop/projects/hmart_sql/hmart/logs', 'indirect_selection': 'eager', 'quiet': 'False', 'empty': 'False', 'static_parser': 'True', 'profiles_dir': '/Users/tanvigharbudve/.dbt', 'no_print': 'None', 'printer_width': '80', 'fail_fast': 'False', 'partial_parse': 'True', 'hints_enabled': 'True', 'invocation_command': 'dbt run', 'version_check': 'True', 'cache_selected_only': 'False', 'introspect': 'True', 'use_colors': 'True', 'maximum_seed_size_mib': '1', 'write_json': 'True', 'log_format': 'default', 'log_cache_events': 'False', 'warn_error_options': 'WarnErrorOptionsV2(error=[], warn=[], silence=[])', 'debug': 'False', 'target_path': 'None'}
[0m18:10:47.022462 [debug] [MainThread]: Sending event: {'category': 'dbt', 'action': 'project_id', 'label': 'dc77b084-6701-4a09-b4eb-fa974e3334d7', 'context': [<snowplow_tracker.self_describing_json.SelfDescribingJson object at 0x10cea3b90>]}
[0m18:10:47.046767 [debug] [MainThread]: Sending event: {'category': 'dbt', 'action': 'adapter_info', 'label': 'dc77b084-6701-4a09-b4eb-fa974e3334d7', 'context': [<snowplow_tracker.self_describing_json.SelfDescribingJson object at 0x10ae53d50>]}
[0m18:10:47.047447 [info ] [MainThread]: Registered adapter: snowflake=1.9.0
[0m18:10:47.102760 [debug] [MainThread]: checksum: 45a02549dde2b41a1199d675c935f59a553ec318be0f791f50a7baabda8f1355, vars: {}, profile: hmart, target: dev, version: 1.12.5
[0m18:10:47.171756 [debug] [MainThread]: Partial parsing enabled: 0 files deleted, 0 files added, 0 files changed.
[0m18:10:47.171958 [debug] [MainThread]: Nothing changed, skipping partial parsing.
[0m18:10:47.172069 [debug] [MainThread]: Partial parsing enabled, no changes found, skipping parsing
[0m18:10:47.174363 [warn ] [MainThread]: [[33mWARNING[0m]: Configuration paths exist in your dbt_project.yml file which do not apply to any resources.
There are 1 unused configuration paths:
- models.hmart.example
[0m18:10:47.176163 [debug] [MainThread]: Sending event: {'category': 'dbt', 'action': 'load_project', 'label': 'dc77b084-6701-4a09-b4eb-fa974e3334d7', 'context': [<snowplow_tracker.self_describing_json.SelfDescribingJson object at 0x10d37f250>]}
[0m18:10:47.215887 [debug] [MainThread]: Wrote artifact WritableManifest to /Users/tanvigharbudve/Desktop/projects/hmart_sql/hmart/target/manifest.json
[0m18:10:47.217626 [debug] [MainThread]: Wrote artifact SemanticManifest to /Users/tanvigharbudve/Desktop/projects/hmart_sql/hmart/target/semantic_manifest.json
[0m18:10:47.230128 [debug] [MainThread]: Wrote artifact OsiDocument to /Users/tanvigharbudve/Desktop/projects/hmart_sql/hmart/target/osi_document.json
[0m18:10:47.235249 [debug] [MainThread]: Sending event: {'category': 'dbt', 'action': 'resource_counts', 'label': 'dc77b084-6701-4a09-b4eb-fa974e3334d7', 'context': [<snowplow_tracker.self_describing_json.SelfDescribingJson object at 0x10d250990>]}
[0m18:10:47.235436 [info ] [MainThread]: Found 1 model, 514 macros
[0m18:10:47.235577 [debug] [MainThread]: Sending event: {'category': 'dbt', 'action': 'runnable_timing', 'label': 'dc77b084-6701-4a09-b4eb-fa974e3334d7', 'context': [<snowplow_tracker.self_describing_json.SelfDescribingJson object at 0x10d18ee90>]}
[0m18:10:47.236243 [info ] [MainThread]: 
[0m18:10:47.236386 [info ] [MainThread]: Concurrency: 1 threads (target='dev')
[0m18:10:47.236499 [info ] [MainThread]: 
[0m18:10:47.236719 [debug] [MainThread]: Acquiring new snowflake connection 'master'
[0m18:10:47.237063 [debug] [ThreadPool]: Acquiring new snowflake connection 'list_HMART'
[0m18:10:47.275038 [debug] [ThreadPool]: Using snowflake connection "list_HMART"
[0m18:10:47.275230 [debug] [ThreadPool]: On list_HMART: /* {"app": "dbt", "dbt_version": "1.12.5", "profile_name": "hmart", "target_name": "dev", "connection_name": "list_HMART"} */
show terse schemas in database HMART
    limit 10000
[0m18:10:47.275341 [debug] [ThreadPool]: Opening a new connection, currently in state init
[0m18:10:48.946311 [debug] [ThreadPool]: SQL status: SUCCESS 3 in 1.671 seconds
[0m18:10:48.950097 [debug] [ThreadPool]: Re-using an available connection from the pool (formerly list_HMART, now list_HMART_RAW)
[0m18:10:48.959619 [debug] [ThreadPool]: Using snowflake connection "list_HMART_RAW"
[0m18:10:48.959947 [debug] [ThreadPool]: On list_HMART_RAW: /* {"app": "dbt", "dbt_version": "1.12.5", "profile_name": "hmart", "target_name": "dev", "connection_name": "list_HMART_RAW"} */
show objects in HMART.RAW limit 10000;
[0m18:10:49.202731 [debug] [ThreadPool]: SQL status: SUCCESS 5 in 0.242 seconds
[0m18:10:49.208382 [debug] [MainThread]: Sending event: {'category': 'dbt', 'action': 'runnable_timing', 'label': 'dc77b084-6701-4a09-b4eb-fa974e3334d7', 'context': [<snowplow_tracker.self_describing_json.SelfDescribingJson object at 0x10d1cd550>]}
[0m18:10:49.211457 [debug] [Thread-1 (]: Began running node model.hmart.src_customers
[0m18:10:49.211936 [info ] [Thread-1 (]: 1 of 1 START sql view model RAW.src_customers .................................. [RUN]
[0m18:10:49.212432 [debug] [Thread-1 (]: Re-using an available connection from the pool (formerly list_HMART_RAW, now model.hmart.src_customers)
[0m18:10:49.212784 [debug] [Thread-1 (]: Began compiling node model.hmart.src_customers
[0m18:10:49.217861 [debug] [Thread-1 (]: Writing injected SQL for node "model.hmart.src_customers"
[0m18:10:49.219011 [debug] [Thread-1 (]: Began executing node model.hmart.src_customers
[0m18:10:49.238895 [debug] [Thread-1 (]: Writing runtime sql for node "model.hmart.src_customers"
[0m18:10:49.239920 [debug] [Thread-1 (]: Using snowflake connection "model.hmart.src_customers"
[0m18:10:49.240158 [debug] [Thread-1 (]: On model.hmart.src_customers: /* {"app": "dbt", "dbt_version": "1.12.5", "profile_name": "hmart", "target_name": "dev", "node_id": "model.hmart.src_customers"} */
create or replace   view HMART.RAW.src_customers
  
   as (
    WITH raw_customers as (
    SELECT * FROM HMART.RAW.RAW_CUSTOMERS
)

SELECT 
    customer_id,
    CONCAT(first_name, ' ', last_name) as customer_name,
    email,
    phone,
    country,
    city,
    gender,
    birth_date,
    signup_date,
    loyalty_tier,
    is_active,
    email_missing
FROM raw_customers;
[0m18:10:49.365036 [debug] [Thread-1 (]: Snowflake adapter: Snowflake query id: 01c73818-000e-01c9-0002-42760001b09e
[0m18:10:49.365679 [debug] [Thread-1 (]: Snowflake adapter: Snowflake error: 001003 (42000): SQL compilation error:
syntax error line 21 at position 18 unexpected ';'.
[0m18:10:49.370846 [debug] [Thread-1 (]: Database Error in model src_customers (models/staging/src_customers.sql)
  001003 (42000): SQL compilation error:
  syntax error line 21 at position 18 unexpected ';'.
  compiled code at target/run/hmart/models/staging/src_customers.sql
[0m18:10:49.373387 [debug] [Thread-1 (]: Sending event: {'category': 'dbt', 'action': 'run_model', 'label': 'dc77b084-6701-4a09-b4eb-fa974e3334d7', 'context': [<snowplow_tracker.self_describing_json.SelfDescribingJson object at 0x113b1d7d0>]}
[0m18:10:49.374231 [error] [Thread-1 (]: 1 of 1 ERROR creating sql view model RAW.src_customers ......................... [[31mERROR[0m in 0.16s]
[0m18:10:49.374977 [debug] [Thread-1 (]: Finished running node model.hmart.src_customers
[0m18:10:49.375580 [debug] [Thread-4 (]: Marking all children of 'model.hmart.src_customers' to be skipped because of status 'error'.  Reason: Database Error in model src_customers (models/staging/src_customers.sql)
  001003 (42000): SQL compilation error:
  syntax error line 21 at position 18 unexpected ';'.
  compiled code at target/run/hmart/models/staging/src_customers.sql.
[0m18:10:49.377192 [debug] [MainThread]: Connection 'master' was properly closed.
[0m18:10:49.377476 [debug] [MainThread]: Connection 'model.hmart.src_customers' was left open.
[0m18:10:49.377741 [debug] [MainThread]: On model.hmart.src_customers: Close
[0m18:10:49.587604 [info ] [MainThread]: 
[0m18:10:49.588516 [info ] [MainThread]: Finished running 1 view model in 0 hours 0 minutes and 2.35 seconds (2.35s).
[0m18:10:49.589468 [debug] [MainThread]: Command end result
[0m18:10:49.625249 [debug] [MainThread]: Wrote artifact WritableManifest to /Users/tanvigharbudve/Desktop/projects/hmart_sql/hmart/target/manifest.json
[0m18:10:49.627235 [debug] [MainThread]: Wrote artifact SemanticManifest to /Users/tanvigharbudve/Desktop/projects/hmart_sql/hmart/target/semantic_manifest.json
[0m18:10:49.628828 [debug] [MainThread]: Wrote artifact OsiDocument to /Users/tanvigharbudve/Desktop/projects/hmart_sql/hmart/target/osi_document.json
[0m18:10:49.633337 [debug] [MainThread]: Wrote artifact RunExecutionResult to /Users/tanvigharbudve/Desktop/projects/hmart_sql/hmart/target/run_results.json
[0m18:10:49.633532 [info ] [MainThread]: 
[0m18:10:49.633770 [info ] [MainThread]: [31mCompleted with 1 error, 0 partial successes, and 0 warnings:[0m
[0m18:10:49.633960 [info ] [MainThread]: 
[0m18:10:49.634179 [error] [MainThread]: [[31mERROR[0m]: in model src_customers (models/staging/src_customers.sql)
[0m18:10:49.634384 [error] [MainThread]:   Database Error in model src_customers (models/staging/src_customers.sql)
  001003 (42000): SQL compilation error:
  syntax error line 21 at position 18 unexpected ';'.
  compiled code at target/run/hmart/models/staging/src_customers.sql
[0m18:10:49.634570 [info ] [MainThread]: 
[0m18:10:49.634767 [info ] [MainThread]:   compiled code at target/compiled/hmart/models/staging/src_customers.sql
[0m18:10:49.634932 [info ] [MainThread]: 
[0m18:10:49.635122 [info ] [MainThread]: Done. PASS=0 WARN=0 ERROR=1 SKIP=0 NO-OP=0 REUSED=0 TOTAL=1
[0m18:10:49.637156 [debug] [MainThread]: Resource report: {"command_name": "run", "command_success": false, "command_wall_clock_time": 2.9324875, "process_in_blocks": "0", "process_kernel_time": 0.253401, "process_mem_max_rss": "186515456", "process_out_blocks": "0", "process_user_time": 1.169352}
[0m18:10:49.637474 [debug] [MainThread]: Command `dbt run` failed at 18:10:49.637414 after 2.93 seconds
[0m18:10:49.637736 [debug] [MainThread]: Sending event: {'category': 'dbt', 'action': 'invocation', 'label': 'end', 'context': [<snowplow_tracker.self_describing_json.SelfDescribingJson object at 0x10c0588d0>, <snowplow_tracker.self_describing_json.SelfDescribingJson object at 0x10bf6ef50>, <snowplow_tracker.self_describing_json.SelfDescribingJson object at 0x113f2d950>]}
[0m18:10:49.637942 [debug] [MainThread]: Flushing usage events
[0m18:10:50.518063 [debug] [MainThread]: An error was encountered while trying to flush usage events
[0m18:11:23.548341 [debug] [MainThread]: Sending event: {'category': 'dbt', 'action': 'invocation', 'label': 'start', 'context': [<snowplow_tracker.self_describing_json.SelfDescribingJson object at 0x10c417610>, <snowplow_tracker.self_describing_json.SelfDescribingJson object at 0x10c51e350>, <snowplow_tracker.self_describing_json.SelfDescribingJson object at 0x10c51f010>]}


============================== 18:11:23.550943 | 86f972e4-7ed3-42c4-8ab5-405d1d8897b2 ==============================
[0m18:11:23.550943 [info ] [MainThread]: Running with dbt=1.12.5
[0m18:11:23.551213 [debug] [MainThread]: running dbt with arguments {'printer_width': '80', 'use_colors': 'True', 'static_parser': 'True', 'indirect_selection': 'eager', 'log_path': '/Users/tanvigharbudve/Desktop/projects/hmart_sql/hmart/logs', 'empty': 'False', 'send_anonymous_usage_stats': 'True', 'maximum_seed_size_mib': '1', 'log_cache_events': 'False', 'introspect': 'True', 'quiet': 'False', 'partial_parse': 'True', 'hints_enabled': 'True', 'version_check': 'True', 'profiles_dir': '/Users/tanvigharbudve/.dbt', 'warn_error_options': 'WarnErrorOptionsV2(error=[], warn=[], silence=[])', 'target_path': 'None', 'log_format': 'default', 'warn_error': 'None', 'debug': 'False', 'use_experimental_parser': 'False', 'invocation_command': 'dbt run', 'fail_fast': 'False', 'no_print': 'None', 'cache_selected_only': 'False', 'write_json': 'True'}
[0m18:11:23.784976 [debug] [MainThread]: Sending event: {'category': 'dbt', 'action': 'project_id', 'label': '86f972e4-7ed3-42c4-8ab5-405d1d8897b2', 'context': [<snowplow_tracker.self_describing_json.SelfDescribingJson object at 0x10d25ba50>]}
[0m18:11:23.809378 [debug] [MainThread]: Sending event: {'category': 'dbt', 'action': 'adapter_info', 'label': '86f972e4-7ed3-42c4-8ab5-405d1d8897b2', 'context': [<snowplow_tracker.self_describing_json.SelfDescribingJson object at 0x10d1e6010>]}
[0m18:11:23.810689 [info ] [MainThread]: Registered adapter: snowflake=1.9.0
[0m18:11:23.866050 [debug] [MainThread]: checksum: 45a02549dde2b41a1199d675c935f59a553ec318be0f791f50a7baabda8f1355, vars: {}, profile: hmart, target: dev, version: 1.12.5
[0m18:11:23.908485 [debug] [MainThread]: Partial parsing enabled: 0 files deleted, 0 files added, 0 files changed.
[0m18:11:23.908695 [debug] [MainThread]: Nothing changed, skipping partial parsing.
[0m18:11:23.908811 [debug] [MainThread]: Partial parsing enabled, no changes found, skipping parsing
[0m18:11:23.911192 [warn ] [MainThread]: [[33mWARNING[0m]: Configuration paths exist in your dbt_project.yml file which do not apply to any resources.
There are 1 unused configuration paths:
- models.hmart.example
[0m18:11:23.913125 [debug] [MainThread]: Sending event: {'category': 'dbt', 'action': 'load_project', 'label': '86f972e4-7ed3-42c4-8ab5-405d1d8897b2', 'context': [<snowplow_tracker.self_describing_json.SelfDescribingJson object at 0x10d6dd990>]}
[0m18:11:23.952712 [debug] [MainThread]: Wrote artifact WritableManifest to /Users/tanvigharbudve/Desktop/projects/hmart_sql/hmart/target/manifest.json
[0m18:11:23.954098 [debug] [MainThread]: Wrote artifact SemanticManifest to /Users/tanvigharbudve/Desktop/projects/hmart_sql/hmart/target/semantic_manifest.json
[0m18:11:23.964938 [debug] [MainThread]: Wrote artifact OsiDocument to /Users/tanvigharbudve/Desktop/projects/hmart_sql/hmart/target/osi_document.json
[0m18:11:23.969809 [debug] [MainThread]: Sending event: {'category': 'dbt', 'action': 'resource_counts', 'label': '86f972e4-7ed3-42c4-8ab5-405d1d8897b2', 'context': [<snowplow_tracker.self_describing_json.SelfDescribingJson object at 0x10d60c0d0>]}
[0m18:11:23.970031 [info ] [MainThread]: Found 1 model, 514 macros
[0m18:11:23.970182 [debug] [MainThread]: Sending event: {'category': 'dbt', 'action': 'runnable_timing', 'label': '86f972e4-7ed3-42c4-8ab5-405d1d8897b2', 'context': [<snowplow_tracker.self_describing_json.SelfDescribingJson object at 0x10d603ad0>]}
[0m18:11:23.970917 [info ] [MainThread]: 
[0m18:11:23.971086 [info ] [MainThread]: Concurrency: 1 threads (target='dev')
[0m18:11:23.971208 [info ] [MainThread]: 
[0m18:11:23.971443 [debug] [MainThread]: Acquiring new snowflake connection 'master'
[0m18:11:23.971808 [debug] [ThreadPool]: Acquiring new snowflake connection 'list_HMART'
[0m18:11:23.998549 [debug] [ThreadPool]: Using snowflake connection "list_HMART"
[0m18:11:23.998733 [debug] [ThreadPool]: On list_HMART: /* {"app": "dbt", "dbt_version": "1.12.5", "profile_name": "hmart", "target_name": "dev", "connection_name": "list_HMART"} */
show terse schemas in database HMART
    limit 10000
[0m18:11:23.998842 [debug] [ThreadPool]: Opening a new connection, currently in state init
[0m18:11:25.734589 [debug] [ThreadPool]: SQL status: SUCCESS 3 in 1.736 seconds
[0m18:11:25.736876 [debug] [ThreadPool]: Re-using an available connection from the pool (formerly list_HMART, now list_HMART_RAW)
[0m18:11:25.744772 [debug] [ThreadPool]: Using snowflake connection "list_HMART_RAW"
[0m18:11:25.745070 [debug] [ThreadPool]: On list_HMART_RAW: /* {"app": "dbt", "dbt_version": "1.12.5", "profile_name": "hmart", "target_name": "dev", "connection_name": "list_HMART_RAW"} */
show objects in HMART.RAW limit 10000;
[0m18:11:26.001164 [debug] [ThreadPool]: SQL status: SUCCESS 5 in 0.256 seconds
[0m18:11:26.004545 [debug] [MainThread]: Sending event: {'category': 'dbt', 'action': 'runnable_timing', 'label': '86f972e4-7ed3-42c4-8ab5-405d1d8897b2', 'context': [<snowplow_tracker.self_describing_json.SelfDescribingJson object at 0x10e73add0>]}
[0m18:11:26.007554 [debug] [Thread-1 (]: Began running node model.hmart.src_customers
[0m18:11:26.008163 [info ] [Thread-1 (]: 1 of 1 START sql view model RAW.src_customers .................................. [RUN]
[0m18:11:26.008678 [debug] [Thread-1 (]: Re-using an available connection from the pool (formerly list_HMART_RAW, now model.hmart.src_customers)
[0m18:11:26.009000 [debug] [Thread-1 (]: Began compiling node model.hmart.src_customers
[0m18:11:26.013495 [debug] [Thread-1 (]: Writing injected SQL for node "model.hmart.src_customers"
[0m18:11:26.015168 [debug] [Thread-1 (]: Began executing node model.hmart.src_customers
[0m18:11:26.034388 [debug] [Thread-1 (]: Writing runtime sql for node "model.hmart.src_customers"
[0m18:11:26.035179 [debug] [Thread-1 (]: Using snowflake connection "model.hmart.src_customers"
[0m18:11:26.035382 [debug] [Thread-1 (]: On model.hmart.src_customers: /* {"app": "dbt", "dbt_version": "1.12.5", "profile_name": "hmart", "target_name": "dev", "node_id": "model.hmart.src_customers"} */
create or replace   view HMART.RAW.src_customers
  
   as (
    WITH raw_customers as (
    SELECT * FROM HMART.RAW.RAW_CUSTOMERS
);
[0m18:11:26.205477 [debug] [Thread-1 (]: Snowflake adapter: Snowflake query id: 01c73819-000e-0218-0002-427600020026
[0m18:11:26.205923 [debug] [Thread-1 (]: Snowflake adapter: Snowflake error: 001003 (42000): SQL compilation error:
syntax error line 6 at position 1 unexpected ';'.
[0m18:11:26.208370 [debug] [Thread-1 (]: Database Error in model src_customers (models/staging/src_customers.sql)
  001003 (42000): SQL compilation error:
  syntax error line 6 at position 1 unexpected ';'.
  compiled code at target/run/hmart/models/staging/src_customers.sql
[0m18:11:26.209401 [debug] [Thread-1 (]: Sending event: {'category': 'dbt', 'action': 'run_model', 'label': '86f972e4-7ed3-42c4-8ab5-405d1d8897b2', 'context': [<snowplow_tracker.self_describing_json.SelfDescribingJson object at 0x10c257250>]}
[0m18:11:26.209796 [error] [Thread-1 (]: 1 of 1 ERROR creating sql view model RAW.src_customers ......................... [[31mERROR[0m in 0.20s]
[0m18:11:26.210126 [debug] [Thread-1 (]: Finished running node model.hmart.src_customers
[0m18:11:26.210406 [debug] [Thread-4 (]: Marking all children of 'model.hmart.src_customers' to be skipped because of status 'error'.  Reason: Database Error in model src_customers (models/staging/src_customers.sql)
  001003 (42000): SQL compilation error:
  syntax error line 6 at position 1 unexpected ';'.
  compiled code at target/run/hmart/models/staging/src_customers.sql.
[0m18:11:26.211317 [debug] [MainThread]: Connection 'master' was properly closed.
[0m18:11:26.211546 [debug] [MainThread]: Connection 'model.hmart.src_customers' was left open.
[0m18:11:26.211725 [debug] [MainThread]: On model.hmart.src_customers: Close
[0m18:11:26.441145 [info ] [MainThread]: 
[0m18:11:26.442024 [info ] [MainThread]: Finished running 1 view model in 0 hours 0 minutes and 2.47 seconds (2.47s).
[0m18:11:26.442868 [debug] [MainThread]: Command end result
[0m18:11:26.471730 [debug] [MainThread]: Wrote artifact WritableManifest to /Users/tanvigharbudve/Desktop/projects/hmart_sql/hmart/target/manifest.json
[0m18:11:26.473533 [debug] [MainThread]: Wrote artifact SemanticManifest to /Users/tanvigharbudve/Desktop/projects/hmart_sql/hmart/target/semantic_manifest.json
[0m18:11:26.475056 [debug] [MainThread]: Wrote artifact OsiDocument to /Users/tanvigharbudve/Desktop/projects/hmart_sql/hmart/target/osi_document.json
[0m18:11:26.479045 [debug] [MainThread]: Wrote artifact RunExecutionResult to /Users/tanvigharbudve/Desktop/projects/hmart_sql/hmart/target/run_results.json
[0m18:11:26.479224 [info ] [MainThread]: 
[0m18:11:26.479434 [info ] [MainThread]: [31mCompleted with 1 error, 0 partial successes, and 0 warnings:[0m
[0m18:11:26.479607 [info ] [MainThread]: 
[0m18:11:26.479800 [error] [MainThread]: [[31mERROR[0m]: in model src_customers (models/staging/src_customers.sql)
[0m18:11:26.479996 [error] [MainThread]:   Database Error in model src_customers (models/staging/src_customers.sql)
  001003 (42000): SQL compilation error:
  syntax error line 6 at position 1 unexpected ';'.
  compiled code at target/run/hmart/models/staging/src_customers.sql
[0m18:11:26.480153 [info ] [MainThread]: 
[0m18:11:26.480336 [info ] [MainThread]:   compiled code at target/compiled/hmart/models/staging/src_customers.sql
[0m18:11:26.480494 [info ] [MainThread]: 
[0m18:11:26.480676 [info ] [MainThread]: Done. PASS=0 WARN=0 ERROR=1 SKIP=0 NO-OP=0 REUSED=0 TOTAL=1
[0m18:11:26.482396 [debug] [MainThread]: Resource report: {"command_name": "run", "command_success": false, "command_wall_clock_time": 2.973301, "process_in_blocks": "0", "process_kernel_time": 0.239421, "process_mem_max_rss": "186335232", "process_out_blocks": "0", "process_user_time": 1.14736}
[0m18:11:26.482693 [debug] [MainThread]: Command `dbt run` failed at 18:11:26.482651 after 2.97 seconds
[0m18:11:26.482906 [debug] [MainThread]: Sending event: {'category': 'dbt', 'action': 'invocation', 'label': 'end', 'context': [<snowplow_tracker.self_describing_json.SelfDescribingJson object at 0x10c40f0d0>, <snowplow_tracker.self_describing_json.SelfDescribingJson object at 0x10c40e0d0>, <snowplow_tracker.self_describing_json.SelfDescribingJson object at 0x10c417f90>]}
[0m18:11:26.483093 [debug] [MainThread]: Flushing usage events
[0m18:11:27.353577 [debug] [MainThread]: An error was encountered while trying to flush usage events
[0m18:12:01.863469 [debug] [MainThread]: Sending event: {'category': 'dbt', 'action': 'invocation', 'label': 'start', 'context': [<snowplow_tracker.self_describing_json.SelfDescribingJson object at 0x10b5eb810>, <snowplow_tracker.self_describing_json.SelfDescribingJson object at 0x10b659750>, <snowplow_tracker.self_describing_json.SelfDescribingJson object at 0x10b6f30d0>]}


============================== 18:12:01.865936 | d8db927b-ec33-4d45-8e3e-7b03ee5989d6 ==============================
[0m18:12:01.865936 [info ] [MainThread]: Running with dbt=1.12.5
[0m18:12:01.866193 [debug] [MainThread]: running dbt with arguments {'target_path': 'None', 'hints_enabled': 'True', 'empty': 'False', 'partial_parse': 'True', 'quiet': 'False', 'printer_width': '80', 'debug': 'False', 'maximum_seed_size_mib': '1', 'log_format': 'default', 'fail_fast': 'False', 'indirect_selection': 'eager', 'warn_error_options': 'WarnErrorOptionsV2(error=[], warn=[], silence=[])', 'use_colors': 'True', 'invocation_command': 'dbt run -s src_customers.sql', 'warn_error': 'None', 'no_print': 'None', 'log_cache_events': 'False', 'use_experimental_parser': 'False', 'write_json': 'True', 'cache_selected_only': 'False', 'send_anonymous_usage_stats': 'True', 'log_path': '/Users/tanvigharbudve/Desktop/projects/hmart_sql/hmart/logs', 'profiles_dir': '/Users/tanvigharbudve/.dbt', 'introspect': 'True', 'version_check': 'True', 'static_parser': 'True'}
[0m18:12:02.103034 [debug] [MainThread]: Sending event: {'category': 'dbt', 'action': 'project_id', 'label': 'd8db927b-ec33-4d45-8e3e-7b03ee5989d6', 'context': [<snowplow_tracker.self_describing_json.SelfDescribingJson object at 0x10b6d0b50>]}
[0m18:12:02.137319 [debug] [MainThread]: Sending event: {'category': 'dbt', 'action': 'adapter_info', 'label': 'd8db927b-ec33-4d45-8e3e-7b03ee5989d6', 'context': [<snowplow_tracker.self_describing_json.SelfDescribingJson object at 0x10a3e3d10>]}
[0m18:12:02.138595 [info ] [MainThread]: Registered adapter: snowflake=1.9.0
[0m18:12:02.205507 [debug] [MainThread]: checksum: 45a02549dde2b41a1199d675c935f59a553ec318be0f791f50a7baabda8f1355, vars: {}, profile: hmart, target: dev, version: 1.12.5
[0m18:12:02.249015 [debug] [MainThread]: Partial parsing enabled: 0 files deleted, 0 files added, 0 files changed.
[0m18:12:02.249246 [debug] [MainThread]: Nothing changed, skipping partial parsing.
[0m18:12:02.249365 [debug] [MainThread]: Partial parsing enabled, no changes found, skipping parsing
[0m18:12:02.251744 [warn ] [MainThread]: [[33mWARNING[0m]: Configuration paths exist in your dbt_project.yml file which do not apply to any resources.
There are 1 unused configuration paths:
- models.hmart.example
[0m18:12:02.253675 [debug] [MainThread]: Sending event: {'category': 'dbt', 'action': 'load_project', 'label': 'd8db927b-ec33-4d45-8e3e-7b03ee5989d6', 'context': [<snowplow_tracker.self_describing_json.SelfDescribingJson object at 0x10c9d0850>]}
[0m18:12:02.293797 [debug] [MainThread]: Wrote artifact WritableManifest to /Users/tanvigharbudve/Desktop/projects/hmart_sql/hmart/target/manifest.json
[0m18:12:02.295275 [debug] [MainThread]: Wrote artifact SemanticManifest to /Users/tanvigharbudve/Desktop/projects/hmart_sql/hmart/target/semantic_manifest.json
[0m18:12:02.306269 [debug] [MainThread]: Wrote artifact OsiDocument to /Users/tanvigharbudve/Desktop/projects/hmart_sql/hmart/target/osi_document.json
[0m18:12:02.311017 [debug] [MainThread]: Sending event: {'category': 'dbt', 'action': 'resource_counts', 'label': 'd8db927b-ec33-4d45-8e3e-7b03ee5989d6', 'context': [<snowplow_tracker.self_describing_json.SelfDescribingJson object at 0x10c908890>]}
[0m18:12:02.311209 [info ] [MainThread]: Found 1 model, 514 macros
[0m18:12:02.311352 [debug] [MainThread]: Sending event: {'category': 'dbt', 'action': 'runnable_timing', 'label': 'd8db927b-ec33-4d45-8e3e-7b03ee5989d6', 'context': [<snowplow_tracker.self_describing_json.SelfDescribingJson object at 0x10b5e20d0>]}
[0m18:12:02.311998 [info ] [MainThread]: 
[0m18:12:02.312143 [info ] [MainThread]: Concurrency: 1 threads (target='dev')
[0m18:12:02.312258 [info ] [MainThread]: 
[0m18:12:02.312549 [debug] [MainThread]: Acquiring new snowflake connection 'master'
[0m18:12:02.312955 [debug] [ThreadPool]: Acquiring new snowflake connection 'list_HMART'
[0m18:12:02.340630 [debug] [ThreadPool]: Using snowflake connection "list_HMART"
[0m18:12:02.340828 [debug] [ThreadPool]: On list_HMART: /* {"app": "dbt", "dbt_version": "1.12.5", "profile_name": "hmart", "target_name": "dev", "connection_name": "list_HMART"} */
show terse schemas in database HMART
    limit 10000
[0m18:12:02.340948 [debug] [ThreadPool]: Opening a new connection, currently in state init
[0m18:12:03.497735 [debug] [ThreadPool]: SQL status: SUCCESS 3 in 1.157 seconds
[0m18:12:03.502713 [debug] [ThreadPool]: Re-using an available connection from the pool (formerly list_HMART, now list_HMART_RAW)
[0m18:12:03.514622 [debug] [ThreadPool]: Using snowflake connection "list_HMART_RAW"
[0m18:12:03.514996 [debug] [ThreadPool]: On list_HMART_RAW: /* {"app": "dbt", "dbt_version": "1.12.5", "profile_name": "hmart", "target_name": "dev", "connection_name": "list_HMART_RAW"} */
show objects in HMART.RAW limit 10000;
[0m18:12:03.676522 [debug] [ThreadPool]: SQL status: SUCCESS 5 in 0.161 seconds
[0m18:12:03.679750 [debug] [MainThread]: Sending event: {'category': 'dbt', 'action': 'runnable_timing', 'label': 'd8db927b-ec33-4d45-8e3e-7b03ee5989d6', 'context': [<snowplow_tracker.self_describing_json.SelfDescribingJson object at 0x1132d2410>]}
[0m18:12:03.682972 [debug] [Thread-1 (]: Began running node model.hmart.src_customers
[0m18:12:03.683471 [info ] [Thread-1 (]: 1 of 1 START sql view model RAW.src_customers .................................. [RUN]
[0m18:12:03.683928 [debug] [Thread-1 (]: Re-using an available connection from the pool (formerly list_HMART_RAW, now model.hmart.src_customers)
[0m18:12:03.684241 [debug] [Thread-1 (]: Began compiling node model.hmart.src_customers
[0m18:12:03.688748 [debug] [Thread-1 (]: Writing injected SQL for node "model.hmart.src_customers"
[0m18:12:03.689703 [debug] [Thread-1 (]: Began executing node model.hmart.src_customers
[0m18:12:03.708412 [debug] [Thread-1 (]: Writing runtime sql for node "model.hmart.src_customers"
[0m18:12:03.709176 [debug] [Thread-1 (]: Using snowflake connection "model.hmart.src_customers"
[0m18:12:03.709376 [debug] [Thread-1 (]: On model.hmart.src_customers: /* {"app": "dbt", "dbt_version": "1.12.5", "profile_name": "hmart", "target_name": "dev", "node_id": "model.hmart.src_customers"} */
create or replace   view HMART.RAW.src_customers
  
   as (
    WITH raw_customers as (
    SELECT * FROM HMART.RAW.RAW_CUSTOMERS
);
[0m18:12:03.863617 [debug] [Thread-1 (]: Snowflake adapter: Snowflake query id: 01c7381a-000e-0219-0002-42760002200a
[0m18:12:03.864219 [debug] [Thread-1 (]: Snowflake adapter: Snowflake error: 001003 (42000): SQL compilation error:
syntax error line 6 at position 1 unexpected ';'.
[0m18:12:03.867793 [debug] [Thread-1 (]: Database Error in model src_customers (models/staging/src_customers.sql)
  001003 (42000): SQL compilation error:
  syntax error line 6 at position 1 unexpected ';'.
  compiled code at target/run/hmart/models/staging/src_customers.sql
[0m18:12:03.869321 [debug] [Thread-1 (]: Sending event: {'category': 'dbt', 'action': 'run_model', 'label': 'd8db927b-ec33-4d45-8e3e-7b03ee5989d6', 'context': [<snowplow_tracker.self_describing_json.SelfDescribingJson object at 0x113441e50>]}
[0m18:12:03.869842 [error] [Thread-1 (]: 1 of 1 ERROR creating sql view model RAW.src_customers ......................... [[31mERROR[0m in 0.18s]
[0m18:12:03.870262 [debug] [Thread-1 (]: Finished running node model.hmart.src_customers
[0m18:12:03.870660 [debug] [Thread-4 (]: Marking all children of 'model.hmart.src_customers' to be skipped because of status 'error'.  Reason: Database Error in model src_customers (models/staging/src_customers.sql)
  001003 (42000): SQL compilation error:
  syntax error line 6 at position 1 unexpected ';'.
  compiled code at target/run/hmart/models/staging/src_customers.sql.
[0m18:12:03.871917 [debug] [MainThread]: Connection 'master' was properly closed.
[0m18:12:03.872155 [debug] [MainThread]: Connection 'model.hmart.src_customers' was left open.
[0m18:12:03.872367 [debug] [MainThread]: On model.hmart.src_customers: Close
[0m18:12:04.143246 [info ] [MainThread]: 
[0m18:12:04.144213 [info ] [MainThread]: Finished running 1 view model in 0 hours 0 minutes and 1.83 seconds (1.83s).
[0m18:12:04.145229 [debug] [MainThread]: Command end result
[0m18:12:04.181426 [debug] [MainThread]: Wrote artifact WritableManifest to /Users/tanvigharbudve/Desktop/projects/hmart_sql/hmart/target/manifest.json
[0m18:12:04.183505 [debug] [MainThread]: Wrote artifact SemanticManifest to /Users/tanvigharbudve/Desktop/projects/hmart_sql/hmart/target/semantic_manifest.json
[0m18:12:04.185221 [debug] [MainThread]: Wrote artifact OsiDocument to /Users/tanvigharbudve/Desktop/projects/hmart_sql/hmart/target/osi_document.json
[0m18:12:04.189790 [debug] [MainThread]: Wrote artifact RunExecutionResult to /Users/tanvigharbudve/Desktop/projects/hmart_sql/hmart/target/run_results.json
[0m18:12:04.190012 [info ] [MainThread]: 
[0m18:12:04.190264 [info ] [MainThread]: [31mCompleted with 1 error, 0 partial successes, and 0 warnings:[0m
[0m18:12:04.190455 [info ] [MainThread]: 
[0m18:12:04.190682 [error] [MainThread]: [[31mERROR[0m]: in model src_customers (models/staging/src_customers.sql)
[0m18:12:04.190892 [error] [MainThread]:   Database Error in model src_customers (models/staging/src_customers.sql)
  001003 (42000): SQL compilation error:
  syntax error line 6 at position 1 unexpected ';'.
  compiled code at target/run/hmart/models/staging/src_customers.sql
[0m18:12:04.191056 [info ] [MainThread]: 
[0m18:12:04.191250 [info ] [MainThread]:   compiled code at target/compiled/hmart/models/staging/src_customers.sql
[0m18:12:04.191418 [info ] [MainThread]: 
[0m18:12:04.191605 [info ] [MainThread]: Done. PASS=0 WARN=0 ERROR=1 SKIP=0 NO-OP=0 REUSED=0 TOTAL=1
[0m18:12:04.193717 [debug] [MainThread]: Resource report: {"command_name": "run", "command_success": false, "command_wall_clock_time": 2.3683157, "process_in_blocks": "0", "process_kernel_time": 0.225052, "process_mem_max_rss": "186515456", "process_out_blocks": "0", "process_user_time": 1.169339}
[0m18:12:04.194026 [debug] [MainThread]: Command `dbt run` failed at 18:12:04.193980 after 2.37 seconds
[0m18:12:04.194228 [debug] [MainThread]: Sending event: {'category': 'dbt', 'action': 'invocation', 'label': 'end', 'context': [<snowplow_tracker.self_describing_json.SelfDescribingJson object at 0x10b507750>, <snowplow_tracker.self_describing_json.SelfDescribingJson object at 0x10c6874d0>, <snowplow_tracker.self_describing_json.SelfDescribingJson object at 0x113562590>]}
[0m18:12:04.194414 [debug] [MainThread]: Flushing usage events
[0m18:12:05.064320 [debug] [MainThread]: An error was encountered while trying to flush usage events
[0m18:13:53.721470 [debug] [MainThread]: Sending event: {'category': 'dbt', 'action': 'invocation', 'label': 'start', 'context': [<snowplow_tracker.self_describing_json.SelfDescribingJson object at 0x10c117310>, <snowplow_tracker.self_describing_json.SelfDescribingJson object at 0x10c21e590>, <snowplow_tracker.self_describing_json.SelfDescribingJson object at 0x10c0336d0>]}


============================== 18:13:53.724239 | c3c05797-5508-44f7-9c96-f1185ccbf315 ==============================
[0m18:13:53.724239 [info ] [MainThread]: Running with dbt=1.12.5
[0m18:13:53.724512 [debug] [MainThread]: running dbt with arguments {'printer_width': '80', 'partial_parse': 'True', 'profiles_dir': '/Users/tanvigharbudve/.dbt', 'cache_selected_only': 'False', 'empty': 'False', 'invocation_command': 'dbt run -s src_customers.sql', 'static_parser': 'True', 'warn_error': 'None', 'log_format': 'default', 'quiet': 'False', 'hints_enabled': 'True', 'fail_fast': 'False', 'maximum_seed_size_mib': '1', 'no_print': 'None', 'version_check': 'True', 'debug': 'False', 'introspect': 'True', 'target_path': 'None', 'write_json': 'True', 'log_path': '/Users/tanvigharbudve/Desktop/projects/hmart_sql/hmart/logs', 'send_anonymous_usage_stats': 'True', 'warn_error_options': 'WarnErrorOptionsV2(error=[], warn=[], silence=[])', 'use_experimental_parser': 'False', 'indirect_selection': 'eager', 'use_colors': 'True', 'log_cache_events': 'False'}
[0m18:13:53.973844 [debug] [MainThread]: Sending event: {'category': 'dbt', 'action': 'project_id', 'label': 'c3c05797-5508-44f7-9c96-f1185ccbf315', 'context': [<snowplow_tracker.self_describing_json.SelfDescribingJson object at 0x10d1b36d0>]}
[0m18:13:53.999340 [debug] [MainThread]: Sending event: {'category': 'dbt', 'action': 'adapter_info', 'label': 'c3c05797-5508-44f7-9c96-f1185ccbf315', 'context': [<snowplow_tracker.self_describing_json.SelfDescribingJson object at 0x10d00a450>]}
[0m18:13:54.000167 [info ] [MainThread]: Registered adapter: snowflake=1.9.0
[0m18:13:54.055831 [debug] [MainThread]: checksum: 45a02549dde2b41a1199d675c935f59a553ec318be0f791f50a7baabda8f1355, vars: {}, profile: hmart, target: dev, version: 1.12.5
[0m18:13:54.098093 [debug] [MainThread]: Partial parsing enabled: 0 files deleted, 0 files added, 0 files changed.
[0m18:13:54.098284 [debug] [MainThread]: Nothing changed, skipping partial parsing.
[0m18:13:54.098401 [debug] [MainThread]: Partial parsing enabled, no changes found, skipping parsing
[0m18:13:54.100797 [warn ] [MainThread]: [[33mWARNING[0m]: Configuration paths exist in your dbt_project.yml file which do not apply to any resources.
There are 1 unused configuration paths:
- models.hmart.example
[0m18:13:54.102669 [debug] [MainThread]: Sending event: {'category': 'dbt', 'action': 'load_project', 'label': 'c3c05797-5508-44f7-9c96-f1185ccbf315', 'context': [<snowplow_tracker.self_describing_json.SelfDescribingJson object at 0x10d54a510>]}
[0m18:13:54.141809 [debug] [MainThread]: Wrote artifact WritableManifest to /Users/tanvigharbudve/Desktop/projects/hmart_sql/hmart/target/manifest.json
[0m18:13:54.143366 [debug] [MainThread]: Wrote artifact SemanticManifest to /Users/tanvigharbudve/Desktop/projects/hmart_sql/hmart/target/semantic_manifest.json
[0m18:13:54.154310 [debug] [MainThread]: Wrote artifact OsiDocument to /Users/tanvigharbudve/Desktop/projects/hmart_sql/hmart/target/osi_document.json
[0m18:13:54.159088 [debug] [MainThread]: Sending event: {'category': 'dbt', 'action': 'resource_counts', 'label': 'c3c05797-5508-44f7-9c96-f1185ccbf315', 'context': [<snowplow_tracker.self_describing_json.SelfDescribingJson object at 0x10d436450>]}
[0m18:13:54.159283 [info ] [MainThread]: Found 1 model, 514 macros
[0m18:13:54.159425 [debug] [MainThread]: Sending event: {'category': 'dbt', 'action': 'runnable_timing', 'label': 'c3c05797-5508-44f7-9c96-f1185ccbf315', 'context': [<snowplow_tracker.self_describing_json.SelfDescribingJson object at 0x10d1fe790>]}
[0m18:13:54.160057 [info ] [MainThread]: 
[0m18:13:54.160199 [info ] [MainThread]: Concurrency: 1 threads (target='dev')
[0m18:13:54.160314 [info ] [MainThread]: 
[0m18:13:54.160535 [debug] [MainThread]: Acquiring new snowflake connection 'master'
[0m18:13:54.160886 [debug] [ThreadPool]: Acquiring new snowflake connection 'list_HMART'
[0m18:13:54.188625 [debug] [ThreadPool]: Using snowflake connection "list_HMART"
[0m18:13:54.188802 [debug] [ThreadPool]: On list_HMART: /* {"app": "dbt", "dbt_version": "1.12.5", "profile_name": "hmart", "target_name": "dev", "connection_name": "list_HMART"} */
show terse schemas in database HMART
    limit 10000
[0m18:13:54.188915 [debug] [ThreadPool]: Opening a new connection, currently in state init
[0m18:13:55.153767 [debug] [ThreadPool]: SQL status: SUCCESS 3 in 0.965 seconds
[0m18:13:55.155417 [debug] [ThreadPool]: Re-using an available connection from the pool (formerly list_HMART, now list_HMART_RAW)
[0m18:13:55.161067 [debug] [ThreadPool]: Using snowflake connection "list_HMART_RAW"
[0m18:13:55.161289 [debug] [ThreadPool]: On list_HMART_RAW: /* {"app": "dbt", "dbt_version": "1.12.5", "profile_name": "hmart", "target_name": "dev", "connection_name": "list_HMART_RAW"} */
show objects in HMART.RAW limit 10000;
[0m18:13:55.316859 [debug] [ThreadPool]: SQL status: SUCCESS 5 in 0.155 seconds
[0m18:13:55.321526 [debug] [MainThread]: Sending event: {'category': 'dbt', 'action': 'runnable_timing', 'label': 'c3c05797-5508-44f7-9c96-f1185ccbf315', 'context': [<snowplow_tracker.self_describing_json.SelfDescribingJson object at 0x113da0110>]}
[0m18:13:55.325260 [debug] [Thread-1 (]: Began running node model.hmart.src_customers
[0m18:13:55.325906 [info ] [Thread-1 (]: 1 of 1 START sql view model RAW.src_customers .................................. [RUN]
[0m18:13:55.326452 [debug] [Thread-1 (]: Re-using an available connection from the pool (formerly list_HMART_RAW, now model.hmart.src_customers)
[0m18:13:55.326843 [debug] [Thread-1 (]: Began compiling node model.hmart.src_customers
[0m18:13:55.332119 [debug] [Thread-1 (]: Writing injected SQL for node "model.hmart.src_customers"
[0m18:13:55.332933 [debug] [Thread-1 (]: Began executing node model.hmart.src_customers
[0m18:13:55.353100 [debug] [Thread-1 (]: Writing runtime sql for node "model.hmart.src_customers"
[0m18:13:55.354091 [debug] [Thread-1 (]: Using snowflake connection "model.hmart.src_customers"
[0m18:13:55.354375 [debug] [Thread-1 (]: On model.hmart.src_customers: /* {"app": "dbt", "dbt_version": "1.12.5", "profile_name": "hmart", "target_name": "dev", "node_id": "model.hmart.src_customers"} */
create or replace   view HMART.RAW.src_customers
  
   as (
    WITH raw_customers as (
    SELECT * FROM HMART.RAW.RAW_CUSTOMERS
)

SELECT customer_id,
    CONCAT(first_name, ' ', last_name) as customer_name,
    email,
    phone,
    country,
    city,
    gender,
    birth_date,
    signup_date,
    loyalty_tier,
    is_active,
    email_missing
FROM raw_customers;
[0m18:13:55.520600 [debug] [Thread-1 (]: Snowflake adapter: Snowflake query id: 01c7381b-000e-01e3-0002-42760001d026
[0m18:13:55.521259 [debug] [Thread-1 (]: Snowflake adapter: Snowflake error: 001003 (42000): SQL compilation error:
syntax error line 20 at position 18 unexpected ';'.
[0m18:13:55.526120 [debug] [Thread-1 (]: Database Error in model src_customers (models/staging/src_customers.sql)
  001003 (42000): SQL compilation error:
  syntax error line 20 at position 18 unexpected ';'.
  compiled code at target/run/hmart/models/staging/src_customers.sql
[0m18:13:55.528230 [debug] [Thread-1 (]: Sending event: {'category': 'dbt', 'action': 'run_model', 'label': 'c3c05797-5508-44f7-9c96-f1185ccbf315', 'context': [<snowplow_tracker.self_describing_json.SelfDescribingJson object at 0x10d4fbe10>]}
[0m18:13:55.528937 [error] [Thread-1 (]: 1 of 1 ERROR creating sql view model RAW.src_customers ......................... [[31mERROR[0m in 0.20s]
[0m18:13:55.529484 [debug] [Thread-1 (]: Finished running node model.hmart.src_customers
[0m18:13:55.529985 [debug] [Thread-4 (]: Marking all children of 'model.hmart.src_customers' to be skipped because of status 'error'.  Reason: Database Error in model src_customers (models/staging/src_customers.sql)
  001003 (42000): SQL compilation error:
  syntax error line 20 at position 18 unexpected ';'.
  compiled code at target/run/hmart/models/staging/src_customers.sql.
[0m18:13:55.531671 [debug] [MainThread]: Connection 'master' was properly closed.
[0m18:13:55.531963 [debug] [MainThread]: Connection 'model.hmart.src_customers' was left open.
[0m18:13:55.532229 [debug] [MainThread]: On model.hmart.src_customers: Close
[0m18:13:55.747757 [info ] [MainThread]: 
[0m18:13:55.748655 [info ] [MainThread]: Finished running 1 view model in 0 hours 0 minutes and 1.59 seconds (1.59s).
[0m18:13:55.749614 [debug] [MainThread]: Command end result
[0m18:13:55.785769 [debug] [MainThread]: Wrote artifact WritableManifest to /Users/tanvigharbudve/Desktop/projects/hmart_sql/hmart/target/manifest.json
[0m18:13:55.787665 [debug] [MainThread]: Wrote artifact SemanticManifest to /Users/tanvigharbudve/Desktop/projects/hmart_sql/hmart/target/semantic_manifest.json
[0m18:13:55.789295 [debug] [MainThread]: Wrote artifact OsiDocument to /Users/tanvigharbudve/Desktop/projects/hmart_sql/hmart/target/osi_document.json
[0m18:13:55.793459 [debug] [MainThread]: Wrote artifact RunExecutionResult to /Users/tanvigharbudve/Desktop/projects/hmart_sql/hmart/target/run_results.json
[0m18:13:55.793634 [info ] [MainThread]: 
[0m18:13:55.793854 [info ] [MainThread]: [31mCompleted with 1 error, 0 partial successes, and 0 warnings:[0m
[0m18:13:55.794036 [info ] [MainThread]: 
[0m18:13:55.794245 [error] [MainThread]: [[31mERROR[0m]: in model src_customers (models/staging/src_customers.sql)
[0m18:13:55.794444 [error] [MainThread]:   Database Error in model src_customers (models/staging/src_customers.sql)
  001003 (42000): SQL compilation error:
  syntax error line 20 at position 18 unexpected ';'.
  compiled code at target/run/hmart/models/staging/src_customers.sql
[0m18:13:55.794606 [info ] [MainThread]: 
[0m18:13:55.794791 [info ] [MainThread]:   compiled code at target/compiled/hmart/models/staging/src_customers.sql
[0m18:13:55.794952 [info ] [MainThread]: 
[0m18:13:55.795134 [info ] [MainThread]: Done. PASS=0 WARN=0 ERROR=1 SKIP=0 NO-OP=0 REUSED=0 TOTAL=1
[0m18:13:55.797154 [debug] [MainThread]: Resource report: {"command_name": "run", "command_success": false, "command_wall_clock_time": 2.1137383, "process_in_blocks": "0", "process_kernel_time": 0.225362, "process_mem_max_rss": "186499072", "process_out_blocks": "0", "process_user_time": 1.163816}
[0m18:13:55.797449 [debug] [MainThread]: Command `dbt run` failed at 18:13:55.797407 after 2.11 seconds
[0m18:13:55.797644 [debug] [MainThread]: Sending event: {'category': 'dbt', 'action': 'invocation', 'label': 'end', 'context': [<snowplow_tracker.self_describing_json.SelfDescribingJson object at 0x10c23fd50>, <snowplow_tracker.self_describing_json.SelfDescribingJson object at 0x11412ded0>, <snowplow_tracker.self_describing_json.SelfDescribingJson object at 0x11412e450>]}
[0m18:13:55.797825 [debug] [MainThread]: Flushing usage events
[0m18:13:56.682052 [debug] [MainThread]: An error was encountered while trying to flush usage events
[0m18:14:40.297361 [debug] [MainThread]: Sending event: {'category': 'dbt', 'action': 'invocation', 'label': 'start', 'context': [<snowplow_tracker.self_describing_json.SelfDescribingJson object at 0x10c5e6b90>, <snowplow_tracker.self_describing_json.SelfDescribingJson object at 0x10c6e6610>, <snowplow_tracker.self_describing_json.SelfDescribingJson object at 0x10c6e7450>]}


============================== 18:14:40.299985 | b469ef2d-3329-4a8a-be8e-883e3c5e967a ==============================
[0m18:14:40.299985 [info ] [MainThread]: Running with dbt=1.12.5
[0m18:14:40.300267 [debug] [MainThread]: running dbt with arguments {'send_anonymous_usage_stats': 'True', 'empty': 'False', 'warn_error': 'None', 'log_format': 'default', 'profiles_dir': '/Users/tanvigharbudve/.dbt', 'hints_enabled': 'True', 'use_colors': 'True', 'cache_selected_only': 'False', 'write_json': 'True', 'introspect': 'True', 'log_path': '/Users/tanvigharbudve/Desktop/projects/hmart_sql/hmart/logs', 'fail_fast': 'False', 'log_cache_events': 'False', 'quiet': 'False', 'use_experimental_parser': 'False', 'invocation_command': 'dbt run -s src_customers.sql', 'static_parser': 'True', 'warn_error_options': 'WarnErrorOptionsV2(error=[], warn=[], silence=[])', 'partial_parse': 'True', 'version_check': 'True', 'debug': 'False', 'no_print': 'None', 'indirect_selection': 'eager', 'printer_width': '80', 'maximum_seed_size_mib': '1', 'target_path': 'None'}
[0m18:14:40.532955 [debug] [MainThread]: Sending event: {'category': 'dbt', 'action': 'project_id', 'label': 'b469ef2d-3329-4a8a-be8e-883e3c5e967a', 'context': [<snowplow_tracker.self_describing_json.SelfDescribingJson object at 0x10cd8f850>]}
[0m18:14:40.557461 [debug] [MainThread]: Sending event: {'category': 'dbt', 'action': 'adapter_info', 'label': 'b469ef2d-3329-4a8a-be8e-883e3c5e967a', 'context': [<snowplow_tracker.self_describing_json.SelfDescribingJson object at 0x10b3cbad0>]}
[0m18:14:40.558165 [info ] [MainThread]: Registered adapter: snowflake=1.9.0
[0m18:14:40.613158 [debug] [MainThread]: checksum: 45a02549dde2b41a1199d675c935f59a553ec318be0f791f50a7baabda8f1355, vars: {}, profile: hmart, target: dev, version: 1.12.5
[0m18:14:40.654786 [debug] [MainThread]: Partial parsing enabled: 0 files deleted, 0 files added, 0 files changed.
[0m18:14:40.654985 [debug] [MainThread]: Nothing changed, skipping partial parsing.
[0m18:14:40.655103 [debug] [MainThread]: Partial parsing enabled, no changes found, skipping parsing
[0m18:14:40.657505 [warn ] [MainThread]: [[33mWARNING[0m]: Configuration paths exist in your dbt_project.yml file which do not apply to any resources.
There are 1 unused configuration paths:
- models.hmart.example
[0m18:14:40.659336 [debug] [MainThread]: Sending event: {'category': 'dbt', 'action': 'load_project', 'label': 'b469ef2d-3329-4a8a-be8e-883e3c5e967a', 'context': [<snowplow_tracker.self_describing_json.SelfDescribingJson object at 0x10c6e62d0>]}
[0m18:14:40.697821 [debug] [MainThread]: Wrote artifact WritableManifest to /Users/tanvigharbudve/Desktop/projects/hmart_sql/hmart/target/manifest.json
[0m18:14:40.699416 [debug] [MainThread]: Wrote artifact SemanticManifest to /Users/tanvigharbudve/Desktop/projects/hmart_sql/hmart/target/semantic_manifest.json
[0m18:14:40.709826 [debug] [MainThread]: Wrote artifact OsiDocument to /Users/tanvigharbudve/Desktop/projects/hmart_sql/hmart/target/osi_document.json
[0m18:14:40.714368 [debug] [MainThread]: Sending event: {'category': 'dbt', 'action': 'resource_counts', 'label': 'b469ef2d-3329-4a8a-be8e-883e3c5e967a', 'context': [<snowplow_tracker.self_describing_json.SelfDescribingJson object at 0x10d7d41d0>]}
[0m18:14:40.714560 [info ] [MainThread]: Found 1 model, 514 macros
[0m18:14:40.714698 [debug] [MainThread]: Sending event: {'category': 'dbt', 'action': 'runnable_timing', 'label': 'b469ef2d-3329-4a8a-be8e-883e3c5e967a', 'context': [<snowplow_tracker.self_describing_json.SelfDescribingJson object at 0x10d7c6ed0>]}
[0m18:14:40.715317 [info ] [MainThread]: 
[0m18:14:40.715455 [info ] [MainThread]: Concurrency: 1 threads (target='dev')
[0m18:14:40.715565 [info ] [MainThread]: 
[0m18:14:40.715833 [debug] [MainThread]: Acquiring new snowflake connection 'master'
[0m18:14:40.716189 [debug] [ThreadPool]: Acquiring new snowflake connection 'list_HMART'
[0m18:14:40.743858 [debug] [ThreadPool]: Using snowflake connection "list_HMART"
[0m18:14:40.744054 [debug] [ThreadPool]: On list_HMART: /* {"app": "dbt", "dbt_version": "1.12.5", "profile_name": "hmart", "target_name": "dev", "connection_name": "list_HMART"} */
show terse schemas in database HMART
    limit 10000
[0m18:14:40.744170 [debug] [ThreadPool]: Opening a new connection, currently in state init
[0m18:14:41.693392 [debug] [ThreadPool]: SQL status: SUCCESS 3 in 0.949 seconds
[0m18:14:41.697187 [debug] [ThreadPool]: Re-using an available connection from the pool (formerly list_HMART, now list_HMART_RAW)
[0m18:14:41.708875 [debug] [ThreadPool]: Using snowflake connection "list_HMART_RAW"
[0m18:14:41.709379 [debug] [ThreadPool]: On list_HMART_RAW: /* {"app": "dbt", "dbt_version": "1.12.5", "profile_name": "hmart", "target_name": "dev", "connection_name": "list_HMART_RAW"} */
show objects in HMART.RAW limit 10000;
[0m18:14:42.354328 [debug] [ThreadPool]: SQL status: SUCCESS 5 in 0.644 seconds
[0m18:14:42.360143 [debug] [MainThread]: Sending event: {'category': 'dbt', 'action': 'runnable_timing', 'label': 'b469ef2d-3329-4a8a-be8e-883e3c5e967a', 'context': [<snowplow_tracker.self_describing_json.SelfDescribingJson object at 0x10c6c6a50>]}
[0m18:14:42.363206 [debug] [Thread-1 (]: Began running node model.hmart.src_customers
[0m18:14:42.363605 [info ] [Thread-1 (]: 1 of 1 START sql view model RAW.src_customers .................................. [RUN]
[0m18:14:42.363937 [debug] [Thread-1 (]: Re-using an available connection from the pool (formerly list_HMART_RAW, now model.hmart.src_customers)
[0m18:14:42.364165 [debug] [Thread-1 (]: Began compiling node model.hmart.src_customers
[0m18:14:42.367797 [debug] [Thread-1 (]: Writing injected SQL for node "model.hmart.src_customers"
[0m18:14:42.368327 [debug] [Thread-1 (]: Began executing node model.hmart.src_customers
[0m18:14:42.383712 [debug] [Thread-1 (]: Writing runtime sql for node "model.hmart.src_customers"
[0m18:14:42.384453 [debug] [Thread-1 (]: Using snowflake connection "model.hmart.src_customers"
[0m18:14:42.384652 [debug] [Thread-1 (]: On model.hmart.src_customers: /* {"app": "dbt", "dbt_version": "1.12.5", "profile_name": "hmart", "target_name": "dev", "node_id": "model.hmart.src_customers"} */
create or replace   view HMART.RAW.src_customers
  
   as (
    WITH raw_customers as (
    SELECT * FROM HMART.RAW.RAW_CUSTOMERS
)

SELECT customer_id,
    CONCAT(first_name, ' ', last_name) as customer_name,
    email,
    phone,
    country,
    city,
    gender,
    birth_date,
    signup_date,
    loyalty_tier,
    is_active,
    email_missing
FROM raw_customers
  );
[0m18:14:42.709268 [debug] [Thread-1 (]: SQL status: SUCCESS 1 in 0.324 seconds
[0m18:14:42.738602 [debug] [Thread-1 (]: Sending event: {'category': 'dbt', 'action': 'run_model', 'label': 'b469ef2d-3329-4a8a-be8e-883e3c5e967a', 'context': [<snowplow_tracker.self_describing_json.SelfDescribingJson object at 0x1142a0e50>]}
[0m18:14:42.739275 [info ] [Thread-1 (]: 1 of 1 OK created sql view model RAW.src_customers ............................. [[32mSUCCESS 1[0m in 0.37s]
[0m18:14:42.739754 [debug] [Thread-1 (]: Finished running node model.hmart.src_customers
[0m18:14:42.740731 [debug] [MainThread]: Connection 'master' was properly closed.
[0m18:14:42.741005 [debug] [MainThread]: Connection 'model.hmart.src_customers' was left open.
[0m18:14:42.741229 [debug] [MainThread]: On model.hmart.src_customers: Close
[0m18:14:42.968781 [info ] [MainThread]: 
[0m18:14:42.969653 [info ] [MainThread]: Finished running 1 view model in 0 hours 0 minutes and 2.25 seconds (2.25s).
[0m18:14:42.970569 [debug] [MainThread]: Command end result
[0m18:14:43.002456 [debug] [MainThread]: Wrote artifact WritableManifest to /Users/tanvigharbudve/Desktop/projects/hmart_sql/hmart/target/manifest.json
[0m18:14:43.004473 [debug] [MainThread]: Wrote artifact SemanticManifest to /Users/tanvigharbudve/Desktop/projects/hmart_sql/hmart/target/semantic_manifest.json
[0m18:14:43.006372 [debug] [MainThread]: Wrote artifact OsiDocument to /Users/tanvigharbudve/Desktop/projects/hmart_sql/hmart/target/osi_document.json
[0m18:14:43.010554 [debug] [MainThread]: Wrote artifact RunExecutionResult to /Users/tanvigharbudve/Desktop/projects/hmart_sql/hmart/target/run_results.json
[0m18:14:43.011353 [info ] [MainThread]: 
[0m18:14:43.011614 [info ] [MainThread]: [32mCompleted successfully[0m
[0m18:14:43.011847 [info ] [MainThread]: 
[0m18:14:43.012051 [info ] [MainThread]: Done. PASS=1 WARN=0 ERROR=0 SKIP=0 NO-OP=0 REUSED=0 TOTAL=1
[0m18:14:43.014498 [debug] [MainThread]: Resource report: {"command_name": "run", "command_success": true, "command_wall_clock_time": 2.7548475, "process_in_blocks": "0", "process_kernel_time": 0.227227, "process_mem_max_rss": "185958400", "process_out_blocks": "0", "process_user_time": 1.15606}
[0m18:14:43.014932 [debug] [MainThread]: Command `dbt run` succeeded at 18:14:43.014873 after 2.76 seconds
[0m18:14:43.015162 [debug] [MainThread]: Sending event: {'category': 'dbt', 'action': 'invocation', 'label': 'end', 'context': [<snowplow_tracker.self_describing_json.SelfDescribingJson object at 0x10c5bb1d0>, <snowplow_tracker.self_describing_json.SelfDescribingJson object at 0x114429590>, <snowplow_tracker.self_describing_json.SelfDescribingJson object at 0x10c5d6b10>]}
[0m18:14:43.015374 [debug] [MainThread]: Flushing usage events
[0m18:14:43.875036 [debug] [MainThread]: An error was encountered while trying to flush usage events
[0m19:22:23.526341 [debug] [MainThread]: Sending event: {'category': 'dbt', 'action': 'invocation', 'label': 'start', 'context': [<snowplow_tracker.self_describing_json.SelfDescribingJson object at 0x10bc30b10>, <snowplow_tracker.self_describing_json.SelfDescribingJson object at 0x10bc6a110>, <snowplow_tracker.self_describing_json.SelfDescribingJson object at 0x10bc6acd0>]}


============================== 19:22:23.531069 | 43ceb5c4-08b7-49b3-aedd-adc7e2196eff ==============================
[0m19:22:23.531069 [info ] [MainThread]: Running with dbt=1.12.5
[0m19:22:23.531357 [debug] [MainThread]: running dbt with arguments {'use_colors': 'True', 'invocation_command': 'dbt run -s src_products.sql', 'maximum_seed_size_mib': '1', 'fail_fast': 'False', 'quiet': 'False', 'warn_error_options': 'WarnErrorOptionsV2(error=[], warn=[], silence=[])', 'indirect_selection': 'eager', 'write_json': 'True', 'log_path': '/Users/tanvigharbudve/Desktop/projects/hmart_sql/hmart/logs', 'debug': 'False', 'version_check': 'True', 'partial_parse': 'True', 'send_anonymous_usage_stats': 'True', 'warn_error': 'None', 'use_experimental_parser': 'False', 'empty': 'False', 'log_cache_events': 'False', 'profiles_dir': '/Users/tanvigharbudve/.dbt', 'introspect': 'True', 'hints_enabled': 'True', 'cache_selected_only': 'False', 'no_print': 'None', 'printer_width': '80', 'log_format': 'default', 'target_path': 'None', 'static_parser': 'True'}
[0m19:22:23.778726 [debug] [MainThread]: Sending event: {'category': 'dbt', 'action': 'project_id', 'label': '43ceb5c4-08b7-49b3-aedd-adc7e2196eff', 'context': [<snowplow_tracker.self_describing_json.SelfDescribingJson object at 0x10bbe9fd0>]}
[0m19:22:23.802354 [debug] [MainThread]: Sending event: {'category': 'dbt', 'action': 'adapter_info', 'label': '43ceb5c4-08b7-49b3-aedd-adc7e2196eff', 'context': [<snowplow_tracker.self_describing_json.SelfDescribingJson object at 0x10c9321d0>]}
[0m19:22:23.802957 [info ] [MainThread]: Registered adapter: snowflake=1.9.0
[0m19:22:23.856486 [debug] [MainThread]: checksum: 45a02549dde2b41a1199d675c935f59a553ec318be0f791f50a7baabda8f1355, vars: {}, profile: hmart, target: dev, version: 1.12.5
[0m19:22:23.896422 [debug] [MainThread]: Partial parsing enabled: 0 files deleted, 0 files added, 0 files changed.
[0m19:22:23.896614 [debug] [MainThread]: Nothing changed, skipping partial parsing.
[0m19:22:23.896735 [debug] [MainThread]: Partial parsing enabled, no changes found, skipping parsing
[0m19:22:23.899115 [warn ] [MainThread]: [[33mWARNING[0m]: Configuration paths exist in your dbt_project.yml file which do not apply to any resources.
There are 1 unused configuration paths:
- models.hmart.example
[0m19:22:23.900892 [debug] [MainThread]: Sending event: {'category': 'dbt', 'action': 'load_project', 'label': '43ceb5c4-08b7-49b3-aedd-adc7e2196eff', 'context': [<snowplow_tracker.self_describing_json.SelfDescribingJson object at 0x10ce9da10>]}
[0m19:22:23.939965 [debug] [MainThread]: Wrote artifact WritableManifest to /Users/tanvigharbudve/Desktop/projects/hmart_sql/hmart/target/manifest.json
[0m19:22:23.941522 [debug] [MainThread]: Wrote artifact SemanticManifest to /Users/tanvigharbudve/Desktop/projects/hmart_sql/hmart/target/semantic_manifest.json
[0m19:22:23.951975 [debug] [MainThread]: Wrote artifact OsiDocument to /Users/tanvigharbudve/Desktop/projects/hmart_sql/hmart/target/osi_document.json
[0m19:22:23.956789 [debug] [MainThread]: Sending event: {'category': 'dbt', 'action': 'resource_counts', 'label': '43ceb5c4-08b7-49b3-aedd-adc7e2196eff', 'context': [<snowplow_tracker.self_describing_json.SelfDescribingJson object at 0x10cd59990>]}
[0m19:22:23.956982 [info ] [MainThread]: Found 2 models, 514 macros
[0m19:22:23.957121 [debug] [MainThread]: Sending event: {'category': 'dbt', 'action': 'runnable_timing', 'label': '43ceb5c4-08b7-49b3-aedd-adc7e2196eff', 'context': [<snowplow_tracker.self_describing_json.SelfDescribingJson object at 0x10cd4b9d0>]}
[0m19:22:23.957742 [info ] [MainThread]: 
[0m19:22:23.957879 [info ] [MainThread]: Concurrency: 1 threads (target='dev')
[0m19:22:23.957993 [info ] [MainThread]: 
[0m19:22:23.958210 [debug] [MainThread]: Acquiring new snowflake connection 'master'
[0m19:22:23.958552 [debug] [ThreadPool]: Acquiring new snowflake connection 'list_HMART'
[0m19:22:23.985783 [debug] [ThreadPool]: Using snowflake connection "list_HMART"
[0m19:22:23.985977 [debug] [ThreadPool]: On list_HMART: /* {"app": "dbt", "dbt_version": "1.12.5", "profile_name": "hmart", "target_name": "dev", "connection_name": "list_HMART"} */
show terse schemas in database HMART
    limit 10000
[0m19:22:23.986091 [debug] [ThreadPool]: Opening a new connection, currently in state init
[0m19:22:24.900023 [debug] [ThreadPool]: SQL status: SUCCESS 3 in 0.914 seconds
[0m19:22:24.908709 [debug] [ThreadPool]: Re-using an available connection from the pool (formerly list_HMART, now list_HMART_RAW)
[0m19:22:24.919954 [debug] [ThreadPool]: Using snowflake connection "list_HMART_RAW"
[0m19:22:24.920405 [debug] [ThreadPool]: On list_HMART_RAW: /* {"app": "dbt", "dbt_version": "1.12.5", "profile_name": "hmart", "target_name": "dev", "connection_name": "list_HMART_RAW"} */
show objects in HMART.RAW limit 10000;
[0m19:22:25.105418 [debug] [ThreadPool]: SQL status: SUCCESS 6 in 0.185 seconds
[0m19:22:25.110948 [debug] [MainThread]: Sending event: {'category': 'dbt', 'action': 'runnable_timing', 'label': '43ceb5c4-08b7-49b3-aedd-adc7e2196eff', 'context': [<snowplow_tracker.self_describing_json.SelfDescribingJson object at 0x10cb6f550>]}
[0m19:22:25.117630 [debug] [Thread-1 (]: Began running node model.hmart.src_products
[0m19:22:25.118731 [info ] [Thread-1 (]: 1 of 1 START sql view model RAW.src_products ................................... [RUN]
[0m19:22:25.120007 [debug] [Thread-1 (]: Re-using an available connection from the pool (formerly list_HMART_RAW, now model.hmart.src_products)
[0m19:22:25.120475 [debug] [Thread-1 (]: Began compiling node model.hmart.src_products
[0m19:22:25.126010 [debug] [Thread-1 (]: Writing injected SQL for node "model.hmart.src_products"
[0m19:22:25.126984 [debug] [Thread-1 (]: Began executing node model.hmart.src_products
[0m19:22:25.149077 [debug] [Thread-1 (]: Writing runtime sql for node "model.hmart.src_products"
[0m19:22:25.150012 [debug] [Thread-1 (]: Using snowflake connection "model.hmart.src_products"
[0m19:22:25.150269 [debug] [Thread-1 (]: On model.hmart.src_products: /* {"app": "dbt", "dbt_version": "1.12.5", "profile_name": "hmart", "target_name": "dev", "node_id": "model.hmart.src_products"} */
create or replace   view HMART.RAW.src_products
  
   as (
    WITH src_products as (
    SELECT * FROM HMART.RAW.RAW_PRODUCTS
)

SELECT 
    product_id,
    sku,
    product_name,
    category,
    subcategory,
    brand,
    unit_cost,
    unit_price,
    weight_kg,
    created_at,
    is_discontinued,
    price_imputed
FROM src_products
  );
[0m19:22:25.452328 [debug] [Thread-1 (]: SQL status: SUCCESS 1 in 0.301 seconds
[0m19:22:25.475774 [debug] [Thread-1 (]: Sending event: {'category': 'dbt', 'action': 'run_model', 'label': '43ceb5c4-08b7-49b3-aedd-adc7e2196eff', 'context': [<snowplow_tracker.self_describing_json.SelfDescribingJson object at 0x10cd5a650>]}
[0m19:22:25.476240 [info ] [Thread-1 (]: 1 of 1 OK created sql view model RAW.src_products .............................. [[32mSUCCESS 1[0m in 0.35s]
[0m19:22:25.476584 [debug] [Thread-1 (]: Finished running node model.hmart.src_products
[0m19:22:25.477209 [debug] [MainThread]: Connection 'master' was properly closed.
[0m19:22:25.477386 [debug] [MainThread]: Connection 'model.hmart.src_products' was left open.
[0m19:22:25.477557 [debug] [MainThread]: On model.hmart.src_products: Close
[0m19:22:25.691235 [info ] [MainThread]: 
[0m19:22:25.691568 [info ] [MainThread]: Finished running 1 view model in 0 hours 0 minutes and 1.73 seconds (1.73s).
[0m19:22:25.691979 [debug] [MainThread]: Command end result
[0m19:22:25.710766 [debug] [MainThread]: Wrote artifact WritableManifest to /Users/tanvigharbudve/Desktop/projects/hmart_sql/hmart/target/manifest.json
[0m19:22:25.712330 [debug] [MainThread]: Wrote artifact SemanticManifest to /Users/tanvigharbudve/Desktop/projects/hmart_sql/hmart/target/semantic_manifest.json
[0m19:22:25.713642 [debug] [MainThread]: Wrote artifact OsiDocument to /Users/tanvigharbudve/Desktop/projects/hmart_sql/hmart/target/osi_document.json
[0m19:22:25.716963 [debug] [MainThread]: Wrote artifact RunExecutionResult to /Users/tanvigharbudve/Desktop/projects/hmart_sql/hmart/target/run_results.json
[0m19:22:25.717111 [info ] [MainThread]: 
[0m19:22:25.717290 [info ] [MainThread]: [32mCompleted successfully[0m
[0m19:22:25.717431 [info ] [MainThread]: 
[0m19:22:25.717572 [info ] [MainThread]: Done. PASS=1 WARN=0 ERROR=0 SKIP=0 NO-OP=0 REUSED=0 TOTAL=1
[0m19:22:25.719284 [debug] [MainThread]: Resource report: {"command_name": "run", "command_success": true, "command_wall_clock_time": 2.2363129, "process_in_blocks": "0", "process_kernel_time": 0.230859, "process_mem_max_rss": "185761792", "process_out_blocks": "0", "process_user_time": 1.17243}
[0m19:22:25.719540 [debug] [MainThread]: Command `dbt run` succeeded at 19:22:25.719503 after 2.24 seconds
[0m19:22:25.719709 [debug] [MainThread]: Sending event: {'category': 'dbt', 'action': 'invocation', 'label': 'end', 'context': [<snowplow_tracker.self_describing_json.SelfDescribingJson object at 0x10bc87c90>, <snowplow_tracker.self_describing_json.SelfDescribingJson object at 0x10bc87c10>, <snowplow_tracker.self_describing_json.SelfDescribingJson object at 0x10bb3f150>]}
[0m19:22:25.719866 [debug] [MainThread]: Flushing usage events
[0m19:22:26.603815 [debug] [MainThread]: An error was encountered while trying to flush usage events
[0m19:24:13.424137 [debug] [MainThread]: Sending event: {'category': 'dbt', 'action': 'invocation', 'label': 'start', 'context': [<snowplow_tracker.self_describing_json.SelfDescribingJson object at 0x106bfa790>, <snowplow_tracker.self_describing_json.SelfDescribingJson object at 0x109a1a210>, <snowplow_tracker.self_describing_json.SelfDescribingJson object at 0x109b23090>]}


============================== 19:24:13.426593 | 5df4babc-cf82-467d-a83a-6650ad11e1fe ==============================
[0m19:24:13.426593 [info ] [MainThread]: Running with dbt=1.12.5
[0m19:24:13.426854 [debug] [MainThread]: running dbt with arguments {'partial_parse': 'True', 'warn_error_options': 'WarnErrorOptionsV2(error=[], warn=[], silence=[])', 'indirect_selection': 'eager', 'hints_enabled': 'True', 'send_anonymous_usage_stats': 'True', 'version_check': 'True', 'quiet': 'False', 'log_format': 'default', 'log_path': '/Users/tanvigharbudve/Desktop/projects/hmart_sql/hmart/logs', 'invocation_command': 'dbt run -s src_orders.sql', 'warn_error': 'None', 'debug': 'False', 'use_colors': 'True', 'use_experimental_parser': 'False', 'printer_width': '80', 'write_json': 'True', 'target_path': 'None', 'static_parser': 'True', 'introspect': 'True', 'log_cache_events': 'False', 'empty': 'False', 'maximum_seed_size_mib': '1', 'cache_selected_only': 'False', 'no_print': 'None', 'fail_fast': 'False', 'profiles_dir': '/Users/tanvigharbudve/.dbt'}
[0m19:24:13.659841 [debug] [MainThread]: Sending event: {'category': 'dbt', 'action': 'project_id', 'label': '5df4babc-cf82-467d-a83a-6650ad11e1fe', 'context': [<snowplow_tracker.self_describing_json.SelfDescribingJson object at 0x109b01f50>]}
[0m19:24:13.684456 [debug] [MainThread]: Sending event: {'category': 'dbt', 'action': 'adapter_info', 'label': '5df4babc-cf82-467d-a83a-6650ad11e1fe', 'context': [<snowplow_tracker.self_describing_json.SelfDescribingJson object at 0x108813cd0>]}
[0m19:24:13.685096 [info ] [MainThread]: Registered adapter: snowflake=1.9.0
[0m19:24:13.739385 [debug] [MainThread]: checksum: 45a02549dde2b41a1199d675c935f59a553ec318be0f791f50a7baabda8f1355, vars: {}, profile: hmart, target: dev, version: 1.12.5
[0m19:24:13.781364 [debug] [MainThread]: Partial parsing enabled: 0 files deleted, 0 files added, 0 files changed.
[0m19:24:13.781585 [debug] [MainThread]: Nothing changed, skipping partial parsing.
[0m19:24:13.781701 [debug] [MainThread]: Partial parsing enabled, no changes found, skipping parsing
[0m19:24:13.784035 [warn ] [MainThread]: [[33mWARNING[0m]: Configuration paths exist in your dbt_project.yml file which do not apply to any resources.
There are 1 unused configuration paths:
- models.hmart.example
[0m19:24:13.785873 [debug] [MainThread]: Sending event: {'category': 'dbt', 'action': 'load_project', 'label': '5df4babc-cf82-467d-a83a-6650ad11e1fe', 'context': [<snowplow_tracker.self_describing_json.SelfDescribingJson object at 0x10ae79b10>]}
[0m19:24:13.830083 [debug] [MainThread]: Wrote artifact WritableManifest to /Users/tanvigharbudve/Desktop/projects/hmart_sql/hmart/target/manifest.json
[0m19:24:13.832198 [debug] [MainThread]: Wrote artifact SemanticManifest to /Users/tanvigharbudve/Desktop/projects/hmart_sql/hmart/target/semantic_manifest.json
[0m19:24:13.844495 [debug] [MainThread]: Wrote artifact OsiDocument to /Users/tanvigharbudve/Desktop/projects/hmart_sql/hmart/target/osi_document.json
[0m19:24:13.849500 [debug] [MainThread]: Sending event: {'category': 'dbt', 'action': 'resource_counts', 'label': '5df4babc-cf82-467d-a83a-6650ad11e1fe', 'context': [<snowplow_tracker.self_describing_json.SelfDescribingJson object at 0x10ad3bb50>]}
[0m19:24:13.849734 [info ] [MainThread]: Found 3 models, 514 macros
[0m19:24:13.849880 [debug] [MainThread]: Sending event: {'category': 'dbt', 'action': 'runnable_timing', 'label': '5df4babc-cf82-467d-a83a-6650ad11e1fe', 'context': [<snowplow_tracker.self_describing_json.SelfDescribingJson object at 0x10ad39710>]}
[0m19:24:13.850509 [info ] [MainThread]: 
[0m19:24:13.850666 [info ] [MainThread]: Concurrency: 1 threads (target='dev')
[0m19:24:13.850795 [info ] [MainThread]: 
[0m19:24:13.851019 [debug] [MainThread]: Acquiring new snowflake connection 'master'
[0m19:24:13.851334 [debug] [ThreadPool]: Acquiring new snowflake connection 'list_HMART'
[0m19:24:13.883123 [debug] [ThreadPool]: Using snowflake connection "list_HMART"
[0m19:24:13.883361 [debug] [ThreadPool]: On list_HMART: /* {"app": "dbt", "dbt_version": "1.12.5", "profile_name": "hmart", "target_name": "dev", "connection_name": "list_HMART"} */
show terse schemas in database HMART
    limit 10000
[0m19:24:13.883499 [debug] [ThreadPool]: Opening a new connection, currently in state init
[0m19:24:14.857956 [debug] [ThreadPool]: SQL status: SUCCESS 3 in 0.974 seconds
[0m19:24:14.862119 [debug] [ThreadPool]: Re-using an available connection from the pool (formerly list_HMART, now list_HMART_RAW)
[0m19:24:14.867474 [debug] [ThreadPool]: Using snowflake connection "list_HMART_RAW"
[0m19:24:14.867717 [debug] [ThreadPool]: On list_HMART_RAW: /* {"app": "dbt", "dbt_version": "1.12.5", "profile_name": "hmart", "target_name": "dev", "connection_name": "list_HMART_RAW"} */
show objects in HMART.RAW limit 10000;
[0m19:24:15.028884 [debug] [ThreadPool]: SQL status: SUCCESS 7 in 0.161 seconds
[0m19:24:15.030755 [debug] [MainThread]: Sending event: {'category': 'dbt', 'action': 'runnable_timing', 'label': '5df4babc-cf82-467d-a83a-6650ad11e1fe', 'context': [<snowplow_tracker.self_describing_json.SelfDescribingJson object at 0x111652750>]}
[0m19:24:15.033154 [debug] [Thread-1 (]: Began running node model.hmart.src_orders
[0m19:24:15.033468 [info ] [Thread-1 (]: 1 of 1 START sql view model RAW.src_orders ..................................... [RUN]
[0m19:24:15.033737 [debug] [Thread-1 (]: Re-using an available connection from the pool (formerly list_HMART_RAW, now model.hmart.src_orders)
[0m19:24:15.033912 [debug] [Thread-1 (]: Began compiling node model.hmart.src_orders
[0m19:24:15.036456 [debug] [Thread-1 (]: Writing injected SQL for node "model.hmart.src_orders"
[0m19:24:15.036842 [debug] [Thread-1 (]: Began executing node model.hmart.src_orders
[0m19:24:15.049942 [debug] [Thread-1 (]: Writing runtime sql for node "model.hmart.src_orders"
[0m19:24:15.050511 [debug] [Thread-1 (]: Using snowflake connection "model.hmart.src_orders"
[0m19:24:15.050692 [debug] [Thread-1 (]: On model.hmart.src_orders: /* {"app": "dbt", "dbt_version": "1.12.5", "profile_name": "hmart", "target_name": "dev", "node_id": "model.hmart.src_orders"} */
create or replace   view HMART.RAW.src_orders
  
   as (
    WITH src_orders AS (
    SELECT * FROM HMART.RAW.RAW_ORDERS
)

SELECT 
    order_id,
    customer_id,
    order_ts,
    status,
    channel,
    shipping_country,
    coupon_code
FROM src_orders
  );
[0m19:24:15.286740 [debug] [Thread-1 (]: SQL status: SUCCESS 1 in 0.236 seconds
[0m19:24:15.299750 [debug] [Thread-1 (]: Sending event: {'category': 'dbt', 'action': 'run_model', 'label': '5df4babc-cf82-467d-a83a-6650ad11e1fe', 'context': [<snowplow_tracker.self_describing_json.SelfDescribingJson object at 0x111835550>]}
[0m19:24:15.300142 [info ] [Thread-1 (]: 1 of 1 OK created sql view model RAW.src_orders ................................ [[32mSUCCESS 1[0m in 0.27s]
[0m19:24:15.300431 [debug] [Thread-1 (]: Finished running node model.hmart.src_orders
[0m19:24:15.301029 [debug] [MainThread]: Connection 'master' was properly closed.
[0m19:24:15.301195 [debug] [MainThread]: Connection 'model.hmart.src_orders' was left open.
[0m19:24:15.301341 [debug] [MainThread]: On model.hmart.src_orders: Close
[0m19:24:15.502528 [info ] [MainThread]: 
[0m19:24:15.503319 [info ] [MainThread]: Finished running 1 view model in 0 hours 0 minutes and 1.65 seconds (1.65s).
[0m19:24:15.504282 [debug] [MainThread]: Command end result
[0m19:24:15.534850 [debug] [MainThread]: Wrote artifact WritableManifest to /Users/tanvigharbudve/Desktop/projects/hmart_sql/hmart/target/manifest.json
[0m19:24:15.536778 [debug] [MainThread]: Wrote artifact SemanticManifest to /Users/tanvigharbudve/Desktop/projects/hmart_sql/hmart/target/semantic_manifest.json
[0m19:24:15.538411 [debug] [MainThread]: Wrote artifact OsiDocument to /Users/tanvigharbudve/Desktop/projects/hmart_sql/hmart/target/osi_document.json
[0m19:24:15.542569 [debug] [MainThread]: Wrote artifact RunExecutionResult to /Users/tanvigharbudve/Desktop/projects/hmart_sql/hmart/target/run_results.json
[0m19:24:15.542755 [info ] [MainThread]: 
[0m19:24:15.542981 [info ] [MainThread]: [32mCompleted successfully[0m
[0m19:24:15.543159 [info ] [MainThread]: 
[0m19:24:15.543343 [info ] [MainThread]: Done. PASS=1 WARN=0 ERROR=0 SKIP=0 NO-OP=0 REUSED=0 TOTAL=1
[0m19:24:15.545385 [debug] [MainThread]: Resource report: {"command_name": "run", "command_success": true, "command_wall_clock_time": 2.1603281, "process_in_blocks": "0", "process_kernel_time": 0.221791, "process_mem_max_rss": "185630720", "process_out_blocks": "0", "process_user_time": 1.114185}
[0m19:24:15.545702 [debug] [MainThread]: Command `dbt run` succeeded at 19:24:15.545656 after 2.16 seconds
[0m19:24:15.545909 [debug] [MainThread]: Sending event: {'category': 'dbt', 'action': 'invocation', 'label': 'end', 'context': [<snowplow_tracker.self_describing_json.SelfDescribingJson object at 0x109b21e10>, <snowplow_tracker.self_describing_json.SelfDescribingJson object at 0x109b22110>, <snowplow_tracker.self_describing_json.SelfDescribingJson object at 0x109937ad0>]}
[0m19:24:15.546102 [debug] [MainThread]: Flushing usage events
[0m19:24:16.400009 [debug] [MainThread]: An error was encountered while trying to flush usage events
[0m19:25:46.288632 [debug] [MainThread]: Sending event: {'category': 'dbt', 'action': 'invocation', 'label': 'start', 'context': [<snowplow_tracker.self_describing_json.SelfDescribingJson object at 0x10b623250>, <snowplow_tracker.self_describing_json.SelfDescribingJson object at 0x10b8162d0>, <snowplow_tracker.self_describing_json.SelfDescribingJson object at 0x10b816b90>]}


============================== 19:25:46.300619 | 34b1f1f6-f86c-4b82-962f-bee714036f7f ==============================
[0m19:25:46.300619 [info ] [MainThread]: Running with dbt=1.12.5
[0m19:25:46.301156 [debug] [MainThread]: running dbt with arguments {'invocation_command': 'dbt run -s src_order_items.sql', 'hints_enabled': 'True', 'maximum_seed_size_mib': '1', 'warn_error': 'None', 'no_print': 'None', 'version_check': 'True', 'log_format': 'default', 'introspect': 'True', 'indirect_selection': 'eager', 'use_colors': 'True', 'static_parser': 'True', 'use_experimental_parser': 'False', 'profiles_dir': '/Users/tanvigharbudve/.dbt', 'fail_fast': 'False', 'write_json': 'True', 'send_anonymous_usage_stats': 'True', 'cache_selected_only': 'False', 'warn_error_options': 'WarnErrorOptionsV2(error=[], warn=[], silence=[])', 'partial_parse': 'True', 'target_path': 'None', 'printer_width': '80', 'empty': 'False', 'log_cache_events': 'False', 'quiet': 'False', 'log_path': '/Users/tanvigharbudve/Desktop/projects/hmart_sql/hmart/logs', 'debug': 'False'}
[0m19:25:46.585878 [debug] [MainThread]: Sending event: {'category': 'dbt', 'action': 'project_id', 'label': '34b1f1f6-f86c-4b82-962f-bee714036f7f', 'context': [<snowplow_tracker.self_describing_json.SelfDescribingJson object at 0x10c724590>]}
[0m19:25:46.611039 [debug] [MainThread]: Sending event: {'category': 'dbt', 'action': 'adapter_info', 'label': '34b1f1f6-f86c-4b82-962f-bee714036f7f', 'context': [<snowplow_tracker.self_describing_json.SelfDescribingJson object at 0x10a507dd0>]}
[0m19:25:46.612345 [info ] [MainThread]: Registered adapter: snowflake=1.9.0
[0m19:25:46.668328 [debug] [MainThread]: checksum: 45a02549dde2b41a1199d675c935f59a553ec318be0f791f50a7baabda8f1355, vars: {}, profile: hmart, target: dev, version: 1.12.5
[0m19:25:46.710337 [debug] [MainThread]: Partial parsing enabled: 0 files deleted, 0 files added, 0 files changed.
[0m19:25:46.710584 [debug] [MainThread]: Nothing changed, skipping partial parsing.
[0m19:25:46.710705 [debug] [MainThread]: Partial parsing enabled, no changes found, skipping parsing
[0m19:25:46.713327 [warn ] [MainThread]: [[33mWARNING[0m]: Configuration paths exist in your dbt_project.yml file which do not apply to any resources.
There are 1 unused configuration paths:
- models.hmart.example
[0m19:25:46.715433 [debug] [MainThread]: Sending event: {'category': 'dbt', 'action': 'load_project', 'label': '34b1f1f6-f86c-4b82-962f-bee714036f7f', 'context': [<snowplow_tracker.self_describing_json.SelfDescribingJson object at 0x10cb3f250>]}
[0m19:25:46.756502 [debug] [MainThread]: Wrote artifact WritableManifest to /Users/tanvigharbudve/Desktop/projects/hmart_sql/hmart/target/manifest.json
[0m19:25:46.758222 [debug] [MainThread]: Wrote artifact SemanticManifest to /Users/tanvigharbudve/Desktop/projects/hmart_sql/hmart/target/semantic_manifest.json
[0m19:25:46.769445 [debug] [MainThread]: Wrote artifact OsiDocument to /Users/tanvigharbudve/Desktop/projects/hmart_sql/hmart/target/osi_document.json
[0m19:25:46.774675 [debug] [MainThread]: Sending event: {'category': 'dbt', 'action': 'resource_counts', 'label': '34b1f1f6-f86c-4b82-962f-bee714036f7f', 'context': [<snowplow_tracker.self_describing_json.SelfDescribingJson object at 0x10ca38950>]}
[0m19:25:46.774905 [info ] [MainThread]: Found 4 models, 514 macros
[0m19:25:46.775048 [debug] [MainThread]: Sending event: {'category': 'dbt', 'action': 'runnable_timing', 'label': '34b1f1f6-f86c-4b82-962f-bee714036f7f', 'context': [<snowplow_tracker.self_describing_json.SelfDescribingJson object at 0x10c9d3d50>]}
[0m19:25:46.775738 [info ] [MainThread]: 
[0m19:25:46.775891 [info ] [MainThread]: Concurrency: 1 threads (target='dev')
[0m19:25:46.776007 [info ] [MainThread]: 
[0m19:25:46.776238 [debug] [MainThread]: Acquiring new snowflake connection 'master'
[0m19:25:46.776580 [debug] [ThreadPool]: Acquiring new snowflake connection 'list_HMART'
[0m19:25:46.807318 [debug] [ThreadPool]: Using snowflake connection "list_HMART"
[0m19:25:46.807525 [debug] [ThreadPool]: On list_HMART: /* {"app": "dbt", "dbt_version": "1.12.5", "profile_name": "hmart", "target_name": "dev", "connection_name": "list_HMART"} */
show terse schemas in database HMART
    limit 10000
[0m19:25:46.807645 [debug] [ThreadPool]: Opening a new connection, currently in state init
[0m19:25:47.851413 [debug] [ThreadPool]: SQL status: SUCCESS 3 in 1.044 seconds
[0m19:25:47.856032 [debug] [ThreadPool]: Re-using an available connection from the pool (formerly list_HMART, now list_HMART_RAW)
[0m19:25:47.862059 [debug] [ThreadPool]: Using snowflake connection "list_HMART_RAW"
[0m19:25:47.862265 [debug] [ThreadPool]: On list_HMART_RAW: /* {"app": "dbt", "dbt_version": "1.12.5", "profile_name": "hmart", "target_name": "dev", "connection_name": "list_HMART_RAW"} */
show objects in HMART.RAW limit 10000;
[0m19:25:48.032143 [debug] [ThreadPool]: SQL status: SUCCESS 8 in 0.170 seconds
[0m19:25:48.034829 [debug] [MainThread]: Sending event: {'category': 'dbt', 'action': 'runnable_timing', 'label': '34b1f1f6-f86c-4b82-962f-bee714036f7f', 'context': [<snowplow_tracker.self_describing_json.SelfDescribingJson object at 0x10cb6db50>]}
[0m19:25:48.037590 [debug] [Thread-1 (]: Began running node model.hmart.src_order_items
[0m19:25:48.038007 [info ] [Thread-1 (]: 1 of 1 START sql view model RAW.src_order_items ................................ [RUN]
[0m19:25:48.038339 [debug] [Thread-1 (]: Re-using an available connection from the pool (formerly list_HMART_RAW, now model.hmart.src_order_items)
[0m19:25:48.038561 [debug] [Thread-1 (]: Began compiling node model.hmart.src_order_items
[0m19:25:48.041546 [debug] [Thread-1 (]: Writing injected SQL for node "model.hmart.src_order_items"
[0m19:25:48.042041 [debug] [Thread-1 (]: Began executing node model.hmart.src_order_items
[0m19:25:48.057130 [debug] [Thread-1 (]: Writing runtime sql for node "model.hmart.src_order_items"
[0m19:25:48.057868 [debug] [Thread-1 (]: Using snowflake connection "model.hmart.src_order_items"
[0m19:25:48.058064 [debug] [Thread-1 (]: On model.hmart.src_order_items: /* {"app": "dbt", "dbt_version": "1.12.5", "profile_name": "hmart", "target_name": "dev", "node_id": "model.hmart.src_order_items"} */
create or replace   view HMART.RAW.src_order_items
  
   as (
    WITH src_order_items AS (
    SELECT * FROM HMART.RAW.RAW_ORDER_ITEMS
)

SELECT
    order_item_id,
    order_id,
    product_id,
    quantity,
    unit_price,
    discount_pct,
    line_total
FROM src_order_items
  );
[0m19:25:48.367254 [debug] [Thread-1 (]: SQL status: SUCCESS 1 in 0.309 seconds
[0m19:25:48.379080 [debug] [Thread-1 (]: Sending event: {'category': 'dbt', 'action': 'run_model', 'label': '34b1f1f6-f86c-4b82-962f-bee714036f7f', 'context': [<snowplow_tracker.self_describing_json.SelfDescribingJson object at 0x10c7f1b10>]}
[0m19:25:48.379431 [info ] [Thread-1 (]: 1 of 1 OK created sql view model RAW.src_order_items ........................... [[32mSUCCESS 1[0m in 0.34s]
[0m19:25:48.379698 [debug] [Thread-1 (]: Finished running node model.hmart.src_order_items
[0m19:25:48.380264 [debug] [MainThread]: Connection 'master' was properly closed.
[0m19:25:48.380414 [debug] [MainThread]: Connection 'model.hmart.src_order_items' was left open.
[0m19:25:48.380541 [debug] [MainThread]: On model.hmart.src_order_items: Close
[0m19:25:48.602752 [info ] [MainThread]: 
[0m19:25:48.603107 [info ] [MainThread]: Finished running 1 view model in 0 hours 0 minutes and 1.83 seconds (1.83s).
[0m19:25:48.603521 [debug] [MainThread]: Command end result
[0m19:25:48.619155 [debug] [MainThread]: Wrote artifact WritableManifest to /Users/tanvigharbudve/Desktop/projects/hmart_sql/hmart/target/manifest.json
[0m19:25:48.620591 [debug] [MainThread]: Wrote artifact SemanticManifest to /Users/tanvigharbudve/Desktop/projects/hmart_sql/hmart/target/semantic_manifest.json
[0m19:25:48.622031 [debug] [MainThread]: Wrote artifact OsiDocument to /Users/tanvigharbudve/Desktop/projects/hmart_sql/hmart/target/osi_document.json
[0m19:25:48.625079 [debug] [MainThread]: Wrote artifact RunExecutionResult to /Users/tanvigharbudve/Desktop/projects/hmart_sql/hmart/target/run_results.json
[0m19:25:48.625212 [info ] [MainThread]: 
[0m19:25:48.625393 [info ] [MainThread]: [32mCompleted successfully[0m
[0m19:25:48.625524 [info ] [MainThread]: 
[0m19:25:48.625663 [info ] [MainThread]: Done. PASS=1 WARN=0 ERROR=0 SKIP=0 NO-OP=0 REUSED=0 TOTAL=1
[0m19:25:48.627280 [debug] [MainThread]: Resource report: {"command_name": "run", "command_success": true, "command_wall_clock_time": 2.3905797, "process_in_blocks": "0", "process_kernel_time": 0.234147, "process_mem_max_rss": "186236928", "process_out_blocks": "0", "process_user_time": 1.172668}
[0m19:25:48.627511 [debug] [MainThread]: Command `dbt run` succeeded at 19:25:48.627478 after 2.39 seconds
[0m19:25:48.627659 [debug] [MainThread]: Sending event: {'category': 'dbt', 'action': 'invocation', 'label': 'end', 'context': [<snowplow_tracker.self_describing_json.SelfDescribingJson object at 0x10b62b350>, <snowplow_tracker.self_describing_json.SelfDescribingJson object at 0x10237fcd0>, <snowplow_tracker.self_describing_json.SelfDescribingJson object at 0x10b6eb050>]}
[0m19:25:48.627795 [debug] [MainThread]: Flushing usage events
[0m19:25:49.500536 [debug] [MainThread]: An error was encountered while trying to flush usage events
[0m19:27:31.946177 [debug] [MainThread]: Sending event: {'category': 'dbt', 'action': 'invocation', 'label': 'start', 'context': [<snowplow_tracker.self_describing_json.SelfDescribingJson object at 0x10b70fd50>, <snowplow_tracker.self_describing_json.SelfDescribingJson object at 0x10b7eb210>, <snowplow_tracker.self_describing_json.SelfDescribingJson object at 0x10b8fa910>]}


============================== 19:27:31.948108 | d53d207d-268c-46b6-b7f4-f7ed0c4dbaab ==============================
[0m19:27:31.948108 [info ] [MainThread]: Running with dbt=1.12.5
[0m19:27:31.948378 [debug] [MainThread]: running dbt with arguments {'maximum_seed_size_mib': '1', 'cache_selected_only': 'False', 'log_format': 'default', 'debug': 'False', 'profiles_dir': '/Users/tanvigharbudve/.dbt', 'partial_parse': 'True', 'quiet': 'False', 'empty': 'False', 'use_colors': 'True', 'use_experimental_parser': 'False', 'send_anonymous_usage_stats': 'True', 'printer_width': '80', 'static_parser': 'True', 'hints_enabled': 'True', 'version_check': 'True', 'write_json': 'True', 'log_path': '/Users/tanvigharbudve/Desktop/projects/hmart_sql/hmart/logs', 'warn_error': 'None', 'log_cache_events': 'False', 'no_print': 'None', 'fail_fast': 'False', 'introspect': 'True', 'indirect_selection': 'eager', 'target_path': 'None', 'warn_error_options': 'WarnErrorOptionsV2(error=[], warn=[], silence=[])', 'invocation_command': 'dbt run -s src_payments.sql'}
[0m19:27:32.129038 [debug] [MainThread]: Sending event: {'category': 'dbt', 'action': 'project_id', 'label': 'd53d207d-268c-46b6-b7f4-f7ed0c4dbaab', 'context': [<snowplow_tracker.self_describing_json.SelfDescribingJson object at 0x10bfa3950>]}
[0m19:27:32.157460 [debug] [MainThread]: Sending event: {'category': 'dbt', 'action': 'adapter_info', 'label': 'd53d207d-268c-46b6-b7f4-f7ed0c4dbaab', 'context': [<snowplow_tracker.self_describing_json.SelfDescribingJson object at 0x10a5e7d50>]}
[0m19:27:32.158016 [info ] [MainThread]: Registered adapter: snowflake=1.9.0
[0m19:27:32.216924 [debug] [MainThread]: checksum: 45a02549dde2b41a1199d675c935f59a553ec318be0f791f50a7baabda8f1355, vars: {}, profile: hmart, target: dev, version: 1.12.5
[0m19:27:32.259458 [debug] [MainThread]: Partial parsing enabled: 0 files deleted, 0 files added, 0 files changed.
[0m19:27:32.259673 [debug] [MainThread]: Nothing changed, skipping partial parsing.
[0m19:27:32.259805 [debug] [MainThread]: Partial parsing enabled, no changes found, skipping parsing
[0m19:27:32.262347 [warn ] [MainThread]: [[33mWARNING[0m]: Configuration paths exist in your dbt_project.yml file which do not apply to any resources.
There are 1 unused configuration paths:
- models.hmart.example
[0m19:27:32.264305 [debug] [MainThread]: Sending event: {'category': 'dbt', 'action': 'load_project', 'label': 'd53d207d-268c-46b6-b7f4-f7ed0c4dbaab', 'context': [<snowplow_tracker.self_describing_json.SelfDescribingJson object at 0x10cb041d0>]}
[0m19:27:32.304484 [debug] [MainThread]: Wrote artifact WritableManifest to /Users/tanvigharbudve/Desktop/projects/hmart_sql/hmart/target/manifest.json
[0m19:27:32.305937 [debug] [MainThread]: Wrote artifact SemanticManifest to /Users/tanvigharbudve/Desktop/projects/hmart_sql/hmart/target/semantic_manifest.json
[0m19:27:32.316738 [debug] [MainThread]: Wrote artifact OsiDocument to /Users/tanvigharbudve/Desktop/projects/hmart_sql/hmart/target/osi_document.json
[0m19:27:32.321725 [debug] [MainThread]: Sending event: {'category': 'dbt', 'action': 'resource_counts', 'label': 'd53d207d-268c-46b6-b7f4-f7ed0c4dbaab', 'context': [<snowplow_tracker.self_describing_json.SelfDescribingJson object at 0x10c9eb4d0>]}
[0m19:27:32.321945 [info ] [MainThread]: Found 5 models, 514 macros
[0m19:27:32.322088 [debug] [MainThread]: Sending event: {'category': 'dbt', 'action': 'runnable_timing', 'label': 'd53d207d-268c-46b6-b7f4-f7ed0c4dbaab', 'context': [<snowplow_tracker.self_describing_json.SelfDescribingJson object at 0x10c9afa50>]}
[0m19:27:32.322737 [info ] [MainThread]: 
[0m19:27:32.322872 [info ] [MainThread]: Concurrency: 1 threads (target='dev')
[0m19:27:32.322983 [info ] [MainThread]: 
[0m19:27:32.323205 [debug] [MainThread]: Acquiring new snowflake connection 'master'
[0m19:27:32.323560 [debug] [ThreadPool]: Acquiring new snowflake connection 'list_HMART'
[0m19:27:32.352164 [debug] [ThreadPool]: Using snowflake connection "list_HMART"
[0m19:27:32.352364 [debug] [ThreadPool]: On list_HMART: /* {"app": "dbt", "dbt_version": "1.12.5", "profile_name": "hmart", "target_name": "dev", "connection_name": "list_HMART"} */
show terse schemas in database HMART
    limit 10000
[0m19:27:32.352489 [debug] [ThreadPool]: Opening a new connection, currently in state init
[0m19:27:33.302035 [debug] [ThreadPool]: SQL status: SUCCESS 3 in 0.949 seconds
[0m19:27:33.311816 [debug] [ThreadPool]: Re-using an available connection from the pool (formerly list_HMART, now list_HMART_RAW)
[0m19:27:33.323714 [debug] [ThreadPool]: Using snowflake connection "list_HMART_RAW"
[0m19:27:33.324220 [debug] [ThreadPool]: On list_HMART_RAW: /* {"app": "dbt", "dbt_version": "1.12.5", "profile_name": "hmart", "target_name": "dev", "connection_name": "list_HMART_RAW"} */
show objects in HMART.RAW limit 10000;
[0m19:27:33.491925 [debug] [ThreadPool]: SQL status: SUCCESS 9 in 0.167 seconds
[0m19:27:33.497284 [debug] [MainThread]: Sending event: {'category': 'dbt', 'action': 'runnable_timing', 'label': 'd53d207d-268c-46b6-b7f4-f7ed0c4dbaab', 'context': [<snowplow_tracker.self_describing_json.SelfDescribingJson object at 0x10ca16750>]}
[0m19:27:33.502129 [debug] [Thread-1 (]: Began running node model.hmart.src_payments
[0m19:27:33.502816 [info ] [Thread-1 (]: 1 of 1 START sql view model RAW.src_payments ................................... [RUN]
[0m19:27:33.503361 [debug] [Thread-1 (]: Re-using an available connection from the pool (formerly list_HMART_RAW, now model.hmart.src_payments)
[0m19:27:33.503730 [debug] [Thread-1 (]: Began compiling node model.hmart.src_payments
[0m19:27:33.509233 [debug] [Thread-1 (]: Writing injected SQL for node "model.hmart.src_payments"
[0m19:27:33.510332 [debug] [Thread-1 (]: Began executing node model.hmart.src_payments
[0m19:27:33.533086 [debug] [Thread-1 (]: Writing runtime sql for node "model.hmart.src_payments"
[0m19:27:33.533936 [debug] [Thread-1 (]: Using snowflake connection "model.hmart.src_payments"
[0m19:27:33.534199 [debug] [Thread-1 (]: On model.hmart.src_payments: /* {"app": "dbt", "dbt_version": "1.12.5", "profile_name": "hmart", "target_name": "dev", "node_id": "model.hmart.src_payments"} */
create or replace   view HMART.RAW.src_payments
  
   as (
    WITH src_payments AS (
    SELECT * FROM HMART.RAW.RAW_PAYMENTS
)

SELECT 
    payment_id,
    order_id,
    method,
    amount,
    currency,
    payment_status,
    amount_recomputed 
FROM src_payments
  );
[0m19:27:33.782752 [debug] [Thread-1 (]: SQL status: SUCCESS 1 in 0.248 seconds
[0m19:27:33.805957 [debug] [Thread-1 (]: Sending event: {'category': 'dbt', 'action': 'run_model', 'label': 'd53d207d-268c-46b6-b7f4-f7ed0c4dbaab', 'context': [<snowplow_tracker.self_describing_json.SelfDescribingJson object at 0x10c6e0550>]}
[0m19:27:33.806613 [info ] [Thread-1 (]: 1 of 1 OK created sql view model RAW.src_payments .............................. [[32mSUCCESS 1[0m in 0.30s]
[0m19:27:33.807073 [debug] [Thread-1 (]: Finished running node model.hmart.src_payments
[0m19:27:33.808103 [debug] [MainThread]: Connection 'master' was properly closed.
[0m19:27:33.808395 [debug] [MainThread]: Connection 'model.hmart.src_payments' was left open.
[0m19:27:33.808644 [debug] [MainThread]: On model.hmart.src_payments: Close
[0m19:27:34.142988 [info ] [MainThread]: 
[0m19:27:34.144035 [info ] [MainThread]: Finished running 1 view model in 0 hours 0 minutes and 1.82 seconds (1.82s).
[0m19:27:34.145067 [debug] [MainThread]: Command end result
[0m19:27:34.175610 [debug] [MainThread]: Wrote artifact WritableManifest to /Users/tanvigharbudve/Desktop/projects/hmart_sql/hmart/target/manifest.json
[0m19:27:34.177630 [debug] [MainThread]: Wrote artifact SemanticManifest to /Users/tanvigharbudve/Desktop/projects/hmart_sql/hmart/target/semantic_manifest.json
[0m19:27:34.179329 [debug] [MainThread]: Wrote artifact OsiDocument to /Users/tanvigharbudve/Desktop/projects/hmart_sql/hmart/target/osi_document.json
[0m19:27:34.183085 [debug] [MainThread]: Wrote artifact RunExecutionResult to /Users/tanvigharbudve/Desktop/projects/hmart_sql/hmart/target/run_results.json
[0m19:27:34.183252 [info ] [MainThread]: 
[0m19:27:34.183450 [info ] [MainThread]: [32mCompleted successfully[0m
[0m19:27:34.183599 [info ] [MainThread]: 
[0m19:27:34.183801 [info ] [MainThread]: Done. PASS=1 WARN=0 ERROR=0 SKIP=0 NO-OP=0 REUSED=0 TOTAL=1
[0m19:27:34.185968 [debug] [MainThread]: Resource report: {"command_name": "run", "command_success": true, "command_wall_clock_time": 2.2784488, "process_in_blocks": "0", "process_kernel_time": 0.232078, "process_mem_max_rss": "185958400", "process_out_blocks": "0", "process_user_time": 1.19835}
[0m19:27:34.186370 [debug] [MainThread]: Command `dbt run` succeeded at 19:27:34.186315 after 2.28 seconds
[0m19:27:34.186589 [debug] [MainThread]: Sending event: {'category': 'dbt', 'action': 'invocation', 'label': 'end', 'context': [<snowplow_tracker.self_describing_json.SelfDescribingJson object at 0x10b8d9950>, <snowplow_tracker.self_describing_json.SelfDescribingJson object at 0x11353bdd0>, <snowplow_tracker.self_describing_json.SelfDescribingJson object at 0x10b7ced90>]}
[0m19:27:34.186789 [debug] [MainThread]: Flushing usage events
[0m19:27:35.040411 [debug] [MainThread]: An error was encountered while trying to flush usage events
[0m19:55:57.438249 [debug] [MainThread]: Sending event: {'category': 'dbt', 'action': 'invocation', 'label': 'start', 'context': [<snowplow_tracker.self_describing_json.SelfDescribingJson object at 0x10b52a750>, <snowplow_tracker.self_describing_json.SelfDescribingJson object at 0x10b6ee450>, <snowplow_tracker.self_describing_json.SelfDescribingJson object at 0x10b6ef110>]}


============================== 19:55:57.441348 | 0ce5fc62-c41a-4066-9877-afa3fe1c92d8 ==============================
[0m19:55:57.441348 [info ] [MainThread]: Running with dbt=1.12.5
[0m19:55:57.441627 [debug] [MainThread]: running dbt with arguments {'log_cache_events': 'False', 'use_colors': 'True', 'write_json': 'True', 'cache_selected_only': 'False', 'warn_error': 'None', 'use_experimental_parser': 'False', 'version_check': 'True', 'printer_width': '80', 'invocation_command': 'dbt run', 'profiles_dir': '/Users/tanvigharbudve/.dbt', 'log_format': 'default', 'indirect_selection': 'eager', 'hints_enabled': 'True', 'warn_error_options': 'WarnErrorOptionsV2(error=[], warn=[], silence=[])', 'send_anonymous_usage_stats': 'True', 'fail_fast': 'False', 'introspect': 'True', 'static_parser': 'True', 'maximum_seed_size_mib': '1', 'quiet': 'False', 'debug': 'False', 'empty': 'False', 'partial_parse': 'True', 'target_path': 'None', 'log_path': '/Users/tanvigharbudve/Desktop/projects/hmart_sql/hmart/logs', 'no_print': 'None'}
[0m19:55:57.443022 [error] [MainThread]: [[31mERROR[0m]: Encountered an error:
Runtime Error
  Could not find profile named 'hmart'
[0m19:55:57.444584 [debug] [MainThread]: Resource report: {"command_name": "run", "command_success": false, "command_wall_clock_time": 0.046254374, "process_in_blocks": "0", "process_kernel_time": 0.11694, "process_mem_max_rss": "119226368", "process_out_blocks": "0", "process_user_time": 0.614223}
[0m19:55:57.444908 [debug] [MainThread]: Command `dbt run` failed at 19:55:57.444817 after 0.05 seconds
[0m19:55:57.445136 [debug] [MainThread]: Sending event: {'category': 'dbt', 'action': 'invocation', 'label': 'end', 'context': [<snowplow_tracker.self_describing_json.SelfDescribingJson object at 0x10b6cded0>, <snowplow_tracker.self_describing_json.SelfDescribingJson object at 0x10b5de210>, <snowplow_tracker.self_describing_json.SelfDescribingJson object at 0x10b5de1d0>]}
[0m19:55:57.445419 [debug] [MainThread]: Flushing usage events
[0m19:55:58.625080 [debug] [MainThread]: An error was encountered while trying to flush usage events
[0m19:59:16.539825 [debug] [MainThread]: Sending event: {'category': 'dbt', 'action': 'invocation', 'label': 'start', 'context': [<snowplow_tracker.self_describing_json.SelfDescribingJson object at 0x10b1eead0>, <snowplow_tracker.self_describing_json.SelfDescribingJson object at 0x10e291c10>, <snowplow_tracker.self_describing_json.SelfDescribingJson object at 0x10e292b50>]}


============================== 19:59:16.542604 | 2c0c1cee-d231-4de4-b812-5920c81ef9ba ==============================
[0m19:59:16.542604 [info ] [MainThread]: Running with dbt=1.12.5
[0m19:59:16.542898 [debug] [MainThread]: running dbt with arguments {'log_format': 'default', 'static_parser': 'True', 'use_experimental_parser': 'False', 'fail_fast': 'False', 'use_colors': 'True', 'log_cache_events': 'False', 'send_anonymous_usage_stats': 'True', 'partial_parse': 'True', 'maximum_seed_size_mib': '1', 'hints_enabled': 'True', 'version_check': 'True', 'quiet': 'False', 'target_path': 'None', 'warn_error_options': 'WarnErrorOptionsV2(error=[], warn=[], silence=[])', 'no_print': 'None', 'printer_width': '80', 'profiles_dir': '/Users/tanvigharbudve/Desktop/projects/hmart_sql/hmart', 'invocation_command': 'dbt run', 'write_json': 'True', 'cache_selected_only': 'False', 'empty': 'False', 'indirect_selection': 'eager', 'introspect': 'True', 'log_path': '/Users/tanvigharbudve/Desktop/projects/hmart_sql/hmart/logs', 'debug': 'False', 'warn_error': 'None'}
[0m19:59:16.544322 [error] [MainThread]: [[31mERROR[0m]: Encountered an error:
Runtime Error
  Could not find profile named 'hmart'
[0m19:59:16.545713 [debug] [MainThread]: Resource report: {"command_name": "run", "command_success": false, "command_wall_clock_time": 0.04662954, "process_in_blocks": "0", "process_kernel_time": 0.117448, "process_mem_max_rss": "119422976", "process_out_blocks": "0", "process_user_time": 0.60828}
[0m19:59:16.545928 [debug] [MainThread]: Command `dbt run` failed at 19:59:16.545886 after 0.05 seconds
[0m19:59:16.546079 [debug] [MainThread]: Sending event: {'category': 'dbt', 'action': 'invocation', 'label': 'end', 'context': [<snowplow_tracker.self_describing_json.SelfDescribingJson object at 0x10e292a10>, <snowplow_tracker.self_describing_json.SelfDescribingJson object at 0x10e2925d0>, <snowplow_tracker.self_describing_json.SelfDescribingJson object at 0x10e18bd50>]}
[0m19:59:16.546226 [debug] [MainThread]: Flushing usage events
[0m19:59:19.167868 [debug] [MainThread]: An error was encountered while trying to flush usage events
[0m19:59:33.796270 [debug] [MainThread]: Sending event: {'category': 'dbt', 'action': 'invocation', 'label': 'start', 'context': [<snowplow_tracker.self_describing_json.SelfDescribingJson object at 0x10a245fd0>, <snowplow_tracker.self_describing_json.SelfDescribingJson object at 0x10a3462d0>, <snowplow_tracker.self_describing_json.SelfDescribingJson object at 0x10a346b10>]}


============================== 19:59:33.798184 | 01786f19-494e-4b29-b31b-40e3dc736ef7 ==============================
[0m19:59:33.798184 [info ] [MainThread]: Running with dbt=1.12.5
[0m19:59:33.798454 [debug] [MainThread]: running dbt with arguments {'warn_error': 'None', 'log_path': '/Users/tanvigharbudve/Desktop/projects/hmart_sql/hmart/logs', 'maximum_seed_size_mib': '1', 'quiet': 'False', 'warn_error_options': 'WarnErrorOptionsV2(error=[], warn=[], silence=[])', 'static_parser': 'True', 'empty': 'False', 'use_colors': 'True', 'version_check': 'True', 'printer_width': '80', 'use_experimental_parser': 'False', 'cache_selected_only': 'False', 'indirect_selection': 'eager', 'fail_fast': 'False', 'log_cache_events': 'False', 'debug': 'False', 'log_format': 'default', 'introspect': 'True', 'send_anonymous_usage_stats': 'True', 'write_json': 'True', 'partial_parse': 'True', 'target_path': 'None', 'hints_enabled': 'True', 'no_print': 'None', 'profiles_dir': '/Users/tanvigharbudve/.dbt', 'invocation_command': 'dbt run'}
[0m19:59:33.799749 [error] [MainThread]: [[31mERROR[0m]: Encountered an error:
Runtime Error
  Could not find profile named 'hmart'
[0m19:59:33.801014 [debug] [MainThread]: Resource report: {"command_name": "run", "command_success": false, "command_wall_clock_time": 0.040949542, "process_in_blocks": "0", "process_kernel_time": 0.0963, "process_mem_max_rss": "119291904", "process_out_blocks": "0", "process_user_time": 0.587401}
[0m19:59:33.801234 [debug] [MainThread]: Command `dbt run` failed at 19:59:33.801189 after 0.04 seconds
[0m19:59:33.801394 [debug] [MainThread]: Sending event: {'category': 'dbt', 'action': 'invocation', 'label': 'end', 'context': [<snowplow_tracker.self_describing_json.SelfDescribingJson object at 0x108411b90>, <snowplow_tracker.self_describing_json.SelfDescribingJson object at 0x10a345510>, <snowplow_tracker.self_describing_json.SelfDescribingJson object at 0x10a235dd0>]}
[0m19:59:33.801547 [debug] [MainThread]: Flushing usage events
[0m19:59:35.336541 [debug] [MainThread]: An error was encountered while trying to flush usage events
[0m20:01:26.271979 [debug] [MainThread]: Sending event: {'category': 'dbt', 'action': 'invocation', 'label': 'start', 'context': [<snowplow_tracker.self_describing_json.SelfDescribingJson object at 0x106e2b850>, <snowplow_tracker.self_describing_json.SelfDescribingJson object at 0x109d51a90>, <snowplow_tracker.self_describing_json.SelfDescribingJson object at 0x109d52c50>]}


============================== 20:01:26.274733 | c567439c-557e-47d2-bd76-8c77921503d0 ==============================
[0m20:01:26.274733 [info ] [MainThread]: Running with dbt=1.12.5
[0m20:01:26.275019 [debug] [MainThread]: running dbt with arguments {'empty': 'False', 'fail_fast': 'False', 'maximum_seed_size_mib': '1', 'cache_selected_only': 'False', 'invocation_command': 'dbt run', 'version_check': 'True', 'target_path': 'None', 'profiles_dir': '/Users/tanvigharbudve/.dbt', 'hints_enabled': 'True', 'send_anonymous_usage_stats': 'True', 'warn_error_options': 'WarnErrorOptionsV2(error=[], warn=[], silence=[])', 'debug': 'False', 'introspect': 'True', 'static_parser': 'True', 'indirect_selection': 'eager', 'use_colors': 'True', 'quiet': 'False', 'log_cache_events': 'False', 'partial_parse': 'True', 'use_experimental_parser': 'False', 'write_json': 'True', 'log_format': 'default', 'no_print': 'None', 'log_path': '/Users/tanvigharbudve/Desktop/projects/hmart_sql/hmart/logs', 'warn_error': 'None', 'printer_width': '80'}
[0m20:01:26.523582 [debug] [MainThread]: Sending event: {'category': 'dbt', 'action': 'project_id', 'label': 'c567439c-557e-47d2-bd76-8c77921503d0', 'context': [<snowplow_tracker.self_describing_json.SelfDescribingJson object at 0x10abbbbd0>]}
[0m20:01:26.547067 [debug] [MainThread]: Sending event: {'category': 'dbt', 'action': 'adapter_info', 'label': 'c567439c-557e-47d2-bd76-8c77921503d0', 'context': [<snowplow_tracker.self_describing_json.SelfDescribingJson object at 0x108a3bcd0>]}
[0m20:01:26.547696 [info ] [MainThread]: Registered adapter: snowflake=1.9.0
[0m20:01:26.601957 [debug] [MainThread]: checksum: 45a02549dde2b41a1199d675c935f59a553ec318be0f791f50a7baabda8f1355, vars: {}, profile: hmart, target: dev, version: 1.12.5
[0m20:01:26.642661 [debug] [MainThread]: Partial parsing enabled: 0 files deleted, 0 files added, 0 files changed.
[0m20:01:26.642894 [debug] [MainThread]: Nothing changed, skipping partial parsing.
[0m20:01:26.643003 [debug] [MainThread]: Partial parsing enabled, no changes found, skipping parsing
[0m20:01:26.645372 [warn ] [MainThread]: [[33mWARNING[0m]: Configuration paths exist in your dbt_project.yml file which do not apply to any resources.
There are 2 unused configuration paths:
- models.hmart.models.dim
- models.hmart.models
[0m20:01:26.647151 [debug] [MainThread]: Sending event: {'category': 'dbt', 'action': 'load_project', 'label': 'c567439c-557e-47d2-bd76-8c77921503d0', 'context': [<snowplow_tracker.self_describing_json.SelfDescribingJson object at 0x10b0e8050>]}
[0m20:01:26.686163 [debug] [MainThread]: Wrote artifact WritableManifest to /Users/tanvigharbudve/Desktop/projects/hmart_sql/hmart/target/manifest.json
[0m20:01:26.688449 [debug] [MainThread]: Wrote artifact SemanticManifest to /Users/tanvigharbudve/Desktop/projects/hmart_sql/hmart/target/semantic_manifest.json
[0m20:01:26.700547 [debug] [MainThread]: Wrote artifact OsiDocument to /Users/tanvigharbudve/Desktop/projects/hmart_sql/hmart/target/osi_document.json
[0m20:01:26.705711 [debug] [MainThread]: Sending event: {'category': 'dbt', 'action': 'resource_counts', 'label': 'c567439c-557e-47d2-bd76-8c77921503d0', 'context': [<snowplow_tracker.self_describing_json.SelfDescribingJson object at 0x10af6b190>]}
[0m20:01:26.705929 [info ] [MainThread]: Found 5 models, 514 macros
[0m20:01:26.706078 [debug] [MainThread]: Sending event: {'category': 'dbt', 'action': 'runnable_timing', 'label': 'c567439c-557e-47d2-bd76-8c77921503d0', 'context': [<snowplow_tracker.self_describing_json.SelfDescribingJson object at 0x10af16d50>]}
[0m20:01:26.706873 [info ] [MainThread]: 
[0m20:01:26.707015 [info ] [MainThread]: Concurrency: 1 threads (target='dev')
[0m20:01:26.707126 [info ] [MainThread]: 
[0m20:01:26.707344 [debug] [MainThread]: Acquiring new snowflake connection 'master'
[0m20:01:26.709302 [debug] [ThreadPool]: Acquiring new snowflake connection 'list_HMART'
[0m20:01:26.747420 [debug] [ThreadPool]: Using snowflake connection "list_HMART"
[0m20:01:26.747607 [debug] [ThreadPool]: On list_HMART: /* {"app": "dbt", "dbt_version": "1.12.5", "profile_name": "hmart", "target_name": "dev", "connection_name": "list_HMART"} */
show terse schemas in database HMART
    limit 10000
[0m20:01:26.747723 [debug] [ThreadPool]: Opening a new connection, currently in state init
[0m20:01:29.744333 [debug] [ThreadPool]: SQL status: SUCCESS 3 in 2.996 seconds
[0m20:01:29.747553 [debug] [ThreadPool]: Re-using an available connection from the pool (formerly list_HMART, now create_HMART_DEV)
[0m20:01:29.748201 [debug] [ThreadPool]: Creating schema "database: "HMART"
schema: "DEV"
"
[0m20:01:29.754078 [debug] [ThreadPool]: Using snowflake connection "create_HMART_DEV"
[0m20:01:29.754446 [debug] [ThreadPool]: On create_HMART_DEV: /* {"app": "dbt", "dbt_version": "1.12.5", "profile_name": "hmart", "target_name": "dev", "connection_name": "create_HMART_DEV"} */
create schema if not exists HMART.DEV
[0m20:01:30.211428 [debug] [ThreadPool]: SQL status: SUCCESS 1 in 0.456 seconds
[0m20:01:30.215337 [debug] [ThreadPool]: Re-using an available connection from the pool (formerly create_HMART_DEV, now list_HMART_DEV)
[0m20:01:30.226896 [debug] [ThreadPool]: Using snowflake connection "list_HMART_DEV"
[0m20:01:30.227326 [debug] [ThreadPool]: On list_HMART_DEV: /* {"app": "dbt", "dbt_version": "1.12.5", "profile_name": "hmart", "target_name": "dev", "connection_name": "list_HMART_DEV"} */
show objects in HMART.DEV limit 10000;
[0m20:01:30.402144 [debug] [ThreadPool]: SQL status: SUCCESS 0 in 0.174 seconds
[0m20:01:30.404667 [debug] [MainThread]: Sending event: {'category': 'dbt', 'action': 'runnable_timing', 'label': 'c567439c-557e-47d2-bd76-8c77921503d0', 'context': [<snowplow_tracker.self_describing_json.SelfDescribingJson object at 0x109d10b50>]}
[0m20:01:30.407646 [debug] [Thread-1 (]: Began running node model.hmart.src_customers
[0m20:01:30.408244 [info ] [Thread-1 (]: 1 of 5 START sql view model DEV.src_customers .................................. [RUN]
[0m20:01:30.408736 [debug] [Thread-1 (]: Re-using an available connection from the pool (formerly list_HMART_DEV, now model.hmart.src_customers)
[0m20:01:30.409063 [debug] [Thread-1 (]: Began compiling node model.hmart.src_customers
[0m20:01:30.413866 [debug] [Thread-1 (]: Writing injected SQL for node "model.hmart.src_customers"
[0m20:01:30.415037 [debug] [Thread-1 (]: Began executing node model.hmart.src_customers
[0m20:01:30.433742 [debug] [Thread-1 (]: Writing runtime sql for node "model.hmart.src_customers"
[0m20:01:30.434838 [debug] [Thread-1 (]: Using snowflake connection "model.hmart.src_customers"
[0m20:01:30.435078 [debug] [Thread-1 (]: On model.hmart.src_customers: /* {"app": "dbt", "dbt_version": "1.12.5", "profile_name": "hmart", "target_name": "dev", "node_id": "model.hmart.src_customers"} */
create or replace   view HMART.DEV.src_customers
  
   as (
    WITH raw_customers as (
    SELECT * FROM HMART.RAW.RAW_CUSTOMERS
)

SELECT customer_id,
    CONCAT(first_name, ' ', last_name) as customer_name,
    email,
    phone,
    country,
    city,
    gender,
    birth_date,
    signup_date,
    loyalty_tier,
    is_active,
    email_missing
FROM raw_customers
  );
[0m20:01:30.757878 [debug] [Thread-1 (]: SQL status: SUCCESS 1 in 0.322 seconds
[0m20:01:30.788952 [debug] [Thread-1 (]: Sending event: {'category': 'dbt', 'action': 'run_model', 'label': 'c567439c-557e-47d2-bd76-8c77921503d0', 'context': [<snowplow_tracker.self_describing_json.SelfDescribingJson object at 0x1118ec0d0>]}
[0m20:01:30.789641 [info ] [Thread-1 (]: 1 of 5 OK created sql view model DEV.src_customers ............................. [[32mSUCCESS 1[0m in 0.38s]
[0m20:01:30.790117 [debug] [Thread-1 (]: Finished running node model.hmart.src_customers
[0m20:01:30.790453 [debug] [Thread-1 (]: Began running node model.hmart.src_order_items
[0m20:01:30.790820 [info ] [Thread-1 (]: 2 of 5 START sql view model DEV.src_order_items ................................ [RUN]
[0m20:01:30.791288 [debug] [Thread-1 (]: Re-using an available connection from the pool (formerly model.hmart.src_customers, now model.hmart.src_order_items)
[0m20:01:30.791599 [debug] [Thread-1 (]: Began compiling node model.hmart.src_order_items
[0m20:01:30.792543 [debug] [Thread-1 (]: Writing injected SQL for node "model.hmart.src_order_items"
[0m20:01:30.793211 [debug] [Thread-1 (]: Began executing node model.hmart.src_order_items
[0m20:01:30.795055 [debug] [Thread-1 (]: Writing runtime sql for node "model.hmart.src_order_items"
[0m20:01:30.795816 [debug] [Thread-1 (]: Using snowflake connection "model.hmart.src_order_items"
[0m20:01:30.796173 [debug] [Thread-1 (]: On model.hmart.src_order_items: /* {"app": "dbt", "dbt_version": "1.12.5", "profile_name": "hmart", "target_name": "dev", "node_id": "model.hmart.src_order_items"} */
create or replace   view HMART.DEV.src_order_items
  
   as (
    WITH src_order_items AS (
    SELECT * FROM HMART.RAW.RAW_ORDER_ITEMS
)

SELECT
    order_item_id,
    order_id,
    product_id,
    quantity,
    unit_price,
    discount_pct,
    line_total
FROM src_order_items
  );
[0m20:01:31.188222 [debug] [Thread-1 (]: SQL status: SUCCESS 1 in 0.391 seconds
[0m20:01:31.192504 [debug] [Thread-1 (]: Sending event: {'category': 'dbt', 'action': 'run_model', 'label': 'c567439c-557e-47d2-bd76-8c77921503d0', 'context': [<snowplow_tracker.self_describing_json.SelfDescribingJson object at 0x111a849d0>]}
[0m20:01:31.193481 [info ] [Thread-1 (]: 2 of 5 OK created sql view model DEV.src_order_items ........................... [[32mSUCCESS 1[0m in 0.40s]
[0m20:01:31.194122 [debug] [Thread-1 (]: Finished running node model.hmart.src_order_items
[0m20:01:31.194615 [debug] [Thread-1 (]: Began running node model.hmart.src_orders
[0m20:01:31.195285 [info ] [Thread-1 (]: 3 of 5 START sql view model DEV.src_orders ..................................... [RUN]
[0m20:01:31.195876 [debug] [Thread-1 (]: Re-using an available connection from the pool (formerly model.hmart.src_order_items, now model.hmart.src_orders)
[0m20:01:31.196270 [debug] [Thread-1 (]: Began compiling node model.hmart.src_orders
[0m20:01:31.197849 [debug] [Thread-1 (]: Writing injected SQL for node "model.hmart.src_orders"
[0m20:01:31.198942 [debug] [Thread-1 (]: Began executing node model.hmart.src_orders
[0m20:01:31.201630 [debug] [Thread-1 (]: Writing runtime sql for node "model.hmart.src_orders"
[0m20:01:31.202963 [debug] [Thread-1 (]: Using snowflake connection "model.hmart.src_orders"
[0m20:01:31.203321 [debug] [Thread-1 (]: On model.hmart.src_orders: /* {"app": "dbt", "dbt_version": "1.12.5", "profile_name": "hmart", "target_name": "dev", "node_id": "model.hmart.src_orders"} */
create or replace   view HMART.DEV.src_orders
  
   as (
    WITH src_orders AS (
    SELECT * FROM HMART.RAW.RAW_ORDERS
)

SELECT 
    order_id,
    customer_id,
    order_ts,
    status,
    channel,
    shipping_country,
    coupon_code
FROM src_orders
  );
[0m20:01:31.502001 [debug] [Thread-1 (]: SQL status: SUCCESS 1 in 0.298 seconds
[0m20:01:31.507171 [debug] [Thread-1 (]: Sending event: {'category': 'dbt', 'action': 'run_model', 'label': 'c567439c-557e-47d2-bd76-8c77921503d0', 'context': [<snowplow_tracker.self_describing_json.SelfDescribingJson object at 0x111839110>]}
[0m20:01:31.508405 [info ] [Thread-1 (]: 3 of 5 OK created sql view model DEV.src_orders ................................ [[32mSUCCESS 1[0m in 0.31s]
[0m20:01:31.509190 [debug] [Thread-1 (]: Finished running node model.hmart.src_orders
[0m20:01:31.509695 [debug] [Thread-1 (]: Began running node model.hmart.src_payments
[0m20:01:31.510338 [info ] [Thread-1 (]: 4 of 5 START sql view model DEV.src_payments ................................... [RUN]
[0m20:01:31.510958 [debug] [Thread-1 (]: Re-using an available connection from the pool (formerly model.hmart.src_orders, now model.hmart.src_payments)
[0m20:01:31.511400 [debug] [Thread-1 (]: Began compiling node model.hmart.src_payments
[0m20:01:31.513027 [debug] [Thread-1 (]: Writing injected SQL for node "model.hmart.src_payments"
[0m20:01:31.514268 [debug] [Thread-1 (]: Began executing node model.hmart.src_payments
[0m20:01:31.517797 [debug] [Thread-1 (]: Writing runtime sql for node "model.hmart.src_payments"
[0m20:01:31.520148 [debug] [Thread-1 (]: Using snowflake connection "model.hmart.src_payments"
[0m20:01:31.520681 [debug] [Thread-1 (]: On model.hmart.src_payments: /* {"app": "dbt", "dbt_version": "1.12.5", "profile_name": "hmart", "target_name": "dev", "node_id": "model.hmart.src_payments"} */
create or replace   view HMART.DEV.src_payments
  
   as (
    WITH src_payments AS (
    SELECT * FROM HMART.RAW.RAW_PAYMENTS
)

SELECT 
    payment_id,
    order_id,
    method,
    amount,
    currency,
    payment_status,
    amount_recomputed 
FROM src_payments
  );
[0m20:01:32.134575 [debug] [Thread-1 (]: SQL status: SUCCESS 1 in 0.613 seconds
[0m20:01:32.139600 [debug] [Thread-1 (]: Sending event: {'category': 'dbt', 'action': 'run_model', 'label': 'c567439c-557e-47d2-bd76-8c77921503d0', 'context': [<snowplow_tracker.self_describing_json.SelfDescribingJson object at 0x111a84650>]}
[0m20:01:32.140560 [info ] [Thread-1 (]: 4 of 5 OK created sql view model DEV.src_payments .............................. [[32mSUCCESS 1[0m in 0.63s]
[0m20:01:32.141262 [debug] [Thread-1 (]: Finished running node model.hmart.src_payments
[0m20:01:32.141783 [debug] [Thread-1 (]: Began running node model.hmart.src_products
[0m20:01:32.142510 [info ] [Thread-1 (]: 5 of 5 START sql view model DEV.src_products ................................... [RUN]
[0m20:01:32.143186 [debug] [Thread-1 (]: Re-using an available connection from the pool (formerly model.hmart.src_payments, now model.hmart.src_products)
[0m20:01:32.143642 [debug] [Thread-1 (]: Began compiling node model.hmart.src_products
[0m20:01:32.145300 [debug] [Thread-1 (]: Writing injected SQL for node "model.hmart.src_products"
[0m20:01:32.146516 [debug] [Thread-1 (]: Began executing node model.hmart.src_products
[0m20:01:32.149726 [debug] [Thread-1 (]: Writing runtime sql for node "model.hmart.src_products"
[0m20:01:32.151503 [debug] [Thread-1 (]: Using snowflake connection "model.hmart.src_products"
[0m20:01:32.151974 [debug] [Thread-1 (]: On model.hmart.src_products: /* {"app": "dbt", "dbt_version": "1.12.5", "profile_name": "hmart", "target_name": "dev", "node_id": "model.hmart.src_products"} */
create or replace   view HMART.DEV.src_products
  
   as (
    WITH src_products as (
    SELECT * FROM HMART.RAW.RAW_PRODUCTS
)

SELECT 
    product_id,
    sku,
    product_name,
    category,
    subcategory,
    brand,
    unit_cost,
    unit_price,
    weight_kg,
    created_at,
    is_discontinued,
    price_imputed
FROM src_products
  );
[0m20:01:32.440698 [debug] [Thread-1 (]: SQL status: SUCCESS 1 in 0.288 seconds
[0m20:01:32.445508 [debug] [Thread-1 (]: Sending event: {'category': 'dbt', 'action': 'run_model', 'label': 'c567439c-557e-47d2-bd76-8c77921503d0', 'context': [<snowplow_tracker.self_describing_json.SelfDescribingJson object at 0x111a45810>]}
[0m20:01:32.446511 [info ] [Thread-1 (]: 5 of 5 OK created sql view model DEV.src_products .............................. [[32mSUCCESS 1[0m in 0.30s]
[0m20:01:32.447212 [debug] [Thread-1 (]: Finished running node model.hmart.src_products
[0m20:01:32.448929 [debug] [MainThread]: Connection 'master' was properly closed.
[0m20:01:32.449345 [debug] [MainThread]: Connection 'model.hmart.src_products' was left open.
[0m20:01:32.449696 [debug] [MainThread]: On model.hmart.src_products: Close
[0m20:01:32.675574 [info ] [MainThread]: 
[0m20:01:32.676531 [info ] [MainThread]: Finished running 5 view models in 0 hours 0 minutes and 5.97 seconds (5.97s).
[0m20:01:32.678003 [debug] [MainThread]: Command end result
[0m20:01:32.713069 [debug] [MainThread]: Wrote artifact WritableManifest to /Users/tanvigharbudve/Desktop/projects/hmart_sql/hmart/target/manifest.json
[0m20:01:32.715131 [debug] [MainThread]: Wrote artifact SemanticManifest to /Users/tanvigharbudve/Desktop/projects/hmart_sql/hmart/target/semantic_manifest.json
[0m20:01:32.717078 [debug] [MainThread]: Wrote artifact OsiDocument to /Users/tanvigharbudve/Desktop/projects/hmart_sql/hmart/target/osi_document.json
[0m20:01:32.721379 [debug] [MainThread]: Wrote artifact RunExecutionResult to /Users/tanvigharbudve/Desktop/projects/hmart_sql/hmart/target/run_results.json
[0m20:01:32.721584 [info ] [MainThread]: 
[0m20:01:32.721804 [info ] [MainThread]: [32mCompleted successfully[0m
[0m20:01:32.721980 [info ] [MainThread]: 
[0m20:01:32.722164 [info ] [MainThread]: Done. PASS=5 WARN=0 ERROR=0 SKIP=0 NO-OP=0 REUSED=0 TOTAL=5
[0m20:01:32.724280 [debug] [MainThread]: Resource report: {"command_name": "run", "command_success": true, "command_wall_clock_time": 6.489645, "process_in_blocks": "0", "process_kernel_time": 0.244873, "process_mem_max_rss": "184844288", "process_out_blocks": "0", "process_user_time": 1.262763}
[0m20:01:32.724646 [debug] [MainThread]: Command `dbt run` succeeded at 20:01:32.724599 after 6.49 seconds
[0m20:01:32.724855 [debug] [MainThread]: Sending event: {'category': 'dbt', 'action': 'invocation', 'label': 'end', 'context': [<snowplow_tracker.self_describing_json.SelfDescribingJson object at 0x109d31950>, <snowplow_tracker.self_describing_json.SelfDescribingJson object at 0x109d31410>, <snowplow_tracker.self_describing_json.SelfDescribingJson object at 0x109c26f90>]}
[0m20:01:32.725050 [debug] [MainThread]: Flushing usage events
[0m20:01:37.131810 [debug] [MainThread]: An error was encountered while trying to flush usage events
[0m21:36:51.390726 [debug] [MainThread]: Sending event: {'category': 'dbt', 'action': 'invocation', 'label': 'start', 'context': [<snowplow_tracker.self_describing_json.SelfDescribingJson object at 0x10bda36d0>, <snowplow_tracker.self_describing_json.SelfDescribingJson object at 0x10bea9b10>, <snowplow_tracker.self_describing_json.SelfDescribingJson object at 0x10beaa450>]}


============================== 21:36:51.394336 | 59a23aaa-9f48-4cdc-8de9-b2c5a2898477 ==============================
[0m21:36:51.394336 [info ] [MainThread]: Running with dbt=1.12.5
[0m21:36:51.394618 [debug] [MainThread]: running dbt with arguments {'quiet': 'False', 'log_format': 'default', 'use_experimental_parser': 'False', 'warn_error_options': 'WarnErrorOptionsV2(error=[], warn=[], silence=[])', 'introspect': 'True', 'invocation_command': 'dbt run', 'partial_parse': 'True', 'maximum_seed_size_mib': '1', 'version_check': 'True', 'cache_selected_only': 'False', 'hints_enabled': 'True', 'no_print': 'None', 'log_path': '/Users/tanvigharbudve/Desktop/projects/hmart_sql/hmart/logs', 'debug': 'False', 'target_path': 'None', 'profiles_dir': '/Users/tanvigharbudve/.dbt', 'indirect_selection': 'eager', 'empty': 'False', 'printer_width': '80', 'send_anonymous_usage_stats': 'True', 'static_parser': 'True', 'use_colors': 'True', 'write_json': 'True', 'fail_fast': 'False', 'log_cache_events': 'False', 'warn_error': 'None'}
[0m21:36:51.636487 [debug] [MainThread]: Sending event: {'category': 'dbt', 'action': 'project_id', 'label': '59a23aaa-9f48-4cdc-8de9-b2c5a2898477', 'context': [<snowplow_tracker.self_describing_json.SelfDescribingJson object at 0x10b32f6d0>]}
[0m21:36:51.659479 [debug] [MainThread]: Sending event: {'category': 'dbt', 'action': 'adapter_info', 'label': '59a23aaa-9f48-4cdc-8de9-b2c5a2898477', 'context': [<snowplow_tracker.self_describing_json.SelfDescribingJson object at 0x10ab9bc90>]}
[0m21:36:51.660028 [info ] [MainThread]: Registered adapter: snowflake=1.9.0
[0m21:36:51.713252 [debug] [MainThread]: checksum: 45a02549dde2b41a1199d675c935f59a553ec318be0f791f50a7baabda8f1355, vars: {}, profile: hmart, target: dev, version: 1.12.5
[0m21:36:51.756231 [debug] [MainThread]: Partial parsing enabled: 0 files deleted, 0 files added, 0 files changed.
[0m21:36:51.756452 [debug] [MainThread]: Nothing changed, skipping partial parsing.
[0m21:36:51.756568 [debug] [MainThread]: Partial parsing enabled, no changes found, skipping parsing
[0m21:36:51.759121 [warn ] [MainThread]: [[33mWARNING[0m]: Configuration paths exist in your dbt_project.yml file which do not apply to any resources.
There are 2 unused configuration paths:
- models.hmart.models.dim
- models.hmart.models
[0m21:36:51.760995 [debug] [MainThread]: Sending event: {'category': 'dbt', 'action': 'load_project', 'label': '59a23aaa-9f48-4cdc-8de9-b2c5a2898477', 'context': [<snowplow_tracker.self_describing_json.SelfDescribingJson object at 0x10d0b5450>]}
[0m21:36:51.800583 [debug] [MainThread]: Wrote artifact WritableManifest to /Users/tanvigharbudve/Desktop/projects/hmart_sql/hmart/target/manifest.json
[0m21:36:51.802236 [debug] [MainThread]: Wrote artifact SemanticManifest to /Users/tanvigharbudve/Desktop/projects/hmart_sql/hmart/target/semantic_manifest.json
[0m21:36:51.813465 [debug] [MainThread]: Wrote artifact OsiDocument to /Users/tanvigharbudve/Desktop/projects/hmart_sql/hmart/target/osi_document.json
[0m21:36:51.818555 [debug] [MainThread]: Sending event: {'category': 'dbt', 'action': 'resource_counts', 'label': '59a23aaa-9f48-4cdc-8de9-b2c5a2898477', 'context': [<snowplow_tracker.self_describing_json.SelfDescribingJson object at 0x10cf97d90>]}
[0m21:36:51.818771 [info ] [MainThread]: Found 7 models, 514 macros
[0m21:36:51.818913 [debug] [MainThread]: Sending event: {'category': 'dbt', 'action': 'runnable_timing', 'label': '59a23aaa-9f48-4cdc-8de9-b2c5a2898477', 'context': [<snowplow_tracker.self_describing_json.SelfDescribingJson object at 0x10cf4b850>]}
[0m21:36:51.819727 [info ] [MainThread]: 
[0m21:36:51.819872 [info ] [MainThread]: Concurrency: 1 threads (target='dev')
[0m21:36:51.819987 [info ] [MainThread]: 
[0m21:36:51.820216 [debug] [MainThread]: Acquiring new snowflake connection 'master'
[0m21:36:51.822471 [debug] [ThreadPool]: Acquiring new snowflake connection 'list_HMART'
[0m21:36:51.860123 [debug] [ThreadPool]: Using snowflake connection "list_HMART"
[0m21:36:51.860300 [debug] [ThreadPool]: On list_HMART: /* {"app": "dbt", "dbt_version": "1.12.5", "profile_name": "hmart", "target_name": "dev", "connection_name": "list_HMART"} */
show terse schemas in database HMART
    limit 10000
[0m21:36:51.860407 [debug] [ThreadPool]: Opening a new connection, currently in state init
[0m21:36:54.999783 [debug] [ThreadPool]: SQL status: SUCCESS 4 in 3.139 seconds
[0m21:36:55.004252 [debug] [ThreadPool]: Re-using an available connection from the pool (formerly list_HMART, now list_HMART_DEV)
[0m21:36:55.017416 [debug] [ThreadPool]: Using snowflake connection "list_HMART_DEV"
[0m21:36:55.017907 [debug] [ThreadPool]: On list_HMART_DEV: /* {"app": "dbt", "dbt_version": "1.12.5", "profile_name": "hmart", "target_name": "dev", "connection_name": "list_HMART_DEV"} */
show objects in HMART.DEV limit 10000;
[0m21:36:55.198937 [debug] [ThreadPool]: SQL status: SUCCESS 5 in 0.181 seconds
[0m21:36:55.203735 [debug] [MainThread]: Sending event: {'category': 'dbt', 'action': 'runnable_timing', 'label': '59a23aaa-9f48-4cdc-8de9-b2c5a2898477', 'context': [<snowplow_tracker.self_describing_json.SelfDescribingJson object at 0x109f66f10>]}
[0m21:36:55.208473 [debug] [Thread-1 (]: Began running node model.hmart.src_customers
[0m21:36:55.209220 [info ] [Thread-1 (]: 1 of 7 START sql view model DEV.src_customers .................................. [RUN]
[0m21:36:55.210112 [debug] [Thread-1 (]: Re-using an available connection from the pool (formerly list_HMART_DEV, now model.hmart.src_customers)
[0m21:36:55.210491 [debug] [Thread-1 (]: Began compiling node model.hmart.src_customers
[0m21:36:55.216134 [debug] [Thread-1 (]: Writing injected SQL for node "model.hmart.src_customers"
[0m21:36:55.217530 [debug] [Thread-1 (]: Began executing node model.hmart.src_customers
[0m21:36:55.239435 [debug] [Thread-1 (]: Writing runtime sql for node "model.hmart.src_customers"
[0m21:36:55.240511 [debug] [Thread-1 (]: Using snowflake connection "model.hmart.src_customers"
[0m21:36:55.240777 [debug] [Thread-1 (]: On model.hmart.src_customers: /* {"app": "dbt", "dbt_version": "1.12.5", "profile_name": "hmart", "target_name": "dev", "node_id": "model.hmart.src_customers"} */
create or replace   view HMART.DEV.src_customers
  
   as (
    WITH raw_customers as (
    SELECT * FROM HMART.RAW.RAW_CUSTOMERS
)

SELECT customer_id,
    CONCAT(first_name, ' ', last_name) as customer_name,
    email,
    phone,
    country,
    city,
    gender,
    birth_date,
    signup_date,
    loyalty_tier,
    is_active,
    email_missing
FROM raw_customers
  );
[0m21:36:55.652490 [debug] [Thread-1 (]: SQL status: SUCCESS 1 in 0.411 seconds
[0m21:36:55.664164 [debug] [Thread-1 (]: Sending event: {'category': 'dbt', 'action': 'run_model', 'label': '59a23aaa-9f48-4cdc-8de9-b2c5a2898477', 'context': [<snowplow_tracker.self_describing_json.SelfDescribingJson object at 0x10be25750>]}
[0m21:36:55.664478 [info ] [Thread-1 (]: 1 of 7 OK created sql view model DEV.src_customers ............................. [[32mSUCCESS 1[0m in 0.45s]
[0m21:36:55.664723 [debug] [Thread-1 (]: Finished running node model.hmart.src_customers
[0m21:36:55.664895 [debug] [Thread-1 (]: Began running node model.hmart.src_order_items
[0m21:36:55.665150 [info ] [Thread-1 (]: 2 of 7 START sql view model DEV.src_order_items ................................ [RUN]
[0m21:36:55.665432 [debug] [Thread-1 (]: Re-using an available connection from the pool (formerly model.hmart.src_customers, now model.hmart.src_order_items)
[0m21:36:55.665596 [debug] [Thread-1 (]: Began compiling node model.hmart.src_order_items
[0m21:36:55.666055 [debug] [Thread-1 (]: Writing injected SQL for node "model.hmart.src_order_items"
[0m21:36:55.666510 [debug] [Thread-1 (]: Began executing node model.hmart.src_order_items
[0m21:36:55.667534 [debug] [Thread-1 (]: Writing runtime sql for node "model.hmart.src_order_items"
[0m21:36:55.667960 [debug] [Thread-1 (]: Using snowflake connection "model.hmart.src_order_items"
[0m21:36:55.668113 [debug] [Thread-1 (]: On model.hmart.src_order_items: /* {"app": "dbt", "dbt_version": "1.12.5", "profile_name": "hmart", "target_name": "dev", "node_id": "model.hmart.src_order_items"} */
create or replace   view HMART.DEV.src_order_items
  
   as (
    WITH src_order_items AS (
    SELECT * FROM HMART.RAW.RAW_ORDER_ITEMS
)

SELECT
    order_item_id,
    order_id,
    product_id,
    quantity,
    unit_price,
    discount_pct,
    line_total
FROM src_order_items
  );
[0m21:36:56.041724 [debug] [Thread-1 (]: SQL status: SUCCESS 1 in 0.373 seconds
[0m21:36:56.045610 [debug] [Thread-1 (]: Sending event: {'category': 'dbt', 'action': 'run_model', 'label': '59a23aaa-9f48-4cdc-8de9-b2c5a2898477', 'context': [<snowplow_tracker.self_describing_json.SelfDescribingJson object at 0x10cd17510>]}
[0m21:36:56.046477 [info ] [Thread-1 (]: 2 of 7 OK created sql view model DEV.src_order_items ........................... [[32mSUCCESS 1[0m in 0.38s]
[0m21:36:56.047110 [debug] [Thread-1 (]: Finished running node model.hmart.src_order_items
[0m21:36:56.047514 [debug] [Thread-1 (]: Began running node model.hmart.src_orders
[0m21:36:56.048108 [info ] [Thread-1 (]: 3 of 7 START sql view model DEV.src_orders ..................................... [RUN]
[0m21:36:56.048596 [debug] [Thread-1 (]: Re-using an available connection from the pool (formerly model.hmart.src_order_items, now model.hmart.src_orders)
[0m21:36:56.048905 [debug] [Thread-1 (]: Began compiling node model.hmart.src_orders
[0m21:36:56.050503 [debug] [Thread-1 (]: Writing injected SQL for node "model.hmart.src_orders"
[0m21:36:56.051524 [debug] [Thread-1 (]: Began executing node model.hmart.src_orders
[0m21:36:56.054235 [debug] [Thread-1 (]: Writing runtime sql for node "model.hmart.src_orders"
[0m21:36:56.055445 [debug] [Thread-1 (]: Using snowflake connection "model.hmart.src_orders"
[0m21:36:56.055842 [debug] [Thread-1 (]: On model.hmart.src_orders: /* {"app": "dbt", "dbt_version": "1.12.5", "profile_name": "hmart", "target_name": "dev", "node_id": "model.hmart.src_orders"} */
create or replace   view HMART.DEV.src_orders
  
   as (
    WITH src_orders AS (
    SELECT * FROM HMART.RAW.RAW_ORDERS
)

SELECT 
    order_id,
    customer_id,
    order_ts,
    status,
    channel,
    shipping_country,
    coupon_code
FROM src_orders
  );
[0m21:36:56.325147 [debug] [Thread-1 (]: SQL status: SUCCESS 1 in 0.269 seconds
[0m21:36:56.329585 [debug] [Thread-1 (]: Sending event: {'category': 'dbt', 'action': 'run_model', 'label': '59a23aaa-9f48-4cdc-8de9-b2c5a2898477', 'context': [<snowplow_tracker.self_describing_json.SelfDescribingJson object at 0x10cf9f010>]}
[0m21:36:56.330707 [info ] [Thread-1 (]: 3 of 7 OK created sql view model DEV.src_orders ................................ [[32mSUCCESS 1[0m in 0.28s]
[0m21:36:56.331530 [debug] [Thread-1 (]: Finished running node model.hmart.src_orders
[0m21:36:56.332183 [debug] [Thread-1 (]: Began running node model.hmart.src_payments
[0m21:36:56.332905 [info ] [Thread-1 (]: 4 of 7 START sql view model DEV.src_payments ................................... [RUN]
[0m21:36:56.333589 [debug] [Thread-1 (]: Re-using an available connection from the pool (formerly model.hmart.src_orders, now model.hmart.src_payments)
[0m21:36:56.334050 [debug] [Thread-1 (]: Began compiling node model.hmart.src_payments
[0m21:36:56.335248 [debug] [Thread-1 (]: Writing injected SQL for node "model.hmart.src_payments"
[0m21:36:56.336156 [debug] [Thread-1 (]: Began executing node model.hmart.src_payments
[0m21:36:56.338801 [debug] [Thread-1 (]: Writing runtime sql for node "model.hmart.src_payments"
[0m21:36:56.340279 [debug] [Thread-1 (]: Using snowflake connection "model.hmart.src_payments"
[0m21:36:56.340732 [debug] [Thread-1 (]: On model.hmart.src_payments: /* {"app": "dbt", "dbt_version": "1.12.5", "profile_name": "hmart", "target_name": "dev", "node_id": "model.hmart.src_payments"} */
create or replace   view HMART.DEV.src_payments
  
   as (
    WITH src_payments AS (
    SELECT * FROM HMART.RAW.RAW_PAYMENTS
)

SELECT 
    payment_id,
    order_id,
    method,
    amount,
    currency,
    payment_status,
    amount_recomputed 
FROM src_payments
  );
[0m21:36:56.618841 [debug] [Thread-1 (]: SQL status: SUCCESS 1 in 0.277 seconds
[0m21:36:56.623789 [debug] [Thread-1 (]: Sending event: {'category': 'dbt', 'action': 'run_model', 'label': '59a23aaa-9f48-4cdc-8de9-b2c5a2898477', 'context': [<snowplow_tracker.self_describing_json.SelfDescribingJson object at 0x10e0c4910>]}
[0m21:36:56.624730 [info ] [Thread-1 (]: 4 of 7 OK created sql view model DEV.src_payments .............................. [[32mSUCCESS 1[0m in 0.29s]
[0m21:36:56.625376 [debug] [Thread-1 (]: Finished running node model.hmart.src_payments
[0m21:36:56.625873 [debug] [Thread-1 (]: Began running node model.hmart.src_products
[0m21:36:56.626529 [info ] [Thread-1 (]: 5 of 7 START sql view model DEV.src_products ................................... [RUN]
[0m21:36:56.627139 [debug] [Thread-1 (]: Re-using an available connection from the pool (formerly model.hmart.src_payments, now model.hmart.src_products)
[0m21:36:56.627546 [debug] [Thread-1 (]: Began compiling node model.hmart.src_products
[0m21:36:56.629135 [debug] [Thread-1 (]: Writing injected SQL for node "model.hmart.src_products"
[0m21:36:56.631118 [debug] [Thread-1 (]: Began executing node model.hmart.src_products
[0m21:36:56.633972 [debug] [Thread-1 (]: Writing runtime sql for node "model.hmart.src_products"
[0m21:36:56.635588 [debug] [Thread-1 (]: Using snowflake connection "model.hmart.src_products"
[0m21:36:56.636251 [debug] [Thread-1 (]: On model.hmart.src_products: /* {"app": "dbt", "dbt_version": "1.12.5", "profile_name": "hmart", "target_name": "dev", "node_id": "model.hmart.src_products"} */
create or replace   view HMART.DEV.src_products
  
   as (
    WITH src_products as (
    SELECT * FROM HMART.RAW.RAW_PRODUCTS
)

SELECT 
    product_id,
    sku,
    product_name,
    category,
    subcategory,
    brand,
    unit_cost,
    unit_price,
    weight_kg,
    created_at,
    is_discontinued,
    price_imputed
FROM src_products
  );
[0m21:36:57.209029 [debug] [Thread-1 (]: SQL status: SUCCESS 1 in 0.572 seconds
[0m21:36:57.214231 [debug] [Thread-1 (]: Sending event: {'category': 'dbt', 'action': 'run_model', 'label': '59a23aaa-9f48-4cdc-8de9-b2c5a2898477', 'context': [<snowplow_tracker.self_describing_json.SelfDescribingJson object at 0x10bcbf890>]}
[0m21:36:57.215302 [info ] [Thread-1 (]: 5 of 7 OK created sql view model DEV.src_products .............................. [[32mSUCCESS 1[0m in 0.59s]
[0m21:36:57.215958 [debug] [Thread-1 (]: Finished running node model.hmart.src_products
[0m21:36:57.216380 [debug] [Thread-1 (]: Began running node model.hmart.dim_customers
[0m21:36:57.217112 [info ] [Thread-1 (]: 6 of 7 START sql view model DEV.dim_customers .................................. [RUN]
[0m21:36:57.217623 [debug] [Thread-1 (]: Re-using an available connection from the pool (formerly model.hmart.src_products, now model.hmart.dim_customers)
[0m21:36:57.217983 [debug] [Thread-1 (]: Began compiling node model.hmart.dim_customers
[0m21:36:57.220913 [debug] [Thread-1 (]: Writing injected SQL for node "model.hmart.dim_customers"
[0m21:36:57.222535 [debug] [Thread-1 (]: Began executing node model.hmart.dim_customers
[0m21:36:57.225781 [debug] [Thread-1 (]: Writing runtime sql for node "model.hmart.dim_customers"
[0m21:36:57.227389 [debug] [Thread-1 (]: Using snowflake connection "model.hmart.dim_customers"
[0m21:36:57.227763 [debug] [Thread-1 (]: On model.hmart.dim_customers: /* {"app": "dbt", "dbt_version": "1.12.5", "profile_name": "hmart", "target_name": "dev", "node_id": "model.hmart.dim_customers"} */
create or replace   view HMART.DEV.dim_customers
  
   as (
    WITH src_customers AS (
    SELECT * FROM HMART.DEV.src_customers
)

SELECT 
    customer_id,
    customer_name,
    email,
    phone,
    country,
    city,
    gender,
    birth_date,
    signup_date,
    loyalty_tier,
    is_active,
FROM src_customers;
[0m21:36:57.370030 [debug] [Thread-1 (]: Snowflake adapter: Snowflake query id: 01c738e6-000e-0219-0002-427600022116
[0m21:36:57.370478 [debug] [Thread-1 (]: Snowflake adapter: Snowflake error: 001003 (42000): SQL compilation error:
syntax error line 20 at position 18 unexpected ';'.
[0m21:36:57.373874 [debug] [Thread-1 (]: Database Error in model dim_customers (models/dim/dim_customers.sql)
  001003 (42000): SQL compilation error:
  syntax error line 20 at position 18 unexpected ';'.
  compiled code at target/run/hmart/models/dim/dim_customers.sql
[0m21:36:57.374284 [debug] [Thread-1 (]: Sending event: {'category': 'dbt', 'action': 'run_model', 'label': '59a23aaa-9f48-4cdc-8de9-b2c5a2898477', 'context': [<snowplow_tracker.self_describing_json.SelfDescribingJson object at 0x113b9c790>]}
[0m21:36:57.374761 [error] [Thread-1 (]: 6 of 7 ERROR creating sql view model DEV.dim_customers ......................... [[31mERROR[0m in 0.16s]
[0m21:36:57.375159 [debug] [Thread-1 (]: Finished running node model.hmart.dim_customers
[0m21:36:57.375437 [debug] [Thread-1 (]: Began running node model.hmart.dim_products
[0m21:36:57.375762 [debug] [Thread-4 (]: Marking all children of 'model.hmart.dim_customers' to be skipped because of status 'error'.  Reason: Database Error in model dim_customers (models/dim/dim_customers.sql)
  001003 (42000): SQL compilation error:
  syntax error line 20 at position 18 unexpected ';'.
  compiled code at target/run/hmart/models/dim/dim_customers.sql.
[0m21:36:57.376105 [info ] [Thread-1 (]: 7 of 7 START sql view model DEV.dim_products ................................... [RUN]
[0m21:36:57.376899 [debug] [Thread-1 (]: Re-using an available connection from the pool (formerly model.hmart.dim_customers, now model.hmart.dim_products)
[0m21:36:57.377114 [debug] [Thread-1 (]: Began compiling node model.hmart.dim_products
[0m21:36:57.378343 [debug] [Thread-1 (]: Writing injected SQL for node "model.hmart.dim_products"
[0m21:36:57.378803 [debug] [Thread-1 (]: Began executing node model.hmart.dim_products
[0m21:36:57.380313 [debug] [Thread-1 (]: Writing runtime sql for node "model.hmart.dim_products"
[0m21:36:57.380852 [debug] [Thread-1 (]: Using snowflake connection "model.hmart.dim_products"
[0m21:36:57.381176 [debug] [Thread-1 (]: On model.hmart.dim_products: /* {"app": "dbt", "dbt_version": "1.12.5", "profile_name": "hmart", "target_name": "dev", "node_id": "model.hmart.dim_products"} */
create or replace   view HMART.DEV.dim_products
  
   as (
    WITH src_products AS (
    SELECT * FROM HMART.DEV.src_products
)

SELECT * FROM src_products;
[0m21:36:57.531345 [debug] [Thread-1 (]: Snowflake adapter: Snowflake query id: 01c738e6-000e-0219-0002-42760002211a
[0m21:36:57.531897 [debug] [Thread-1 (]: Snowflake adapter: Snowflake error: 001003 (42000): SQL compilation error:
syntax error line 8 at position 26 unexpected ';'.
[0m21:36:57.535127 [debug] [Thread-1 (]: Database Error in model dim_products (models/dim/dim_products.sql)
  001003 (42000): SQL compilation error:
  syntax error line 8 at position 26 unexpected ';'.
  compiled code at target/run/hmart/models/dim/dim_products.sql
[0m21:36:57.535605 [debug] [Thread-1 (]: Sending event: {'category': 'dbt', 'action': 'run_model', 'label': '59a23aaa-9f48-4cdc-8de9-b2c5a2898477', 'context': [<snowplow_tracker.self_describing_json.SelfDescribingJson object at 0x113b9c310>]}
[0m21:36:57.536184 [error] [Thread-1 (]: 7 of 7 ERROR creating sql view model DEV.dim_products .......................... [[31mERROR[0m in 0.16s]
[0m21:36:57.536643 [debug] [Thread-1 (]: Finished running node model.hmart.dim_products
[0m21:36:57.537061 [debug] [Thread-4 (]: Marking all children of 'model.hmart.dim_products' to be skipped because of status 'error'.  Reason: Database Error in model dim_products (models/dim/dim_products.sql)
  001003 (42000): SQL compilation error:
  syntax error line 8 at position 26 unexpected ';'.
  compiled code at target/run/hmart/models/dim/dim_products.sql.
[0m21:36:57.538026 [debug] [MainThread]: Connection 'master' was properly closed.
[0m21:36:57.538276 [debug] [MainThread]: Connection 'model.hmart.dim_products' was left open.
[0m21:36:57.538499 [debug] [MainThread]: On model.hmart.dim_products: Close
[0m21:36:57.791352 [info ] [MainThread]: 
[0m21:36:57.792168 [info ] [MainThread]: Finished running 7 view models in 0 hours 0 minutes and 5.97 seconds (5.97s).
[0m21:36:57.794026 [debug] [MainThread]: Command end result
[0m21:36:57.823355 [debug] [MainThread]: Wrote artifact WritableManifest to /Users/tanvigharbudve/Desktop/projects/hmart_sql/hmart/target/manifest.json
[0m21:36:57.825151 [debug] [MainThread]: Wrote artifact SemanticManifest to /Users/tanvigharbudve/Desktop/projects/hmart_sql/hmart/target/semantic_manifest.json
[0m21:36:57.826730 [debug] [MainThread]: Wrote artifact OsiDocument to /Users/tanvigharbudve/Desktop/projects/hmart_sql/hmart/target/osi_document.json
[0m21:36:57.830786 [debug] [MainThread]: Wrote artifact RunExecutionResult to /Users/tanvigharbudve/Desktop/projects/hmart_sql/hmart/target/run_results.json
[0m21:36:57.830974 [info ] [MainThread]: 
[0m21:36:57.831182 [info ] [MainThread]: [31mCompleted with 2 errors, 0 partial successes, and 0 warnings:[0m
[0m21:36:57.831359 [info ] [MainThread]: 
[0m21:36:57.831558 [error] [MainThread]: [[31mERROR[0m]: in model dim_customers (models/dim/dim_customers.sql)
[0m21:36:57.831748 [error] [MainThread]:   Database Error in model dim_customers (models/dim/dim_customers.sql)
  001003 (42000): SQL compilation error:
  syntax error line 20 at position 18 unexpected ';'.
  compiled code at target/run/hmart/models/dim/dim_customers.sql
[0m21:36:57.831909 [info ] [MainThread]: 
[0m21:36:57.832085 [info ] [MainThread]:   compiled code at target/compiled/hmart/models/dim/dim_customers.sql
[0m21:36:57.832245 [info ] [MainThread]: 
[0m21:36:57.832431 [error] [MainThread]: [[31mERROR[0m]: in model dim_products (models/dim/dim_products.sql)
[0m21:36:57.832626 [error] [MainThread]:   Database Error in model dim_products (models/dim/dim_products.sql)
  001003 (42000): SQL compilation error:
  syntax error line 8 at position 26 unexpected ';'.
  compiled code at target/run/hmart/models/dim/dim_products.sql
[0m21:36:57.832787 [info ] [MainThread]: 
[0m21:36:57.832960 [info ] [MainThread]:   compiled code at target/compiled/hmart/models/dim/dim_products.sql
[0m21:36:57.833125 [info ] [MainThread]: 
[0m21:36:57.833306 [info ] [MainThread]: Done. PASS=5 WARN=0 ERROR=2 SKIP=0 NO-OP=0 REUSED=0 TOTAL=7
[0m21:36:57.835286 [debug] [MainThread]: Resource report: {"command_name": "run", "command_success": false, "command_wall_clock_time": 6.4855146, "process_in_blocks": "0", "process_kernel_time": 0.259563, "process_mem_max_rss": "185466880", "process_out_blocks": "0", "process_user_time": 1.266723}
[0m21:36:57.835651 [debug] [MainThread]: Command `dbt run` failed at 21:36:57.835609 after 6.49 seconds
[0m21:36:57.835855 [debug] [MainThread]: Sending event: {'category': 'dbt', 'action': 'invocation', 'label': 'end', 'context': [<snowplow_tracker.self_describing_json.SelfDescribingJson object at 0x113a3dc90>, <snowplow_tracker.self_describing_json.SelfDescribingJson object at 0x113a0b190>, <snowplow_tracker.self_describing_json.SelfDescribingJson object at 0x10bda3d50>]}
[0m21:36:57.836060 [debug] [MainThread]: Flushing usage events
[0m21:36:59.628377 [debug] [MainThread]: An error was encountered while trying to flush usage events
[0m21:37:10.036691 [debug] [MainThread]: Sending event: {'category': 'dbt', 'action': 'invocation', 'label': 'start', 'context': [<snowplow_tracker.self_describing_json.SelfDescribingJson object at 0x10b90ac10>, <snowplow_tracker.self_describing_json.SelfDescribingJson object at 0x10b84a250>, <snowplow_tracker.self_describing_json.SelfDescribingJson object at 0x10ba1a690>]}


============================== 21:37:10.039591 | 4e8103c1-0904-48d1-ac8f-8d4c667232d9 ==============================
[0m21:37:10.039591 [info ] [MainThread]: Running with dbt=1.12.5
[0m21:37:10.039976 [debug] [MainThread]: running dbt with arguments {'log_format': 'default', 'static_parser': 'True', 'printer_width': '80', 'empty': 'False', 'warn_error_options': 'WarnErrorOptionsV2(error=[], warn=[], silence=[])', 'profiles_dir': '/Users/tanvigharbudve/.dbt', 'cache_selected_only': 'False', 'write_json': 'True', 'introspect': 'True', 'use_colors': 'True', 'version_check': 'True', 'send_anonymous_usage_stats': 'True', 'invocation_command': 'dbt run', 'no_print': 'None', 'partial_parse': 'True', 'warn_error': 'None', 'log_cache_events': 'False', 'indirect_selection': 'eager', 'quiet': 'False', 'log_path': '/Users/tanvigharbudve/Desktop/projects/hmart_sql/hmart/logs', 'use_experimental_parser': 'False', 'target_path': 'None', 'debug': 'False', 'maximum_seed_size_mib': '1', 'fail_fast': 'False', 'hints_enabled': 'True'}
[0m21:37:10.287653 [debug] [MainThread]: Sending event: {'category': 'dbt', 'action': 'project_id', 'label': '4e8103c1-0904-48d1-ac8f-8d4c667232d9', 'context': [<snowplow_tracker.self_describing_json.SelfDescribingJson object at 0x10bd78590>]}
[0m21:37:10.312475 [debug] [MainThread]: Sending event: {'category': 'dbt', 'action': 'adapter_info', 'label': '4e8103c1-0904-48d1-ac8f-8d4c667232d9', 'context': [<snowplow_tracker.self_describing_json.SelfDescribingJson object at 0x10a70bc10>]}
[0m21:37:10.313324 [info ] [MainThread]: Registered adapter: snowflake=1.9.0
[0m21:37:10.367973 [debug] [MainThread]: checksum: 45a02549dde2b41a1199d675c935f59a553ec318be0f791f50a7baabda8f1355, vars: {}, profile: hmart, target: dev, version: 1.12.5
[0m21:37:10.410045 [debug] [MainThread]: Partial parsing enabled: 0 files deleted, 0 files added, 0 files changed.
[0m21:37:10.410238 [debug] [MainThread]: Nothing changed, skipping partial parsing.
[0m21:37:10.410351 [debug] [MainThread]: Partial parsing enabled, no changes found, skipping parsing
[0m21:37:10.412886 [warn ] [MainThread]: [[33mWARNING[0m]: Configuration paths exist in your dbt_project.yml file which do not apply to any resources.
There are 2 unused configuration paths:
- models.hmart.models.dim
- models.hmart.models
[0m21:37:10.414674 [debug] [MainThread]: Sending event: {'category': 'dbt', 'action': 'load_project', 'label': '4e8103c1-0904-48d1-ac8f-8d4c667232d9', 'context': [<snowplow_tracker.self_describing_json.SelfDescribingJson object at 0x10cbdc310>]}
[0m21:37:10.454289 [debug] [MainThread]: Wrote artifact WritableManifest to /Users/tanvigharbudve/Desktop/projects/hmart_sql/hmart/target/manifest.json
[0m21:37:10.455863 [debug] [MainThread]: Wrote artifact SemanticManifest to /Users/tanvigharbudve/Desktop/projects/hmart_sql/hmart/target/semantic_manifest.json
[0m21:37:10.466688 [debug] [MainThread]: Wrote artifact OsiDocument to /Users/tanvigharbudve/Desktop/projects/hmart_sql/hmart/target/osi_document.json
[0m21:37:10.471767 [debug] [MainThread]: Sending event: {'category': 'dbt', 'action': 'resource_counts', 'label': '4e8103c1-0904-48d1-ac8f-8d4c667232d9', 'context': [<snowplow_tracker.self_describing_json.SelfDescribingJson object at 0x10cb0f710>]}
[0m21:37:10.471993 [info ] [MainThread]: Found 7 models, 514 macros
[0m21:37:10.472142 [debug] [MainThread]: Sending event: {'category': 'dbt', 'action': 'runnable_timing', 'label': '4e8103c1-0904-48d1-ac8f-8d4c667232d9', 'context': [<snowplow_tracker.self_describing_json.SelfDescribingJson object at 0x10cae4210>]}
[0m21:37:10.473016 [info ] [MainThread]: 
[0m21:37:10.473192 [info ] [MainThread]: Concurrency: 1 threads (target='dev')
[0m21:37:10.473310 [info ] [MainThread]: 
[0m21:37:10.473571 [debug] [MainThread]: Acquiring new snowflake connection 'master'
[0m21:37:10.475990 [debug] [ThreadPool]: Acquiring new snowflake connection 'list_HMART'
[0m21:37:10.504624 [debug] [ThreadPool]: Using snowflake connection "list_HMART"
[0m21:37:10.504890 [debug] [ThreadPool]: On list_HMART: /* {"app": "dbt", "dbt_version": "1.12.5", "profile_name": "hmart", "target_name": "dev", "connection_name": "list_HMART"} */
show terse schemas in database HMART
    limit 10000
[0m21:37:10.505030 [debug] [ThreadPool]: Opening a new connection, currently in state init
[0m21:37:13.842467 [debug] [ThreadPool]: SQL status: SUCCESS 4 in 3.337 seconds
[0m21:37:13.847773 [debug] [ThreadPool]: Re-using an available connection from the pool (formerly list_HMART, now list_HMART_DEV)
[0m21:37:13.859303 [debug] [ThreadPool]: Using snowflake connection "list_HMART_DEV"
[0m21:37:13.859815 [debug] [ThreadPool]: On list_HMART_DEV: /* {"app": "dbt", "dbt_version": "1.12.5", "profile_name": "hmart", "target_name": "dev", "connection_name": "list_HMART_DEV"} */
show objects in HMART.DEV limit 10000;
[0m21:37:14.114573 [debug] [ThreadPool]: SQL status: SUCCESS 5 in 0.254 seconds
[0m21:37:14.118794 [debug] [MainThread]: Sending event: {'category': 'dbt', 'action': 'runnable_timing', 'label': '4e8103c1-0904-48d1-ac8f-8d4c667232d9', 'context': [<snowplow_tracker.self_describing_json.SelfDescribingJson object at 0x10c8cc690>]}
[0m21:37:14.124826 [debug] [Thread-1 (]: Began running node model.hmart.src_customers
[0m21:37:14.126041 [info ] [Thread-1 (]: 1 of 7 START sql view model DEV.src_customers .................................. [RUN]
[0m21:37:14.130310 [debug] [Thread-1 (]: Re-using an available connection from the pool (formerly list_HMART_DEV, now model.hmart.src_customers)
[0m21:37:14.131345 [debug] [Thread-1 (]: Began compiling node model.hmart.src_customers
[0m21:37:14.137068 [debug] [Thread-1 (]: Writing injected SQL for node "model.hmart.src_customers"
[0m21:37:14.138059 [debug] [Thread-1 (]: Began executing node model.hmart.src_customers
[0m21:37:14.157919 [debug] [Thread-1 (]: Writing runtime sql for node "model.hmart.src_customers"
[0m21:37:14.159019 [debug] [Thread-1 (]: Using snowflake connection "model.hmart.src_customers"
[0m21:37:14.159420 [debug] [Thread-1 (]: On model.hmart.src_customers: /* {"app": "dbt", "dbt_version": "1.12.5", "profile_name": "hmart", "target_name": "dev", "node_id": "model.hmart.src_customers"} */
create or replace   view HMART.DEV.src_customers
  
   as (
    WITH raw_customers as (
    SELECT * FROM HMART.RAW.RAW_CUSTOMERS
)

SELECT customer_id,
    CONCAT(first_name, ' ', last_name) as customer_name,
    email,
    phone,
    country,
    city,
    gender,
    birth_date,
    signup_date,
    loyalty_tier,
    is_active,
    email_missing
FROM raw_customers
  );
[0m21:37:14.440579 [debug] [Thread-1 (]: SQL status: SUCCESS 1 in 0.281 seconds
[0m21:37:14.452587 [debug] [Thread-1 (]: Sending event: {'category': 'dbt', 'action': 'run_model', 'label': '4e8103c1-0904-48d1-ac8f-8d4c667232d9', 'context': [<snowplow_tracker.self_describing_json.SelfDescribingJson object at 0x10cb1ad50>]}
[0m21:37:14.452915 [info ] [Thread-1 (]: 1 of 7 OK created sql view model DEV.src_customers ............................. [[32mSUCCESS 1[0m in 0.33s]
[0m21:37:14.453185 [debug] [Thread-1 (]: Finished running node model.hmart.src_customers
[0m21:37:14.453379 [debug] [Thread-1 (]: Began running node model.hmart.src_order_items
[0m21:37:14.453698 [info ] [Thread-1 (]: 2 of 7 START sql view model DEV.src_order_items ................................ [RUN]
[0m21:37:14.453974 [debug] [Thread-1 (]: Re-using an available connection from the pool (formerly model.hmart.src_customers, now model.hmart.src_order_items)
[0m21:37:14.454128 [debug] [Thread-1 (]: Began compiling node model.hmart.src_order_items
[0m21:37:14.454547 [debug] [Thread-1 (]: Writing injected SQL for node "model.hmart.src_order_items"
[0m21:37:14.454885 [debug] [Thread-1 (]: Began executing node model.hmart.src_order_items
[0m21:37:14.455941 [debug] [Thread-1 (]: Writing runtime sql for node "model.hmart.src_order_items"
[0m21:37:14.456467 [debug] [Thread-1 (]: Using snowflake connection "model.hmart.src_order_items"
[0m21:37:14.456625 [debug] [Thread-1 (]: On model.hmart.src_order_items: /* {"app": "dbt", "dbt_version": "1.12.5", "profile_name": "hmart", "target_name": "dev", "node_id": "model.hmart.src_order_items"} */
create or replace   view HMART.DEV.src_order_items
  
   as (
    WITH src_order_items AS (
    SELECT * FROM HMART.RAW.RAW_ORDER_ITEMS
)

SELECT
    order_item_id,
    order_id,
    product_id,
    quantity,
    unit_price,
    discount_pct,
    line_total
FROM src_order_items
  );
[0m21:37:15.052316 [debug] [Thread-1 (]: SQL status: SUCCESS 1 in 0.596 seconds
[0m21:37:15.053806 [debug] [Thread-1 (]: Sending event: {'category': 'dbt', 'action': 'run_model', 'label': '4e8103c1-0904-48d1-ac8f-8d4c667232d9', 'context': [<snowplow_tracker.self_describing_json.SelfDescribingJson object at 0x10cb565d0>]}
[0m21:37:15.054139 [info ] [Thread-1 (]: 2 of 7 OK created sql view model DEV.src_order_items ........................... [[32mSUCCESS 1[0m in 0.60s]
[0m21:37:15.054421 [debug] [Thread-1 (]: Finished running node model.hmart.src_order_items
[0m21:37:15.054613 [debug] [Thread-1 (]: Began running node model.hmart.src_orders
[0m21:37:15.054896 [info ] [Thread-1 (]: 3 of 7 START sql view model DEV.src_orders ..................................... [RUN]
[0m21:37:15.055238 [debug] [Thread-1 (]: Re-using an available connection from the pool (formerly model.hmart.src_order_items, now model.hmart.src_orders)
[0m21:37:15.055402 [debug] [Thread-1 (]: Began compiling node model.hmart.src_orders
[0m21:37:15.055964 [debug] [Thread-1 (]: Writing injected SQL for node "model.hmart.src_orders"
[0m21:37:15.056609 [debug] [Thread-1 (]: Began executing node model.hmart.src_orders
[0m21:37:15.057853 [debug] [Thread-1 (]: Writing runtime sql for node "model.hmart.src_orders"
[0m21:37:15.058362 [debug] [Thread-1 (]: Using snowflake connection "model.hmart.src_orders"
[0m21:37:15.058531 [debug] [Thread-1 (]: On model.hmart.src_orders: /* {"app": "dbt", "dbt_version": "1.12.5", "profile_name": "hmart", "target_name": "dev", "node_id": "model.hmart.src_orders"} */
create or replace   view HMART.DEV.src_orders
  
   as (
    WITH src_orders AS (
    SELECT * FROM HMART.RAW.RAW_ORDERS
)

SELECT 
    order_id,
    customer_id,
    order_ts,
    status,
    channel,
    shipping_country,
    coupon_code
FROM src_orders
  );
[0m21:37:15.337295 [debug] [Thread-1 (]: SQL status: SUCCESS 1 in 0.279 seconds
[0m21:37:15.339575 [debug] [Thread-1 (]: Sending event: {'category': 'dbt', 'action': 'run_model', 'label': '4e8103c1-0904-48d1-ac8f-8d4c667232d9', 'context': [<snowplow_tracker.self_describing_json.SelfDescribingJson object at 0x10cb3b610>]}
[0m21:37:15.340053 [info ] [Thread-1 (]: 3 of 7 OK created sql view model DEV.src_orders ................................ [[32mSUCCESS 1[0m in 0.28s]
[0m21:37:15.340488 [debug] [Thread-1 (]: Finished running node model.hmart.src_orders
[0m21:37:15.340790 [debug] [Thread-1 (]: Began running node model.hmart.src_payments
[0m21:37:15.341209 [info ] [Thread-1 (]: 4 of 7 START sql view model DEV.src_payments ................................... [RUN]
[0m21:37:15.341605 [debug] [Thread-1 (]: Re-using an available connection from the pool (formerly model.hmart.src_orders, now model.hmart.src_payments)
[0m21:37:15.341865 [debug] [Thread-1 (]: Began compiling node model.hmart.src_payments
[0m21:37:15.342597 [debug] [Thread-1 (]: Writing injected SQL for node "model.hmart.src_payments"
[0m21:37:15.343242 [debug] [Thread-1 (]: Began executing node model.hmart.src_payments
[0m21:37:15.345063 [debug] [Thread-1 (]: Writing runtime sql for node "model.hmart.src_payments"
[0m21:37:15.345816 [debug] [Thread-1 (]: Using snowflake connection "model.hmart.src_payments"
[0m21:37:15.346066 [debug] [Thread-1 (]: On model.hmart.src_payments: /* {"app": "dbt", "dbt_version": "1.12.5", "profile_name": "hmart", "target_name": "dev", "node_id": "model.hmart.src_payments"} */
create or replace   view HMART.DEV.src_payments
  
   as (
    WITH src_payments AS (
    SELECT * FROM HMART.RAW.RAW_PAYMENTS
)

SELECT 
    payment_id,
    order_id,
    method,
    amount,
    currency,
    payment_status,
    amount_recomputed 
FROM src_payments
  );
[0m21:37:15.664937 [debug] [Thread-1 (]: SQL status: SUCCESS 1 in 0.318 seconds
[0m21:37:15.669207 [debug] [Thread-1 (]: Sending event: {'category': 'dbt', 'action': 'run_model', 'label': '4e8103c1-0904-48d1-ac8f-8d4c667232d9', 'context': [<snowplow_tracker.self_describing_json.SelfDescribingJson object at 0x1135834d0>]}
[0m21:37:15.670065 [info ] [Thread-1 (]: 4 of 7 OK created sql view model DEV.src_payments .............................. [[32mSUCCESS 1[0m in 0.33s]
[0m21:37:15.670679 [debug] [Thread-1 (]: Finished running node model.hmart.src_payments
[0m21:37:15.671125 [debug] [Thread-1 (]: Began running node model.hmart.src_products
[0m21:37:15.671711 [info ] [Thread-1 (]: 5 of 7 START sql view model DEV.src_products ................................... [RUN]
[0m21:37:15.672287 [debug] [Thread-1 (]: Re-using an available connection from the pool (formerly model.hmart.src_payments, now model.hmart.src_products)
[0m21:37:15.672690 [debug] [Thread-1 (]: Began compiling node model.hmart.src_products
[0m21:37:15.673676 [debug] [Thread-1 (]: Writing injected SQL for node "model.hmart.src_products"
[0m21:37:15.674532 [debug] [Thread-1 (]: Began executing node model.hmart.src_products
[0m21:37:15.677171 [debug] [Thread-1 (]: Writing runtime sql for node "model.hmart.src_products"
[0m21:37:15.678484 [debug] [Thread-1 (]: Using snowflake connection "model.hmart.src_products"
[0m21:37:15.678859 [debug] [Thread-1 (]: On model.hmart.src_products: /* {"app": "dbt", "dbt_version": "1.12.5", "profile_name": "hmart", "target_name": "dev", "node_id": "model.hmart.src_products"} */
create or replace   view HMART.DEV.src_products
  
   as (
    WITH src_products as (
    SELECT * FROM HMART.RAW.RAW_PRODUCTS
)

SELECT 
    product_id,
    sku,
    product_name,
    category,
    subcategory,
    brand,
    unit_cost,
    unit_price,
    weight_kg,
    created_at,
    is_discontinued,
    price_imputed
FROM src_products
  );
[0m21:37:15.952712 [debug] [Thread-1 (]: SQL status: SUCCESS 1 in 0.273 seconds
[0m21:37:15.955698 [debug] [Thread-1 (]: Sending event: {'category': 'dbt', 'action': 'run_model', 'label': '4e8103c1-0904-48d1-ac8f-8d4c667232d9', 'context': [<snowplow_tracker.self_describing_json.SelfDescribingJson object at 0x1135a2d90>]}
[0m21:37:15.956330 [info ] [Thread-1 (]: 5 of 7 OK created sql view model DEV.src_products .............................. [[32mSUCCESS 1[0m in 0.28s]
[0m21:37:15.956856 [debug] [Thread-1 (]: Finished running node model.hmart.src_products
[0m21:37:15.957218 [debug] [Thread-1 (]: Began running node model.hmart.dim_customers
[0m21:37:15.957795 [info ] [Thread-1 (]: 6 of 7 START sql view model DEV.dim_customers .................................. [RUN]
[0m21:37:15.958261 [debug] [Thread-1 (]: Re-using an available connection from the pool (formerly model.hmart.src_products, now model.hmart.dim_customers)
[0m21:37:15.958640 [debug] [Thread-1 (]: Began compiling node model.hmart.dim_customers
[0m21:37:15.960683 [debug] [Thread-1 (]: Writing injected SQL for node "model.hmart.dim_customers"
[0m21:37:15.961369 [debug] [Thread-1 (]: Began executing node model.hmart.dim_customers
[0m21:37:15.963314 [debug] [Thread-1 (]: Writing runtime sql for node "model.hmart.dim_customers"
[0m21:37:15.964393 [debug] [Thread-1 (]: Using snowflake connection "model.hmart.dim_customers"
[0m21:37:15.964718 [debug] [Thread-1 (]: On model.hmart.dim_customers: /* {"app": "dbt", "dbt_version": "1.12.5", "profile_name": "hmart", "target_name": "dev", "node_id": "model.hmart.dim_customers"} */
create or replace   view HMART.DEV.dim_customers
  
   as (
    WITH src_customers AS (
    SELECT * FROM HMART.DEV.src_customers
)

SELECT 
    customer_id,
    customer_name,
    email,
    phone,
    country,
    city,
    gender,
    birth_date,
    signup_date,
    loyalty_tier,
    is_active,
FROM src_customers;
[0m21:37:16.106254 [debug] [Thread-1 (]: Snowflake adapter: Snowflake query id: 01c738e7-000e-0219-0002-427600022126
[0m21:37:16.107142 [debug] [Thread-1 (]: Snowflake adapter: Snowflake error: 001003 (42000): SQL compilation error:
syntax error line 20 at position 18 unexpected ';'.
[0m21:37:16.113116 [debug] [Thread-1 (]: Database Error in model dim_customers (models/dim/dim_customers.sql)
  001003 (42000): SQL compilation error:
  syntax error line 20 at position 18 unexpected ';'.
  compiled code at target/run/hmart/models/dim/dim_customers.sql
[0m21:37:16.114177 [debug] [Thread-1 (]: Sending event: {'category': 'dbt', 'action': 'run_model', 'label': '4e8103c1-0904-48d1-ac8f-8d4c667232d9', 'context': [<snowplow_tracker.self_describing_json.SelfDescribingJson object at 0x113712b10>]}
[0m21:37:16.115038 [error] [Thread-1 (]: 6 of 7 ERROR creating sql view model DEV.dim_customers ......................... [[31mERROR[0m in 0.16s]
[0m21:37:16.115694 [debug] [Thread-1 (]: Finished running node model.hmart.dim_customers
[0m21:37:16.116149 [debug] [Thread-1 (]: Began running node model.hmart.dim_products
[0m21:37:16.116634 [debug] [Thread-4 (]: Marking all children of 'model.hmart.dim_customers' to be skipped because of status 'error'.  Reason: Database Error in model dim_customers (models/dim/dim_customers.sql)
  001003 (42000): SQL compilation error:
  syntax error line 20 at position 18 unexpected ';'.
  compiled code at target/run/hmart/models/dim/dim_customers.sql.
[0m21:37:16.117188 [info ] [Thread-1 (]: 7 of 7 START sql view model DEV.dim_products ................................... [RUN]
[0m21:37:16.118371 [debug] [Thread-1 (]: Re-using an available connection from the pool (formerly model.hmart.dim_customers, now model.hmart.dim_products)
[0m21:37:16.118715 [debug] [Thread-1 (]: Began compiling node model.hmart.dim_products
[0m21:37:16.120427 [debug] [Thread-1 (]: Writing injected SQL for node "model.hmart.dim_products"
[0m21:37:16.121739 [debug] [Thread-1 (]: Began executing node model.hmart.dim_products
[0m21:37:16.124374 [debug] [Thread-1 (]: Writing runtime sql for node "model.hmart.dim_products"
[0m21:37:16.125507 [debug] [Thread-1 (]: Using snowflake connection "model.hmart.dim_products"
[0m21:37:16.125822 [debug] [Thread-1 (]: On model.hmart.dim_products: /* {"app": "dbt", "dbt_version": "1.12.5", "profile_name": "hmart", "target_name": "dev", "node_id": "model.hmart.dim_products"} */
create or replace   view HMART.DEV.dim_products
  
   as (
    WITH src_products AS (
    SELECT * FROM HMART.DEV.src_products
)

SELECT * FROM src_products
  );
[0m21:37:16.403901 [debug] [Thread-1 (]: SQL status: SUCCESS 1 in 0.278 seconds
[0m21:37:16.407762 [debug] [Thread-1 (]: Sending event: {'category': 'dbt', 'action': 'run_model', 'label': '4e8103c1-0904-48d1-ac8f-8d4c667232d9', 'context': [<snowplow_tracker.self_describing_json.SelfDescribingJson object at 0x1134eb450>]}
[0m21:37:16.408691 [info ] [Thread-1 (]: 7 of 7 OK created sql view model DEV.dim_products .............................. [[32mSUCCESS 1[0m in 0.29s]
[0m21:37:16.409310 [debug] [Thread-1 (]: Finished running node model.hmart.dim_products
[0m21:37:16.410899 [debug] [MainThread]: Connection 'master' was properly closed.
[0m21:37:16.411344 [debug] [MainThread]: Connection 'model.hmart.dim_products' was left open.
[0m21:37:16.411707 [debug] [MainThread]: On model.hmart.dim_products: Close
[0m21:37:16.957425 [info ] [MainThread]: 
[0m21:37:16.957844 [info ] [MainThread]: Finished running 7 view models in 0 hours 0 minutes and 6.48 seconds (6.48s).
[0m21:37:16.958628 [debug] [MainThread]: Command end result
[0m21:37:16.978587 [debug] [MainThread]: Wrote artifact WritableManifest to /Users/tanvigharbudve/Desktop/projects/hmart_sql/hmart/target/manifest.json
[0m21:37:16.980155 [debug] [MainThread]: Wrote artifact SemanticManifest to /Users/tanvigharbudve/Desktop/projects/hmart_sql/hmart/target/semantic_manifest.json
[0m21:37:16.981576 [debug] [MainThread]: Wrote artifact OsiDocument to /Users/tanvigharbudve/Desktop/projects/hmart_sql/hmart/target/osi_document.json
[0m21:37:16.985171 [debug] [MainThread]: Wrote artifact RunExecutionResult to /Users/tanvigharbudve/Desktop/projects/hmart_sql/hmart/target/run_results.json
[0m21:37:16.985326 [info ] [MainThread]: 
[0m21:37:16.985496 [info ] [MainThread]: [31mCompleted with 1 error, 0 partial successes, and 0 warnings:[0m
[0m21:37:16.985638 [info ] [MainThread]: 
[0m21:37:16.985808 [error] [MainThread]: [[31mERROR[0m]: in model dim_customers (models/dim/dim_customers.sql)
[0m21:37:16.985971 [error] [MainThread]:   Database Error in model dim_customers (models/dim/dim_customers.sql)
  001003 (42000): SQL compilation error:
  syntax error line 20 at position 18 unexpected ';'.
  compiled code at target/run/hmart/models/dim/dim_customers.sql
[0m21:37:16.986097 [info ] [MainThread]: 
[0m21:37:16.986244 [info ] [MainThread]:   compiled code at target/compiled/hmart/models/dim/dim_customers.sql
[0m21:37:16.986375 [info ] [MainThread]: 
[0m21:37:16.986517 [info ] [MainThread]: Done. PASS=6 WARN=0 ERROR=1 SKIP=0 NO-OP=0 REUSED=0 TOTAL=7
[0m21:37:16.988277 [debug] [MainThread]: Resource report: {"command_name": "run", "command_success": false, "command_wall_clock_time": 6.9914966, "process_in_blocks": "0", "process_kernel_time": 0.246859, "process_mem_max_rss": "186744832", "process_out_blocks": "0", "process_user_time": 1.22}
[0m21:37:16.988587 [debug] [MainThread]: Command `dbt run` failed at 21:37:16.988548 after 6.99 seconds
[0m21:37:16.988771 [debug] [MainThread]: Sending event: {'category': 'dbt', 'action': 'invocation', 'label': 'end', 'context': [<snowplow_tracker.self_describing_json.SelfDescribingJson object at 0x10b9fa110>, <snowplow_tracker.self_describing_json.SelfDescribingJson object at 0x10b9f8890>, <snowplow_tracker.self_describing_json.SelfDescribingJson object at 0x10cb5d2d0>]}
[0m21:37:16.988928 [debug] [MainThread]: Flushing usage events
[0m21:37:18.032270 [debug] [MainThread]: An error was encountered while trying to flush usage events
[0m21:37:35.686879 [debug] [MainThread]: Sending event: {'category': 'dbt', 'action': 'invocation', 'label': 'start', 'context': [<snowplow_tracker.self_describing_json.SelfDescribingJson object at 0x10a0e94d0>, <snowplow_tracker.self_describing_json.SelfDescribingJson object at 0x10a12da10>, <snowplow_tracker.self_describing_json.SelfDescribingJson object at 0x10a12e650>]}


============================== 21:37:35.688748 | 83d832d2-527e-4b7d-a519-0b72908055d6 ==============================
[0m21:37:35.688748 [info ] [MainThread]: Running with dbt=1.12.5
[0m21:37:35.689013 [debug] [MainThread]: running dbt with arguments {'warn_error_options': 'WarnErrorOptionsV2(error=[], warn=[], silence=[])', 'cache_selected_only': 'False', 'partial_parse': 'True', 'empty': 'False', 'write_json': 'True', 'static_parser': 'True', 'maximum_seed_size_mib': '1', 'send_anonymous_usage_stats': 'True', 'hints_enabled': 'True', 'profiles_dir': '/Users/tanvigharbudve/.dbt', 'version_check': 'True', 'log_path': '/Users/tanvigharbudve/Desktop/projects/hmart_sql/hmart/logs', 'quiet': 'False', 'no_print': 'None', 'fail_fast': 'False', 'printer_width': '80', 'debug': 'False', 'log_format': 'default', 'use_colors': 'True', 'log_cache_events': 'False', 'invocation_command': 'dbt run', 'indirect_selection': 'eager', 'use_experimental_parser': 'False', 'target_path': 'None', 'introspect': 'True', 'warn_error': 'None'}
[0m21:37:35.861586 [debug] [MainThread]: Sending event: {'category': 'dbt', 'action': 'project_id', 'label': '83d832d2-527e-4b7d-a519-0b72908055d6', 'context': [<snowplow_tracker.self_describing_json.SelfDescribingJson object at 0x10ae20310>]}
[0m21:37:35.886787 [debug] [MainThread]: Sending event: {'category': 'dbt', 'action': 'adapter_info', 'label': '83d832d2-527e-4b7d-a519-0b72908055d6', 'context': [<snowplow_tracker.self_describing_json.SelfDescribingJson object at 0x10adf6190>]}
[0m21:37:35.887269 [info ] [MainThread]: Registered adapter: snowflake=1.9.0
[0m21:37:35.946421 [debug] [MainThread]: checksum: 45a02549dde2b41a1199d675c935f59a553ec318be0f791f50a7baabda8f1355, vars: {}, profile: hmart, target: dev, version: 1.12.5
[0m21:37:35.990689 [debug] [MainThread]: Partial parsing enabled: 0 files deleted, 0 files added, 1 files changed.
[0m21:37:35.991045 [debug] [MainThread]: Partial parsing: updated file: hmart://models/dim/dim_customers.sql
[0m21:37:36.100152 [warn ] [MainThread]: [[33mWARNING[0m]: Configuration paths exist in your dbt_project.yml file which do not apply to any resources.
There are 2 unused configuration paths:
- models.hmart.models
- models.hmart.models.dim
[0m21:37:36.101690 [debug] [MainThread]: Sending event: {'category': 'dbt', 'action': 'load_project', 'label': '83d832d2-527e-4b7d-a519-0b72908055d6', 'context': [<snowplow_tracker.self_describing_json.SelfDescribingJson object at 0x10b15e410>]}
[0m21:37:36.132541 [debug] [MainThread]: Wrote artifact WritableManifest to /Users/tanvigharbudve/Desktop/projects/hmart_sql/hmart/target/manifest.json
[0m21:37:36.133927 [debug] [MainThread]: Wrote artifact SemanticManifest to /Users/tanvigharbudve/Desktop/projects/hmart_sql/hmart/target/semantic_manifest.json
[0m21:37:36.139931 [debug] [MainThread]: Wrote artifact OsiDocument to /Users/tanvigharbudve/Desktop/projects/hmart_sql/hmart/target/osi_document.json
[0m21:37:36.175725 [debug] [MainThread]: Sending event: {'category': 'dbt', 'action': 'resource_counts', 'label': '83d832d2-527e-4b7d-a519-0b72908055d6', 'context': [<snowplow_tracker.self_describing_json.SelfDescribingJson object at 0x10b424bd0>]}
[0m21:37:36.175983 [info ] [MainThread]: Found 7 models, 514 macros
[0m21:37:36.176139 [debug] [MainThread]: Sending event: {'category': 'dbt', 'action': 'runnable_timing', 'label': '83d832d2-527e-4b7d-a519-0b72908055d6', 'context': [<snowplow_tracker.self_describing_json.SelfDescribingJson object at 0x1096f8a50>]}
[0m21:37:36.176973 [info ] [MainThread]: 
[0m21:37:36.177124 [info ] [MainThread]: Concurrency: 1 threads (target='dev')
[0m21:37:36.177244 [info ] [MainThread]: 
[0m21:37:36.177467 [debug] [MainThread]: Acquiring new snowflake connection 'master'
[0m21:37:36.179875 [debug] [ThreadPool]: Acquiring new snowflake connection 'list_HMART'
[0m21:37:36.204975 [debug] [ThreadPool]: Using snowflake connection "list_HMART"
[0m21:37:36.205184 [debug] [ThreadPool]: On list_HMART: /* {"app": "dbt", "dbt_version": "1.12.5", "profile_name": "hmart", "target_name": "dev", "connection_name": "list_HMART"} */
show terse schemas in database HMART
    limit 10000
[0m21:37:36.205302 [debug] [ThreadPool]: Opening a new connection, currently in state init
[0m21:37:37.100112 [debug] [ThreadPool]: SQL status: SUCCESS 4 in 0.895 seconds
[0m21:37:37.104876 [debug] [ThreadPool]: Re-using an available connection from the pool (formerly list_HMART, now list_HMART_DEV)
[0m21:37:37.117079 [debug] [ThreadPool]: Using snowflake connection "list_HMART_DEV"
[0m21:37:37.117651 [debug] [ThreadPool]: On list_HMART_DEV: /* {"app": "dbt", "dbt_version": "1.12.5", "profile_name": "hmart", "target_name": "dev", "connection_name": "list_HMART_DEV"} */
show objects in HMART.DEV limit 10000;
[0m21:37:37.305496 [debug] [ThreadPool]: SQL status: SUCCESS 6 in 0.187 seconds
[0m21:37:37.310366 [debug] [MainThread]: Sending event: {'category': 'dbt', 'action': 'runnable_timing', 'label': '83d832d2-527e-4b7d-a519-0b72908055d6', 'context': [<snowplow_tracker.self_describing_json.SelfDescribingJson object at 0x10c4c4510>]}
[0m21:37:37.313934 [debug] [Thread-1 (]: Began running node model.hmart.src_customers
[0m21:37:37.314671 [info ] [Thread-1 (]: 1 of 7 START sql view model DEV.src_customers .................................. [RUN]
[0m21:37:37.315544 [debug] [Thread-1 (]: Re-using an available connection from the pool (formerly list_HMART_DEV, now model.hmart.src_customers)
[0m21:37:37.316038 [debug] [Thread-1 (]: Began compiling node model.hmart.src_customers
[0m21:37:37.321362 [debug] [Thread-1 (]: Writing injected SQL for node "model.hmart.src_customers"
[0m21:37:37.322479 [debug] [Thread-1 (]: Began executing node model.hmart.src_customers
[0m21:37:37.344006 [debug] [Thread-1 (]: Writing runtime sql for node "model.hmart.src_customers"
[0m21:37:37.344950 [debug] [Thread-1 (]: Using snowflake connection "model.hmart.src_customers"
[0m21:37:37.345241 [debug] [Thread-1 (]: On model.hmart.src_customers: /* {"app": "dbt", "dbt_version": "1.12.5", "profile_name": "hmart", "target_name": "dev", "node_id": "model.hmart.src_customers"} */
create or replace   view HMART.DEV.src_customers
  
   as (
    WITH raw_customers as (
    SELECT * FROM HMART.RAW.RAW_CUSTOMERS
)

SELECT customer_id,
    CONCAT(first_name, ' ', last_name) as customer_name,
    email,
    phone,
    country,
    city,
    gender,
    birth_date,
    signup_date,
    loyalty_tier,
    is_active,
    email_missing
FROM raw_customers
  );
[0m21:37:37.613315 [debug] [Thread-1 (]: SQL status: SUCCESS 1 in 0.268 seconds
[0m21:37:37.627272 [debug] [Thread-1 (]: Sending event: {'category': 'dbt', 'action': 'run_model', 'label': '83d832d2-527e-4b7d-a519-0b72908055d6', 'context': [<snowplow_tracker.self_describing_json.SelfDescribingJson object at 0x111f4ab90>]}
[0m21:37:37.627636 [info ] [Thread-1 (]: 1 of 7 OK created sql view model DEV.src_customers ............................. [[32mSUCCESS 1[0m in 0.31s]
[0m21:37:37.627929 [debug] [Thread-1 (]: Finished running node model.hmart.src_customers
[0m21:37:37.628128 [debug] [Thread-1 (]: Began running node model.hmart.src_order_items
[0m21:37:37.628354 [info ] [Thread-1 (]: 2 of 7 START sql view model DEV.src_order_items ................................ [RUN]
[0m21:37:37.628694 [debug] [Thread-1 (]: Re-using an available connection from the pool (formerly model.hmart.src_customers, now model.hmart.src_order_items)
[0m21:37:37.628924 [debug] [Thread-1 (]: Began compiling node model.hmart.src_order_items
[0m21:37:37.629451 [debug] [Thread-1 (]: Writing injected SQL for node "model.hmart.src_order_items"
[0m21:37:37.629878 [debug] [Thread-1 (]: Began executing node model.hmart.src_order_items
[0m21:37:37.631045 [debug] [Thread-1 (]: Writing runtime sql for node "model.hmart.src_order_items"
[0m21:37:37.631531 [debug] [Thread-1 (]: Using snowflake connection "model.hmart.src_order_items"
[0m21:37:37.631707 [debug] [Thread-1 (]: On model.hmart.src_order_items: /* {"app": "dbt", "dbt_version": "1.12.5", "profile_name": "hmart", "target_name": "dev", "node_id": "model.hmart.src_order_items"} */
create or replace   view HMART.DEV.src_order_items
  
   as (
    WITH src_order_items AS (
    SELECT * FROM HMART.RAW.RAW_ORDER_ITEMS
)

SELECT
    order_item_id,
    order_id,
    product_id,
    quantity,
    unit_price,
    discount_pct,
    line_total
FROM src_order_items
  );
[0m21:37:37.872867 [debug] [Thread-1 (]: SQL status: SUCCESS 1 in 0.241 seconds
[0m21:37:37.877690 [debug] [Thread-1 (]: Sending event: {'category': 'dbt', 'action': 'run_model', 'label': '83d832d2-527e-4b7d-a519-0b72908055d6', 'context': [<snowplow_tracker.self_describing_json.SelfDescribingJson object at 0x10c15a5d0>]}
[0m21:37:37.878631 [info ] [Thread-1 (]: 2 of 7 OK created sql view model DEV.src_order_items ........................... [[32mSUCCESS 1[0m in 0.25s]
[0m21:37:37.879329 [debug] [Thread-1 (]: Finished running node model.hmart.src_order_items
[0m21:37:37.879738 [debug] [Thread-1 (]: Began running node model.hmart.src_orders
[0m21:37:37.880276 [info ] [Thread-1 (]: 3 of 7 START sql view model DEV.src_orders ..................................... [RUN]
[0m21:37:37.880766 [debug] [Thread-1 (]: Re-using an available connection from the pool (formerly model.hmart.src_order_items, now model.hmart.src_orders)
[0m21:37:37.881094 [debug] [Thread-1 (]: Began compiling node model.hmart.src_orders
[0m21:37:37.882093 [debug] [Thread-1 (]: Writing injected SQL for node "model.hmart.src_orders"
[0m21:37:37.882913 [debug] [Thread-1 (]: Began executing node model.hmart.src_orders
[0m21:37:37.886701 [debug] [Thread-1 (]: Writing runtime sql for node "model.hmart.src_orders"
[0m21:37:37.887731 [debug] [Thread-1 (]: Using snowflake connection "model.hmart.src_orders"
[0m21:37:37.888046 [debug] [Thread-1 (]: On model.hmart.src_orders: /* {"app": "dbt", "dbt_version": "1.12.5", "profile_name": "hmart", "target_name": "dev", "node_id": "model.hmart.src_orders"} */
create or replace   view HMART.DEV.src_orders
  
   as (
    WITH src_orders AS (
    SELECT * FROM HMART.RAW.RAW_ORDERS
)

SELECT 
    order_id,
    customer_id,
    order_ts,
    status,
    channel,
    shipping_country,
    coupon_code
FROM src_orders
  );
[0m21:37:38.138266 [debug] [Thread-1 (]: SQL status: SUCCESS 1 in 0.250 seconds
[0m21:37:38.141841 [debug] [Thread-1 (]: Sending event: {'category': 'dbt', 'action': 'run_model', 'label': '83d832d2-527e-4b7d-a519-0b72908055d6', 'context': [<snowplow_tracker.self_describing_json.SelfDescribingJson object at 0x10b1e2d50>]}
[0m21:37:38.142758 [info ] [Thread-1 (]: 3 of 7 OK created sql view model DEV.src_orders ................................ [[32mSUCCESS 1[0m in 0.26s]
[0m21:37:38.143519 [debug] [Thread-1 (]: Finished running node model.hmart.src_orders
[0m21:37:38.144061 [debug] [Thread-1 (]: Began running node model.hmart.src_payments
[0m21:37:38.144721 [info ] [Thread-1 (]: 4 of 7 START sql view model DEV.src_payments ................................... [RUN]
[0m21:37:38.145297 [debug] [Thread-1 (]: Re-using an available connection from the pool (formerly model.hmart.src_orders, now model.hmart.src_payments)
[0m21:37:38.145704 [debug] [Thread-1 (]: Began compiling node model.hmart.src_payments
[0m21:37:38.147223 [debug] [Thread-1 (]: Writing injected SQL for node "model.hmart.src_payments"
[0m21:37:38.148246 [debug] [Thread-1 (]: Began executing node model.hmart.src_payments
[0m21:37:38.151362 [debug] [Thread-1 (]: Writing runtime sql for node "model.hmart.src_payments"
[0m21:37:38.152688 [debug] [Thread-1 (]: Using snowflake connection "model.hmart.src_payments"
[0m21:37:38.153091 [debug] [Thread-1 (]: On model.hmart.src_payments: /* {"app": "dbt", "dbt_version": "1.12.5", "profile_name": "hmart", "target_name": "dev", "node_id": "model.hmart.src_payments"} */
create or replace   view HMART.DEV.src_payments
  
   as (
    WITH src_payments AS (
    SELECT * FROM HMART.RAW.RAW_PAYMENTS
)

SELECT 
    payment_id,
    order_id,
    method,
    amount,
    currency,
    payment_status,
    amount_recomputed 
FROM src_payments
  );
[0m21:37:38.397976 [debug] [Thread-1 (]: SQL status: SUCCESS 1 in 0.244 seconds
[0m21:37:38.402294 [debug] [Thread-1 (]: Sending event: {'category': 'dbt', 'action': 'run_model', 'label': '83d832d2-527e-4b7d-a519-0b72908055d6', 'context': [<snowplow_tracker.self_describing_json.SelfDescribingJson object at 0x111de5750>]}
[0m21:37:38.403330 [info ] [Thread-1 (]: 4 of 7 OK created sql view model DEV.src_payments .............................. [[32mSUCCESS 1[0m in 0.26s]
[0m21:37:38.404000 [debug] [Thread-1 (]: Finished running node model.hmart.src_payments
[0m21:37:38.404474 [debug] [Thread-1 (]: Began running node model.hmart.src_products
[0m21:37:38.405077 [info ] [Thread-1 (]: 5 of 7 START sql view model DEV.src_products ................................... [RUN]
[0m21:37:38.405661 [debug] [Thread-1 (]: Re-using an available connection from the pool (formerly model.hmart.src_payments, now model.hmart.src_products)
[0m21:37:38.406031 [debug] [Thread-1 (]: Began compiling node model.hmart.src_products
[0m21:37:38.407348 [debug] [Thread-1 (]: Writing injected SQL for node "model.hmart.src_products"
[0m21:37:38.408393 [debug] [Thread-1 (]: Began executing node model.hmart.src_products
[0m21:37:38.411844 [debug] [Thread-1 (]: Writing runtime sql for node "model.hmart.src_products"
[0m21:37:38.413466 [debug] [Thread-1 (]: Using snowflake connection "model.hmart.src_products"
[0m21:37:38.413908 [debug] [Thread-1 (]: On model.hmart.src_products: /* {"app": "dbt", "dbt_version": "1.12.5", "profile_name": "hmart", "target_name": "dev", "node_id": "model.hmart.src_products"} */
create or replace   view HMART.DEV.src_products
  
   as (
    WITH src_products as (
    SELECT * FROM HMART.RAW.RAW_PRODUCTS
)

SELECT 
    product_id,
    sku,
    product_name,
    category,
    subcategory,
    brand,
    unit_cost,
    unit_price,
    weight_kg,
    created_at,
    is_discontinued,
    price_imputed
FROM src_products
  );
[0m21:37:38.675272 [debug] [Thread-1 (]: SQL status: SUCCESS 1 in 0.261 seconds
[0m21:37:38.680259 [debug] [Thread-1 (]: Sending event: {'category': 'dbt', 'action': 'run_model', 'label': '83d832d2-527e-4b7d-a519-0b72908055d6', 'context': [<snowplow_tracker.self_describing_json.SelfDescribingJson object at 0x10c35e050>]}
[0m21:37:38.681085 [info ] [Thread-1 (]: 5 of 7 OK created sql view model DEV.src_products .............................. [[32mSUCCESS 1[0m in 0.27s]
[0m21:37:38.681667 [debug] [Thread-1 (]: Finished running node model.hmart.src_products
[0m21:37:38.682057 [debug] [Thread-1 (]: Began running node model.hmart.dim_customers
[0m21:37:38.682731 [info ] [Thread-1 (]: 6 of 7 START sql view model DEV.dim_customers .................................. [RUN]
[0m21:37:38.683219 [debug] [Thread-1 (]: Re-using an available connection from the pool (formerly model.hmart.src_products, now model.hmart.dim_customers)
[0m21:37:38.683533 [debug] [Thread-1 (]: Began compiling node model.hmart.dim_customers
[0m21:37:38.685852 [debug] [Thread-1 (]: Writing injected SQL for node "model.hmart.dim_customers"
[0m21:37:38.686799 [debug] [Thread-1 (]: Began executing node model.hmart.dim_customers
[0m21:37:38.689669 [debug] [Thread-1 (]: Writing runtime sql for node "model.hmart.dim_customers"
[0m21:37:38.690948 [debug] [Thread-1 (]: Using snowflake connection "model.hmart.dim_customers"
[0m21:37:38.691317 [debug] [Thread-1 (]: On model.hmart.dim_customers: /* {"app": "dbt", "dbt_version": "1.12.5", "profile_name": "hmart", "target_name": "dev", "node_id": "model.hmart.dim_customers"} */
create or replace   view HMART.DEV.dim_customers
  
   as (
    WITH src_customers AS (
    SELECT * FROM HMART.DEV.src_customers
)

SELECT 
    customer_id,
    customer_name,
    email,
    phone,
    country,
    city,
    gender,
    birth_date,
    signup_date,
    loyalty_tier,
    is_active,
FROM src_customers
  );
[0m21:37:39.289465 [debug] [Thread-1 (]: SQL status: SUCCESS 1 in 0.597 seconds
[0m21:37:39.293445 [debug] [Thread-1 (]: Sending event: {'category': 'dbt', 'action': 'run_model', 'label': '83d832d2-527e-4b7d-a519-0b72908055d6', 'context': [<snowplow_tracker.self_describing_json.SelfDescribingJson object at 0x111c26f50>]}
[0m21:37:39.294380 [info ] [Thread-1 (]: 6 of 7 OK created sql view model DEV.dim_customers ............................. [[32mSUCCESS 1[0m in 0.61s]
[0m21:37:39.295073 [debug] [Thread-1 (]: Finished running node model.hmart.dim_customers
[0m21:37:39.295545 [debug] [Thread-1 (]: Began running node model.hmart.dim_products
[0m21:37:39.296266 [info ] [Thread-1 (]: 7 of 7 START sql view model DEV.dim_products ................................... [RUN]
[0m21:37:39.296878 [debug] [Thread-1 (]: Re-using an available connection from the pool (formerly model.hmart.dim_customers, now model.hmart.dim_products)
[0m21:37:39.297295 [debug] [Thread-1 (]: Began compiling node model.hmart.dim_products
[0m21:37:39.300025 [debug] [Thread-1 (]: Writing injected SQL for node "model.hmart.dim_products"
[0m21:37:39.301127 [debug] [Thread-1 (]: Began executing node model.hmart.dim_products
[0m21:37:39.304038 [debug] [Thread-1 (]: Writing runtime sql for node "model.hmart.dim_products"
[0m21:37:39.305130 [debug] [Thread-1 (]: Using snowflake connection "model.hmart.dim_products"
[0m21:37:39.305557 [debug] [Thread-1 (]: On model.hmart.dim_products: /* {"app": "dbt", "dbt_version": "1.12.5", "profile_name": "hmart", "target_name": "dev", "node_id": "model.hmart.dim_products"} */
create or replace   view HMART.DEV.dim_products
  
   as (
    WITH src_products AS (
    SELECT * FROM HMART.DEV.src_products
)

SELECT * FROM src_products
  );
[0m21:37:39.573542 [debug] [Thread-1 (]: SQL status: SUCCESS 1 in 0.268 seconds
[0m21:37:39.574905 [debug] [Thread-1 (]: Sending event: {'category': 'dbt', 'action': 'run_model', 'label': '83d832d2-527e-4b7d-a519-0b72908055d6', 'context': [<snowplow_tracker.self_describing_json.SelfDescribingJson object at 0x111f54a10>]}
[0m21:37:39.575217 [info ] [Thread-1 (]: 7 of 7 OK created sql view model DEV.dim_products .............................. [[32mSUCCESS 1[0m in 0.28s]
[0m21:37:39.575477 [debug] [Thread-1 (]: Finished running node model.hmart.dim_products
[0m21:37:39.575999 [debug] [MainThread]: Connection 'master' was properly closed.
[0m21:37:39.576145 [debug] [MainThread]: Connection 'model.hmart.dim_products' was left open.
[0m21:37:39.576278 [debug] [MainThread]: On model.hmart.dim_products: Close
[0m21:37:40.109737 [info ] [MainThread]: 
[0m21:37:40.110633 [info ] [MainThread]: Finished running 7 view models in 0 hours 0 minutes and 3.93 seconds (3.93s).
[0m21:37:40.112403 [debug] [MainThread]: Command end result
[0m21:37:40.146791 [debug] [MainThread]: Wrote artifact WritableManifest to /Users/tanvigharbudve/Desktop/projects/hmart_sql/hmart/target/manifest.json
[0m21:37:40.148732 [debug] [MainThread]: Wrote artifact SemanticManifest to /Users/tanvigharbudve/Desktop/projects/hmart_sql/hmart/target/semantic_manifest.json
[0m21:37:40.150297 [debug] [MainThread]: Wrote artifact OsiDocument to /Users/tanvigharbudve/Desktop/projects/hmart_sql/hmart/target/osi_document.json
[0m21:37:40.154737 [debug] [MainThread]: Wrote artifact RunExecutionResult to /Users/tanvigharbudve/Desktop/projects/hmart_sql/hmart/target/run_results.json
[0m21:37:40.154935 [info ] [MainThread]: 
[0m21:37:40.155161 [info ] [MainThread]: [32mCompleted successfully[0m
[0m21:37:40.155327 [info ] [MainThread]: 
[0m21:37:40.155501 [info ] [MainThread]: Done. PASS=7 WARN=0 ERROR=0 SKIP=0 NO-OP=0 REUSED=0 TOTAL=7
[0m21:37:40.157287 [debug] [MainThread]: Resource report: {"command_name": "run", "command_success": true, "command_wall_clock_time": 4.506647, "process_in_blocks": "0", "process_kernel_time": 0.231421, "process_mem_max_rss": "189382656", "process_out_blocks": "0", "process_user_time": 1.333807}
[0m21:37:40.157666 [debug] [MainThread]: Command `dbt run` succeeded at 21:37:40.157618 after 4.51 seconds
[0m21:37:40.157873 [debug] [MainThread]: Sending event: {'category': 'dbt', 'action': 'invocation', 'label': 'end', 'context': [<snowplow_tracker.self_describing_json.SelfDescribingJson object at 0x10a10d950>, <snowplow_tracker.self_describing_json.SelfDescribingJson object at 0x10a10dc50>, <snowplow_tracker.self_describing_json.SelfDescribingJson object at 0x10b26add0>]}
[0m21:37:40.158064 [debug] [MainThread]: Flushing usage events
[0m21:37:41.288933 [debug] [MainThread]: An error was encountered while trying to flush usage events
[0m21:42:25.466039 [debug] [MainThread]: Sending event: {'category': 'dbt', 'action': 'invocation', 'label': 'start', 'context': [<snowplow_tracker.self_describing_json.SelfDescribingJson object at 0x1098533d0>, <snowplow_tracker.self_describing_json.SelfDescribingJson object at 0x1098961d0>, <snowplow_tracker.self_describing_json.SelfDescribingJson object at 0x109895790>]}


============================== 21:42:25.468821 | ca00a139-3d10-4fdd-be58-275d177edf77 ==============================
[0m21:42:25.468821 [info ] [MainThread]: Running with dbt=1.12.5
[0m21:42:25.469103 [debug] [MainThread]: running dbt with arguments {'fail_fast': 'False', 'static_parser': 'True', 'printer_width': '80', 'introspect': 'True', 'log_format': 'default', 'profiles_dir': '/Users/tanvigharbudve/.dbt', 'invocation_command': 'dbt run -s dbt_project.yml', 'log_cache_events': 'False', 'write_json': 'True', 'partial_parse': 'True', 'use_experimental_parser': 'False', 'version_check': 'True', 'indirect_selection': 'eager', 'empty': 'False', 'debug': 'False', 'send_anonymous_usage_stats': 'True', 'maximum_seed_size_mib': '1', 'no_print': 'None', 'warn_error_options': 'WarnErrorOptionsV2(error=[], warn=[], silence=[])', 'cache_selected_only': 'False', 'target_path': 'None', 'warn_error': 'None', 'log_path': '/Users/tanvigharbudve/Desktop/projects/hmart_sql/hmart/logs', 'use_colors': 'True', 'hints_enabled': 'True', 'quiet': 'False'}
[0m21:42:25.700954 [debug] [MainThread]: Sending event: {'category': 'dbt', 'action': 'project_id', 'label': 'ca00a139-3d10-4fdd-be58-275d177edf77', 'context': [<snowplow_tracker.self_describing_json.SelfDescribingJson object at 0x109874b50>]}
[0m21:42:25.725500 [debug] [MainThread]: Sending event: {'category': 'dbt', 'action': 'adapter_info', 'label': 'ca00a139-3d10-4fdd-be58-275d177edf77', 'context': [<snowplow_tracker.self_describing_json.SelfDescribingJson object at 0x108583d10>]}
[0m21:42:25.726250 [info ] [MainThread]: Registered adapter: snowflake=1.9.0
[0m21:42:25.784813 [debug] [MainThread]: checksum: 45a02549dde2b41a1199d675c935f59a553ec318be0f791f50a7baabda8f1355, vars: {}, profile: hmart, target: dev, version: 1.12.5
[0m21:42:25.852798 [debug] [MainThread]: Partial parsing enabled: 0 files deleted, 0 files added, 0 files changed.
[0m21:42:25.853010 [debug] [MainThread]: Nothing changed, skipping partial parsing.
[0m21:42:25.853125 [debug] [MainThread]: Partial parsing enabled, no changes found, skipping parsing
[0m21:42:25.855613 [warn ] [MainThread]: [[33mWARNING[0m]: Configuration paths exist in your dbt_project.yml file which do not apply to any resources.
There are 2 unused configuration paths:
- models.hmart.models.dim
- models.hmart.models
[0m21:42:25.857420 [debug] [MainThread]: Sending event: {'category': 'dbt', 'action': 'load_project', 'label': 'ca00a139-3d10-4fdd-be58-275d177edf77', 'context': [<snowplow_tracker.self_describing_json.SelfDescribingJson object at 0x10ab8da10>]}
[0m21:42:25.897293 [debug] [MainThread]: Wrote artifact WritableManifest to /Users/tanvigharbudve/Desktop/projects/hmart_sql/hmart/target/manifest.json
[0m21:42:25.899043 [debug] [MainThread]: Wrote artifact SemanticManifest to /Users/tanvigharbudve/Desktop/projects/hmart_sql/hmart/target/semantic_manifest.json
[0m21:42:25.909866 [debug] [MainThread]: Wrote artifact OsiDocument to /Users/tanvigharbudve/Desktop/projects/hmart_sql/hmart/target/osi_document.json
[0m21:42:25.914881 [debug] [MainThread]: Sending event: {'category': 'dbt', 'action': 'resource_counts', 'label': 'ca00a139-3d10-4fdd-be58-275d177edf77', 'context': [<snowplow_tracker.self_describing_json.SelfDescribingJson object at 0x10a98b0d0>]}
[0m21:42:25.915102 [info ] [MainThread]: Found 7 models, 514 macros
[0m21:42:25.915253 [debug] [MainThread]: Sending event: {'category': 'dbt', 'action': 'runnable_timing', 'label': 'ca00a139-3d10-4fdd-be58-275d177edf77', 'context': [<snowplow_tracker.self_describing_json.SelfDescribingJson object at 0x10a94f790>]}
[0m21:42:25.915515 [warn ] [MainThread]: [[33mWARNING[0m]: The selection criterion 'dbt_project.yml' does not match any enabled nodes
[0m21:42:25.916005 [warn ] [MainThread]: [[33mWARNING[0m]: Nothing to do. Try checking your model configs and model specification args
[0m21:42:25.916775 [debug] [MainThread]: Command end result
[0m21:42:25.932541 [debug] [MainThread]: Wrote artifact WritableManifest to /Users/tanvigharbudve/Desktop/projects/hmart_sql/hmart/target/manifest.json
[0m21:42:25.933865 [debug] [MainThread]: Wrote artifact SemanticManifest to /Users/tanvigharbudve/Desktop/projects/hmart_sql/hmart/target/semantic_manifest.json
[0m21:42:25.934963 [debug] [MainThread]: Wrote artifact OsiDocument to /Users/tanvigharbudve/Desktop/projects/hmart_sql/hmart/target/osi_document.json
[0m21:42:25.936550 [debug] [MainThread]: Wrote artifact RunExecutionResult to /Users/tanvigharbudve/Desktop/projects/hmart_sql/hmart/target/run_results.json
[0m21:42:25.938348 [debug] [MainThread]: Resource report: {"command_name": "run", "command_success": true, "command_wall_clock_time": 0.5101355, "process_in_blocks": "0", "process_kernel_time": 0.163465, "process_mem_max_rss": "154009600", "process_out_blocks": "0", "process_user_time": 0.909407}
[0m21:42:25.938638 [debug] [MainThread]: Command `dbt run` succeeded at 21:42:25.938602 after 0.51 seconds
[0m21:42:25.938804 [debug] [MainThread]: Sending event: {'category': 'dbt', 'action': 'invocation', 'label': 'end', 'context': [<snowplow_tracker.self_describing_json.SelfDescribingJson object at 0x1096c6a50>, <snowplow_tracker.self_describing_json.SelfDescribingJson object at 0x1096a35d0>, <snowplow_tracker.self_describing_json.SelfDescribingJson object at 0x10976b210>]}
[0m21:42:25.938949 [debug] [MainThread]: Flushing usage events
[0m21:42:31.779207 [debug] [MainThread]: An error was encountered while trying to flush usage events
[0m21:42:42.131523 [debug] [MainThread]: Sending event: {'category': 'dbt', 'action': 'invocation', 'label': 'start', 'context': [<snowplow_tracker.self_describing_json.SelfDescribingJson object at 0x10b9c6290>, <snowplow_tracker.self_describing_json.SelfDescribingJson object at 0x10b912850>, <snowplow_tracker.self_describing_json.SelfDescribingJson object at 0x10bad6ed0>]}


============================== 21:42:42.134224 | 7f57b409-aea0-4cf0-b3c1-92213d2735b2 ==============================
[0m21:42:42.134224 [info ] [MainThread]: Running with dbt=1.12.5
[0m21:42:42.134491 [debug] [MainThread]: running dbt with arguments {'log_format': 'default', 'empty': 'False', 'log_path': '/Users/tanvigharbudve/Desktop/projects/hmart_sql/hmart/logs', 'debug': 'False', 'log_cache_events': 'False', 'printer_width': '80', 'maximum_seed_size_mib': '1', 'version_check': 'True', 'invocation_command': 'dbt run', 'fail_fast': 'False', 'partial_parse': 'True', 'use_colors': 'True', 'write_json': 'True', 'no_print': 'None', 'warn_error': 'None', 'quiet': 'False', 'static_parser': 'True', 'warn_error_options': 'WarnErrorOptionsV2(error=[], warn=[], silence=[])', 'cache_selected_only': 'False', 'indirect_selection': 'eager', 'profiles_dir': '/Users/tanvigharbudve/.dbt', 'introspect': 'True', 'use_experimental_parser': 'False', 'hints_enabled': 'True', 'send_anonymous_usage_stats': 'True', 'target_path': 'None'}
[0m21:42:42.366526 [debug] [MainThread]: Sending event: {'category': 'dbt', 'action': 'project_id', 'label': '7f57b409-aea0-4cf0-b3c1-92213d2735b2', 'context': [<snowplow_tracker.self_describing_json.SelfDescribingJson object at 0x10c7e7990>]}
[0m21:42:42.390839 [debug] [MainThread]: Sending event: {'category': 'dbt', 'action': 'adapter_info', 'label': '7f57b409-aea0-4cf0-b3c1-92213d2735b2', 'context': [<snowplow_tracker.self_describing_json.SelfDescribingJson object at 0x10a7c7b10>]}
[0m21:42:42.391575 [info ] [MainThread]: Registered adapter: snowflake=1.9.0
[0m21:42:42.445453 [debug] [MainThread]: checksum: 45a02549dde2b41a1199d675c935f59a553ec318be0f791f50a7baabda8f1355, vars: {}, profile: hmart, target: dev, version: 1.12.5
[0m21:42:42.511767 [debug] [MainThread]: Partial parsing enabled: 0 files deleted, 0 files added, 0 files changed.
[0m21:42:42.511944 [debug] [MainThread]: Nothing changed, skipping partial parsing.
[0m21:42:42.512053 [debug] [MainThread]: Partial parsing enabled, no changes found, skipping parsing
[0m21:42:42.514381 [warn ] [MainThread]: [[33mWARNING[0m]: Configuration paths exist in your dbt_project.yml file which do not apply to any resources.
There are 2 unused configuration paths:
- models.hmart.models.dim
- models.hmart.models
[0m21:42:42.516081 [debug] [MainThread]: Sending event: {'category': 'dbt', 'action': 'load_project', 'label': '7f57b409-aea0-4cf0-b3c1-92213d2735b2', 'context': [<snowplow_tracker.self_describing_json.SelfDescribingJson object at 0x10c817ad0>]}
[0m21:42:42.555278 [debug] [MainThread]: Wrote artifact WritableManifest to /Users/tanvigharbudve/Desktop/projects/hmart_sql/hmart/target/manifest.json
[0m21:42:42.556794 [debug] [MainThread]: Wrote artifact SemanticManifest to /Users/tanvigharbudve/Desktop/projects/hmart_sql/hmart/target/semantic_manifest.json
[0m21:42:42.567226 [debug] [MainThread]: Wrote artifact OsiDocument to /Users/tanvigharbudve/Desktop/projects/hmart_sql/hmart/target/osi_document.json
[0m21:42:42.572106 [debug] [MainThread]: Sending event: {'category': 'dbt', 'action': 'resource_counts', 'label': '7f57b409-aea0-4cf0-b3c1-92213d2735b2', 'context': [<snowplow_tracker.self_describing_json.SelfDescribingJson object at 0x10cbcbc90>]}
[0m21:42:42.572317 [info ] [MainThread]: Found 7 models, 514 macros
[0m21:42:42.572462 [debug] [MainThread]: Sending event: {'category': 'dbt', 'action': 'runnable_timing', 'label': '7f57b409-aea0-4cf0-b3c1-92213d2735b2', 'context': [<snowplow_tracker.self_describing_json.SelfDescribingJson object at 0x10cb74690>]}
[0m21:42:42.573263 [info ] [MainThread]: 
[0m21:42:42.573407 [info ] [MainThread]: Concurrency: 1 threads (target='dev')
[0m21:42:42.573521 [info ] [MainThread]: 
[0m21:42:42.573737 [debug] [MainThread]: Acquiring new snowflake connection 'master'
[0m21:42:42.575735 [debug] [ThreadPool]: Acquiring new snowflake connection 'list_HMART'
[0m21:42:42.603417 [debug] [ThreadPool]: Using snowflake connection "list_HMART"
[0m21:42:42.603601 [debug] [ThreadPool]: On list_HMART: /* {"app": "dbt", "dbt_version": "1.12.5", "profile_name": "hmart", "target_name": "dev", "connection_name": "list_HMART"} */
show terse schemas in database HMART
    limit 10000
[0m21:42:42.603719 [debug] [ThreadPool]: Opening a new connection, currently in state init
[0m21:42:47.340988 [debug] [ThreadPool]: SQL status: SUCCESS 4 in 4.737 seconds
[0m21:42:47.346767 [debug] [ThreadPool]: Re-using an available connection from the pool (formerly list_HMART, now list_HMART_DEV)
[0m21:42:47.359756 [debug] [ThreadPool]: Using snowflake connection "list_HMART_DEV"
[0m21:42:47.360290 [debug] [ThreadPool]: On list_HMART_DEV: /* {"app": "dbt", "dbt_version": "1.12.5", "profile_name": "hmart", "target_name": "dev", "connection_name": "list_HMART_DEV"} */
show objects in HMART.DEV limit 10000;
[0m21:42:47.877747 [debug] [ThreadPool]: SQL status: SUCCESS 7 in 0.517 seconds
[0m21:42:47.882266 [debug] [MainThread]: Sending event: {'category': 'dbt', 'action': 'runnable_timing', 'label': '7f57b409-aea0-4cf0-b3c1-92213d2735b2', 'context': [<snowplow_tracker.self_describing_json.SelfDescribingJson object at 0x10dad3a10>]}
[0m21:42:47.887726 [debug] [Thread-1 (]: Began running node model.hmart.src_customers
[0m21:42:47.891085 [info ] [Thread-1 (]: 1 of 7 START sql view model DEV.src_customers .................................. [RUN]
[0m21:42:47.891709 [debug] [Thread-1 (]: Re-using an available connection from the pool (formerly list_HMART_DEV, now model.hmart.src_customers)
[0m21:42:47.892071 [debug] [Thread-1 (]: Began compiling node model.hmart.src_customers
[0m21:42:47.897106 [debug] [Thread-1 (]: Writing injected SQL for node "model.hmart.src_customers"
[0m21:42:47.898253 [debug] [Thread-1 (]: Began executing node model.hmart.src_customers
[0m21:42:47.917713 [debug] [Thread-1 (]: Writing runtime sql for node "model.hmart.src_customers"
[0m21:42:47.918557 [debug] [Thread-1 (]: Using snowflake connection "model.hmart.src_customers"
[0m21:42:47.918798 [debug] [Thread-1 (]: On model.hmart.src_customers: /* {"app": "dbt", "dbt_version": "1.12.5", "profile_name": "hmart", "target_name": "dev", "node_id": "model.hmart.src_customers"} */
create or replace   view HMART.DEV.src_customers
  
   as (
    WITH raw_customers as (
    SELECT * FROM HMART.RAW.RAW_CUSTOMERS
)

SELECT customer_id,
    CONCAT(first_name, ' ', last_name) as customer_name,
    email,
    phone,
    country,
    city,
    gender,
    birth_date,
    signup_date,
    loyalty_tier,
    is_active,
    email_missing
FROM raw_customers
  );
[0m21:42:48.429238 [debug] [Thread-1 (]: SQL status: SUCCESS 1 in 0.510 seconds
[0m21:42:48.457831 [debug] [Thread-1 (]: Sending event: {'category': 'dbt', 'action': 'run_model', 'label': '7f57b409-aea0-4cf0-b3c1-92213d2735b2', 'context': [<snowplow_tracker.self_describing_json.SelfDescribingJson object at 0x108c739d0>]}
[0m21:42:48.458468 [info ] [Thread-1 (]: 1 of 7 OK created sql view model DEV.src_customers ............................. [[32mSUCCESS 1[0m in 0.56s]
[0m21:42:48.458942 [debug] [Thread-1 (]: Finished running node model.hmart.src_customers
[0m21:42:48.459684 [debug] [Thread-1 (]: Began running node model.hmart.src_order_items
[0m21:42:48.460255 [info ] [Thread-1 (]: 2 of 7 START sql view model DEV.src_order_items ................................ [RUN]
[0m21:42:48.460636 [debug] [Thread-1 (]: Re-using an available connection from the pool (formerly model.hmart.src_customers, now model.hmart.src_order_items)
[0m21:42:48.460881 [debug] [Thread-1 (]: Began compiling node model.hmart.src_order_items
[0m21:42:48.461717 [debug] [Thread-1 (]: Writing injected SQL for node "model.hmart.src_order_items"
[0m21:42:48.462382 [debug] [Thread-1 (]: Began executing node model.hmart.src_order_items
[0m21:42:48.464254 [debug] [Thread-1 (]: Writing runtime sql for node "model.hmart.src_order_items"
[0m21:42:48.464925 [debug] [Thread-1 (]: Using snowflake connection "model.hmart.src_order_items"
[0m21:42:48.465142 [debug] [Thread-1 (]: On model.hmart.src_order_items: /* {"app": "dbt", "dbt_version": "1.12.5", "profile_name": "hmart", "target_name": "dev", "node_id": "model.hmart.src_order_items"} */
create or replace   view HMART.DEV.src_order_items
  
   as (
    WITH src_order_items AS (
    SELECT * FROM HMART.RAW.RAW_ORDER_ITEMS
)

SELECT
    order_item_id,
    order_id,
    product_id,
    quantity,
    unit_price,
    discount_pct,
    line_total
FROM src_order_items
  );
[0m21:42:49.031757 [debug] [Thread-1 (]: SQL status: SUCCESS 1 in 0.566 seconds
[0m21:42:49.035634 [debug] [Thread-1 (]: Sending event: {'category': 'dbt', 'action': 'run_model', 'label': '7f57b409-aea0-4cf0-b3c1-92213d2735b2', 'context': [<snowplow_tracker.self_describing_json.SelfDescribingJson object at 0x1133e5790>]}
[0m21:42:49.036515 [info ] [Thread-1 (]: 2 of 7 OK created sql view model DEV.src_order_items ........................... [[32mSUCCESS 1[0m in 0.57s]
[0m21:42:49.037141 [debug] [Thread-1 (]: Finished running node model.hmart.src_order_items
[0m21:42:49.037572 [debug] [Thread-1 (]: Began running node model.hmart.src_orders
[0m21:42:49.038226 [info ] [Thread-1 (]: 3 of 7 START sql view model DEV.src_orders ..................................... [RUN]
[0m21:42:49.038819 [debug] [Thread-1 (]: Re-using an available connection from the pool (formerly model.hmart.src_order_items, now model.hmart.src_orders)
[0m21:42:49.039170 [debug] [Thread-1 (]: Began compiling node model.hmart.src_orders
[0m21:42:49.040262 [debug] [Thread-1 (]: Writing injected SQL for node "model.hmart.src_orders"
[0m21:42:49.041122 [debug] [Thread-1 (]: Began executing node model.hmart.src_orders
[0m21:42:49.043461 [debug] [Thread-1 (]: Writing runtime sql for node "model.hmart.src_orders"
[0m21:42:49.044348 [debug] [Thread-1 (]: Using snowflake connection "model.hmart.src_orders"
[0m21:42:49.044644 [debug] [Thread-1 (]: On model.hmart.src_orders: /* {"app": "dbt", "dbt_version": "1.12.5", "profile_name": "hmart", "target_name": "dev", "node_id": "model.hmart.src_orders"} */
create or replace   view HMART.DEV.src_orders
  
   as (
    WITH src_orders AS (
    SELECT * FROM HMART.RAW.RAW_ORDERS
)

SELECT 
    order_id,
    customer_id,
    order_ts,
    status,
    channel,
    shipping_country,
    coupon_code
FROM src_orders
  );
[0m21:42:49.340553 [debug] [Thread-1 (]: SQL status: SUCCESS 1 in 0.295 seconds
[0m21:42:49.345113 [debug] [Thread-1 (]: Sending event: {'category': 'dbt', 'action': 'run_model', 'label': '7f57b409-aea0-4cf0-b3c1-92213d2735b2', 'context': [<snowplow_tracker.self_describing_json.SelfDescribingJson object at 0x113661510>]}
[0m21:42:49.346031 [info ] [Thread-1 (]: 3 of 7 OK created sql view model DEV.src_orders ................................ [[32mSUCCESS 1[0m in 0.31s]
[0m21:42:49.346694 [debug] [Thread-1 (]: Finished running node model.hmart.src_orders
[0m21:42:49.347154 [debug] [Thread-1 (]: Began running node model.hmart.src_payments
[0m21:42:49.347860 [info ] [Thread-1 (]: 4 of 7 START sql view model DEV.src_payments ................................... [RUN]
[0m21:42:49.348484 [debug] [Thread-1 (]: Re-using an available connection from the pool (formerly model.hmart.src_orders, now model.hmart.src_payments)
[0m21:42:49.348885 [debug] [Thread-1 (]: Began compiling node model.hmart.src_payments
[0m21:42:49.350397 [debug] [Thread-1 (]: Writing injected SQL for node "model.hmart.src_payments"
[0m21:42:49.351524 [debug] [Thread-1 (]: Began executing node model.hmart.src_payments
[0m21:42:49.354511 [debug] [Thread-1 (]: Writing runtime sql for node "model.hmart.src_payments"
[0m21:42:49.355721 [debug] [Thread-1 (]: Using snowflake connection "model.hmart.src_payments"
[0m21:42:49.356038 [debug] [Thread-1 (]: On model.hmart.src_payments: /* {"app": "dbt", "dbt_version": "1.12.5", "profile_name": "hmart", "target_name": "dev", "node_id": "model.hmart.src_payments"} */
create or replace   view HMART.DEV.src_payments
  
   as (
    WITH src_payments AS (
    SELECT * FROM HMART.RAW.RAW_PAYMENTS
)

SELECT 
    payment_id,
    order_id,
    method,
    amount,
    currency,
    payment_status,
    amount_recomputed 
FROM src_payments
  );
[0m21:42:50.042887 [debug] [Thread-1 (]: SQL status: SUCCESS 1 in 0.686 seconds
[0m21:42:50.050169 [debug] [Thread-1 (]: Sending event: {'category': 'dbt', 'action': 'run_model', 'label': '7f57b409-aea0-4cf0-b3c1-92213d2735b2', 'context': [<snowplow_tracker.self_describing_json.SelfDescribingJson object at 0x10c989d50>]}
[0m21:42:50.051688 [info ] [Thread-1 (]: 4 of 7 OK created sql view model DEV.src_payments .............................. [[32mSUCCESS 1[0m in 0.70s]
[0m21:42:50.052642 [debug] [Thread-1 (]: Finished running node model.hmart.src_payments
[0m21:42:50.053192 [debug] [Thread-1 (]: Began running node model.hmart.src_products
[0m21:42:50.053953 [info ] [Thread-1 (]: 5 of 7 START sql view model DEV.src_products ................................... [RUN]
[0m21:42:50.054597 [debug] [Thread-1 (]: Re-using an available connection from the pool (formerly model.hmart.src_payments, now model.hmart.src_products)
[0m21:42:50.055006 [debug] [Thread-1 (]: Began compiling node model.hmart.src_products
[0m21:42:50.056635 [debug] [Thread-1 (]: Writing injected SQL for node "model.hmart.src_products"
[0m21:42:50.059546 [debug] [Thread-1 (]: Began executing node model.hmart.src_products
[0m21:42:50.063891 [debug] [Thread-1 (]: Writing runtime sql for node "model.hmart.src_products"
[0m21:42:50.065840 [debug] [Thread-1 (]: Using snowflake connection "model.hmart.src_products"
[0m21:42:50.066271 [debug] [Thread-1 (]: On model.hmart.src_products: /* {"app": "dbt", "dbt_version": "1.12.5", "profile_name": "hmart", "target_name": "dev", "node_id": "model.hmart.src_products"} */
create or replace   view HMART.DEV.src_products
  
   as (
    WITH src_products as (
    SELECT * FROM HMART.RAW.RAW_PRODUCTS
)

SELECT 
    product_id,
    sku,
    product_name,
    category,
    subcategory,
    brand,
    unit_cost,
    unit_price,
    weight_kg,
    created_at,
    is_discontinued,
    price_imputed
FROM src_products
  );
[0m21:42:50.306744 [debug] [Thread-1 (]: SQL status: SUCCESS 1 in 0.240 seconds
[0m21:42:50.310502 [debug] [Thread-1 (]: Sending event: {'category': 'dbt', 'action': 'run_model', 'label': '7f57b409-aea0-4cf0-b3c1-92213d2735b2', 'context': [<snowplow_tracker.self_describing_json.SelfDescribingJson object at 0x113791ed0>]}
[0m21:42:50.311330 [info ] [Thread-1 (]: 5 of 7 OK created sql view model DEV.src_products .............................. [[32mSUCCESS 1[0m in 0.26s]
[0m21:42:50.311856 [debug] [Thread-1 (]: Finished running node model.hmart.src_products
[0m21:42:50.312255 [debug] [Thread-1 (]: Began running node model.hmart.dim_customers
[0m21:42:50.312945 [info ] [Thread-1 (]: 6 of 7 START sql view model DEV.dim_customers .................................. [RUN]
[0m21:42:50.313484 [debug] [Thread-1 (]: Re-using an available connection from the pool (formerly model.hmart.src_products, now model.hmart.dim_customers)
[0m21:42:50.313938 [debug] [Thread-1 (]: Began compiling node model.hmart.dim_customers
[0m21:42:50.316439 [debug] [Thread-1 (]: Writing injected SQL for node "model.hmart.dim_customers"
[0m21:42:50.317376 [debug] [Thread-1 (]: Began executing node model.hmart.dim_customers
[0m21:42:50.320623 [debug] [Thread-1 (]: Writing runtime sql for node "model.hmart.dim_customers"
[0m21:42:50.322051 [debug] [Thread-1 (]: Using snowflake connection "model.hmart.dim_customers"
[0m21:42:50.322669 [debug] [Thread-1 (]: On model.hmart.dim_customers: /* {"app": "dbt", "dbt_version": "1.12.5", "profile_name": "hmart", "target_name": "dev", "node_id": "model.hmart.dim_customers"} */
create or replace   view HMART.DEV.dim_customers
  
   as (
    WITH src_customers AS (
    SELECT * FROM HMART.DEV.src_customers
)

SELECT 
    customer_id,
    customer_name,
    email,
    phone,
    country,
    city,
    gender,
    birth_date,
    signup_date,
    loyalty_tier,
    is_active,
FROM src_customers
  );
[0m21:42:51.177061 [debug] [Thread-1 (]: SQL status: SUCCESS 1 in 0.854 seconds
[0m21:42:51.181352 [debug] [Thread-1 (]: Sending event: {'category': 'dbt', 'action': 'run_model', 'label': '7f57b409-aea0-4cf0-b3c1-92213d2735b2', 'context': [<snowplow_tracker.self_describing_json.SelfDescribingJson object at 0x113657650>]}
[0m21:42:51.182194 [info ] [Thread-1 (]: 6 of 7 OK created sql view model DEV.dim_customers ............................. [[32mSUCCESS 1[0m in 0.87s]
[0m21:42:51.182783 [debug] [Thread-1 (]: Finished running node model.hmart.dim_customers
[0m21:42:51.183157 [debug] [Thread-1 (]: Began running node model.hmart.dim_products
[0m21:42:51.183702 [info ] [Thread-1 (]: 7 of 7 START sql view model DEV.dim_products ................................... [RUN]
[0m21:42:51.184135 [debug] [Thread-1 (]: Re-using an available connection from the pool (formerly model.hmart.dim_customers, now model.hmart.dim_products)
[0m21:42:51.184450 [debug] [Thread-1 (]: Began compiling node model.hmart.dim_products
[0m21:42:51.186586 [debug] [Thread-1 (]: Writing injected SQL for node "model.hmart.dim_products"
[0m21:42:51.187493 [debug] [Thread-1 (]: Began executing node model.hmart.dim_products
[0m21:42:51.189683 [debug] [Thread-1 (]: Writing runtime sql for node "model.hmart.dim_products"
[0m21:42:51.190590 [debug] [Thread-1 (]: Using snowflake connection "model.hmart.dim_products"
[0m21:42:51.190912 [debug] [Thread-1 (]: On model.hmart.dim_products: /* {"app": "dbt", "dbt_version": "1.12.5", "profile_name": "hmart", "target_name": "dev", "node_id": "model.hmart.dim_products"} */
create or replace   view HMART.DEV.dim_products
  
   as (
    WITH src_products AS (
    SELECT * FROM HMART.DEV.src_products
)

SELECT * FROM src_products
  );
[0m21:42:51.947528 [debug] [Thread-1 (]: SQL status: SUCCESS 1 in 0.756 seconds
[0m21:42:51.951200 [debug] [Thread-1 (]: Sending event: {'category': 'dbt', 'action': 'run_model', 'label': '7f57b409-aea0-4cf0-b3c1-92213d2735b2', 'context': [<snowplow_tracker.self_describing_json.SelfDescribingJson object at 0x11371f1d0>]}
[0m21:42:51.951975 [info ] [Thread-1 (]: 7 of 7 OK created sql view model DEV.dim_products .............................. [[32mSUCCESS 1[0m in 0.77s]
[0m21:42:51.952521 [debug] [Thread-1 (]: Finished running node model.hmart.dim_products
[0m21:42:51.953874 [debug] [MainThread]: Connection 'master' was properly closed.
[0m21:42:51.954167 [debug] [MainThread]: Connection 'model.hmart.dim_products' was left open.
[0m21:42:51.954421 [debug] [MainThread]: On model.hmart.dim_products: Close
[0m21:42:52.529748 [info ] [MainThread]: 
[0m21:42:52.530641 [info ] [MainThread]: Finished running 7 view models in 0 hours 0 minutes and 9.96 seconds (9.96s).
[0m21:42:52.532418 [debug] [MainThread]: Command end result
[0m21:42:52.568228 [debug] [MainThread]: Wrote artifact WritableManifest to /Users/tanvigharbudve/Desktop/projects/hmart_sql/hmart/target/manifest.json
[0m21:42:52.570354 [debug] [MainThread]: Wrote artifact SemanticManifest to /Users/tanvigharbudve/Desktop/projects/hmart_sql/hmart/target/semantic_manifest.json
[0m21:42:52.571927 [debug] [MainThread]: Wrote artifact OsiDocument to /Users/tanvigharbudve/Desktop/projects/hmart_sql/hmart/target/osi_document.json
[0m21:42:52.576448 [debug] [MainThread]: Wrote artifact RunExecutionResult to /Users/tanvigharbudve/Desktop/projects/hmart_sql/hmart/target/run_results.json
[0m21:42:52.576651 [info ] [MainThread]: 
[0m21:42:52.576860 [info ] [MainThread]: [32mCompleted successfully[0m
[0m21:42:52.577028 [info ] [MainThread]: 
[0m21:42:52.577201 [info ] [MainThread]: Done. PASS=7 WARN=0 ERROR=0 SKIP=0 NO-OP=0 REUSED=0 TOTAL=7
[0m21:42:52.579320 [debug] [MainThread]: Resource report: {"command_name": "run", "command_success": true, "command_wall_clock_time": 10.487041, "process_in_blocks": "0", "process_kernel_time": 0.246817, "process_mem_max_rss": "186155008", "process_out_blocks": "0", "process_user_time": 1.295953}
[0m21:42:52.579691 [debug] [MainThread]: Command `dbt run` succeeded at 21:42:52.579647 after 10.49 seconds
[0m21:42:52.579895 [debug] [MainThread]: Sending event: {'category': 'dbt', 'action': 'invocation', 'label': 'end', 'context': [<snowplow_tracker.self_describing_json.SelfDescribingJson object at 0x10bad6d50>, <snowplow_tracker.self_describing_json.SelfDescribingJson object at 0x10bad62d0>, <snowplow_tracker.self_describing_json.SelfDescribingJson object at 0x10b9aae50>]}
[0m21:42:52.580085 [debug] [MainThread]: Flushing usage events
[0m21:42:54.613766 [debug] [MainThread]: An error was encountered while trying to flush usage events
[0m21:43:53.890470 [debug] [MainThread]: Sending event: {'category': 'dbt', 'action': 'invocation', 'label': 'start', 'context': [<snowplow_tracker.self_describing_json.SelfDescribingJson object at 0x10b883690>, <snowplow_tracker.self_describing_json.SelfDescribingJson object at 0x10b991c10>, <snowplow_tracker.self_describing_json.SelfDescribingJson object at 0x10b993350>]}


============================== 21:43:53.893388 | 6b22f393-6d3d-4f2b-8cb2-082d9c42d4b9 ==============================
[0m21:43:53.893388 [info ] [MainThread]: Running with dbt=1.12.5
[0m21:43:53.893646 [debug] [MainThread]: running dbt with arguments {'warn_error': 'None', 'maximum_seed_size_mib': '1', 'target_path': 'None', 'fail_fast': 'False', 'static_parser': 'True', 'cache_selected_only': 'False', 'debug': 'False', 'partial_parse': 'True', 'introspect': 'True', 'indirect_selection': 'eager', 'log_format': 'default', 'empty': 'False', 'log_path': '/Users/tanvigharbudve/Desktop/projects/hmart_sql/hmart/logs', 'use_colors': 'True', 'version_check': 'True', 'hints_enabled': 'True', 'printer_width': '80', 'write_json': 'True', 'profiles_dir': '/Users/tanvigharbudve/.dbt', 'invocation_command': 'dbt run', 'use_experimental_parser': 'False', 'log_cache_events': 'False', 'quiet': 'False', 'warn_error_options': 'WarnErrorOptionsV2(error=[], warn=[], silence=[])', 'send_anonymous_usage_stats': 'True', 'no_print': 'None'}
[0m21:43:54.128473 [debug] [MainThread]: Sending event: {'category': 'dbt', 'action': 'project_id', 'label': '6b22f393-6d3d-4f2b-8cb2-082d9c42d4b9', 'context': [<snowplow_tracker.self_describing_json.SelfDescribingJson object at 0x10c6d39d0>]}
[0m21:43:54.151818 [debug] [MainThread]: Sending event: {'category': 'dbt', 'action': 'adapter_info', 'label': '6b22f393-6d3d-4f2b-8cb2-082d9c42d4b9', 'context': [<snowplow_tracker.self_describing_json.SelfDescribingJson object at 0x10a683b90>]}
[0m21:43:54.153034 [info ] [MainThread]: Registered adapter: snowflake=1.9.0
[0m21:43:54.207395 [debug] [MainThread]: checksum: 45a02549dde2b41a1199d675c935f59a553ec318be0f791f50a7baabda8f1355, vars: {}, profile: hmart, target: dev, version: 1.12.5
[0m21:43:54.248589 [debug] [MainThread]: Partial parsing enabled: 0 files deleted, 0 files added, 0 files changed.
[0m21:43:54.248780 [debug] [MainThread]: Nothing changed, skipping partial parsing.
[0m21:43:54.248890 [debug] [MainThread]: Partial parsing enabled, no changes found, skipping parsing
[0m21:43:54.251348 [warn ] [MainThread]: [[33mWARNING[0m]: Configuration paths exist in your dbt_project.yml file which do not apply to any resources.
There are 1 unused configuration paths:
- models.hmart.models
[0m21:43:54.253106 [debug] [MainThread]: Sending event: {'category': 'dbt', 'action': 'load_project', 'label': '6b22f393-6d3d-4f2b-8cb2-082d9c42d4b9', 'context': [<snowplow_tracker.self_describing_json.SelfDescribingJson object at 0x10cbd1990>]}
[0m21:43:54.292731 [debug] [MainThread]: Wrote artifact WritableManifest to /Users/tanvigharbudve/Desktop/projects/hmart_sql/hmart/target/manifest.json
[0m21:43:54.294318 [debug] [MainThread]: Wrote artifact SemanticManifest to /Users/tanvigharbudve/Desktop/projects/hmart_sql/hmart/target/semantic_manifest.json
[0m21:43:54.305105 [debug] [MainThread]: Wrote artifact OsiDocument to /Users/tanvigharbudve/Desktop/projects/hmart_sql/hmart/target/osi_document.json
[0m21:43:54.310267 [debug] [MainThread]: Sending event: {'category': 'dbt', 'action': 'resource_counts', 'label': '6b22f393-6d3d-4f2b-8cb2-082d9c42d4b9', 'context': [<snowplow_tracker.self_describing_json.SelfDescribingJson object at 0x10ca7bd90>]}
[0m21:43:54.310486 [info ] [MainThread]: Found 7 models, 514 macros
[0m21:43:54.310635 [debug] [MainThread]: Sending event: {'category': 'dbt', 'action': 'runnable_timing', 'label': '6b22f393-6d3d-4f2b-8cb2-082d9c42d4b9', 'context': [<snowplow_tracker.self_describing_json.SelfDescribingJson object at 0x10ca33410>]}
[0m21:43:54.311440 [info ] [MainThread]: 
[0m21:43:54.311595 [info ] [MainThread]: Concurrency: 1 threads (target='dev')
[0m21:43:54.311713 [info ] [MainThread]: 
[0m21:43:54.311938 [debug] [MainThread]: Acquiring new snowflake connection 'master'
[0m21:43:54.313935 [debug] [ThreadPool]: Acquiring new snowflake connection 'list_HMART'
[0m21:43:54.342268 [debug] [ThreadPool]: Using snowflake connection "list_HMART"
[0m21:43:54.342459 [debug] [ThreadPool]: On list_HMART: /* {"app": "dbt", "dbt_version": "1.12.5", "profile_name": "hmart", "target_name": "dev", "connection_name": "list_HMART"} */
show terse schemas in database HMART
    limit 10000
[0m21:43:54.342574 [debug] [ThreadPool]: Opening a new connection, currently in state init
[0m21:43:55.305925 [debug] [ThreadPool]: SQL status: SUCCESS 4 in 0.963 seconds
[0m21:43:55.310032 [debug] [ThreadPool]: Re-using an available connection from the pool (formerly list_HMART, now list_HMART_DEV)
[0m21:43:55.318543 [debug] [ThreadPool]: Using snowflake connection "list_HMART_DEV"
[0m21:43:55.318825 [debug] [ThreadPool]: On list_HMART_DEV: /* {"app": "dbt", "dbt_version": "1.12.5", "profile_name": "hmart", "target_name": "dev", "connection_name": "list_HMART_DEV"} */
show objects in HMART.DEV limit 10000;
[0m21:43:55.678010 [debug] [ThreadPool]: SQL status: SUCCESS 7 in 0.359 seconds
[0m21:43:55.679463 [debug] [MainThread]: Sending event: {'category': 'dbt', 'action': 'runnable_timing', 'label': '6b22f393-6d3d-4f2b-8cb2-082d9c42d4b9', 'context': [<snowplow_tracker.self_describing_json.SelfDescribingJson object at 0x10c7e48d0>]}
[0m21:43:55.681974 [debug] [Thread-1 (]: Began running node model.hmart.src_customers
[0m21:43:55.682251 [info ] [Thread-1 (]: 1 of 7 START sql view model DEV.src_customers .................................. [RUN]
[0m21:43:55.682480 [debug] [Thread-1 (]: Re-using an available connection from the pool (formerly list_HMART_DEV, now model.hmart.src_customers)
[0m21:43:55.682621 [debug] [Thread-1 (]: Began compiling node model.hmart.src_customers
[0m21:43:55.684697 [debug] [Thread-1 (]: Writing injected SQL for node "model.hmart.src_customers"
[0m21:43:55.685067 [debug] [Thread-1 (]: Began executing node model.hmart.src_customers
[0m21:43:55.695489 [debug] [Thread-1 (]: Writing runtime sql for node "model.hmart.src_customers"
[0m21:43:55.696018 [debug] [Thread-1 (]: Using snowflake connection "model.hmart.src_customers"
[0m21:43:55.696180 [debug] [Thread-1 (]: On model.hmart.src_customers: /* {"app": "dbt", "dbt_version": "1.12.5", "profile_name": "hmart", "target_name": "dev", "node_id": "model.hmart.src_customers"} */
create or replace   view HMART.DEV.src_customers
  
   as (
    WITH raw_customers as (
    SELECT * FROM HMART.RAW.RAW_CUSTOMERS
)

SELECT customer_id,
    CONCAT(first_name, ' ', last_name) as customer_name,
    email,
    phone,
    country,
    city,
    gender,
    birth_date,
    signup_date,
    loyalty_tier,
    is_active,
    email_missing
FROM raw_customers
  );
[0m21:43:56.213198 [debug] [Thread-1 (]: SQL status: SUCCESS 1 in 0.517 seconds
[0m21:43:56.239358 [debug] [Thread-1 (]: Sending event: {'category': 'dbt', 'action': 'run_model', 'label': '6b22f393-6d3d-4f2b-8cb2-082d9c42d4b9', 'context': [<snowplow_tracker.self_describing_json.SelfDescribingJson object at 0x10c7a21d0>]}
[0m21:43:56.239919 [info ] [Thread-1 (]: 1 of 7 OK created sql view model DEV.src_customers ............................. [[32mSUCCESS 1[0m in 0.56s]
[0m21:43:56.240309 [debug] [Thread-1 (]: Finished running node model.hmart.src_customers
[0m21:43:56.240569 [debug] [Thread-1 (]: Began running node model.hmart.src_order_items
[0m21:43:56.241026 [info ] [Thread-1 (]: 2 of 7 START sql view model DEV.src_order_items ................................ [RUN]
[0m21:43:56.241390 [debug] [Thread-1 (]: Re-using an available connection from the pool (formerly model.hmart.src_customers, now model.hmart.src_order_items)
[0m21:43:56.241642 [debug] [Thread-1 (]: Began compiling node model.hmart.src_order_items
[0m21:43:56.242292 [debug] [Thread-1 (]: Writing injected SQL for node "model.hmart.src_order_items"
[0m21:43:56.242776 [debug] [Thread-1 (]: Began executing node model.hmart.src_order_items
[0m21:43:56.244200 [debug] [Thread-1 (]: Writing runtime sql for node "model.hmart.src_order_items"
[0m21:43:56.244775 [debug] [Thread-1 (]: Using snowflake connection "model.hmart.src_order_items"
[0m21:43:56.244985 [debug] [Thread-1 (]: On model.hmart.src_order_items: /* {"app": "dbt", "dbt_version": "1.12.5", "profile_name": "hmart", "target_name": "dev", "node_id": "model.hmart.src_order_items"} */
create or replace   view HMART.DEV.src_order_items
  
   as (
    WITH src_order_items AS (
    SELECT * FROM HMART.RAW.RAW_ORDER_ITEMS
)

SELECT
    order_item_id,
    order_id,
    product_id,
    quantity,
    unit_price,
    discount_pct,
    line_total
FROM src_order_items
  );
[0m21:43:56.495897 [debug] [Thread-1 (]: SQL status: SUCCESS 1 in 0.250 seconds
[0m21:43:56.500773 [debug] [Thread-1 (]: Sending event: {'category': 'dbt', 'action': 'run_model', 'label': '6b22f393-6d3d-4f2b-8cb2-082d9c42d4b9', 'context': [<snowplow_tracker.self_describing_json.SelfDescribingJson object at 0x10ca86d10>]}
[0m21:43:56.501985 [info ] [Thread-1 (]: 2 of 7 OK created sql view model DEV.src_order_items ........................... [[32mSUCCESS 1[0m in 0.26s]
[0m21:43:56.502857 [debug] [Thread-1 (]: Finished running node model.hmart.src_order_items
[0m21:43:56.503401 [debug] [Thread-1 (]: Began running node model.hmart.src_orders
[0m21:43:56.504127 [info ] [Thread-1 (]: 3 of 7 START sql view model DEV.src_orders ..................................... [RUN]
[0m21:43:56.504789 [debug] [Thread-1 (]: Re-using an available connection from the pool (formerly model.hmart.src_order_items, now model.hmart.src_orders)
[0m21:43:56.505163 [debug] [Thread-1 (]: Began compiling node model.hmart.src_orders
[0m21:43:56.506713 [debug] [Thread-1 (]: Writing injected SQL for node "model.hmart.src_orders"
[0m21:43:56.507791 [debug] [Thread-1 (]: Began executing node model.hmart.src_orders
[0m21:43:56.511307 [debug] [Thread-1 (]: Writing runtime sql for node "model.hmart.src_orders"
[0m21:43:56.512907 [debug] [Thread-1 (]: Using snowflake connection "model.hmart.src_orders"
[0m21:43:56.513340 [debug] [Thread-1 (]: On model.hmart.src_orders: /* {"app": "dbt", "dbt_version": "1.12.5", "profile_name": "hmart", "target_name": "dev", "node_id": "model.hmart.src_orders"} */
create or replace   view HMART.DEV.src_orders
  
   as (
    WITH src_orders AS (
    SELECT * FROM HMART.RAW.RAW_ORDERS
)

SELECT 
    order_id,
    customer_id,
    order_ts,
    status,
    channel,
    shipping_country,
    coupon_code
FROM src_orders
  );
[0m21:43:57.155507 [debug] [Thread-1 (]: SQL status: SUCCESS 1 in 0.642 seconds
[0m21:43:57.157054 [debug] [Thread-1 (]: Sending event: {'category': 'dbt', 'action': 'run_model', 'label': '6b22f393-6d3d-4f2b-8cb2-082d9c42d4b9', 'context': [<snowplow_tracker.self_describing_json.SelfDescribingJson object at 0x10c79b490>]}
[0m21:43:57.157481 [info ] [Thread-1 (]: 3 of 7 OK created sql view model DEV.src_orders ................................ [[32mSUCCESS 1[0m in 0.65s]
[0m21:43:57.157764 [debug] [Thread-1 (]: Finished running node model.hmart.src_orders
[0m21:43:57.158334 [debug] [Thread-1 (]: Began running node model.hmart.src_payments
[0m21:43:57.158800 [info ] [Thread-1 (]: 4 of 7 START sql view model DEV.src_payments ................................... [RUN]
[0m21:43:57.159193 [debug] [Thread-1 (]: Re-using an available connection from the pool (formerly model.hmart.src_orders, now model.hmart.src_payments)
[0m21:43:57.159417 [debug] [Thread-1 (]: Began compiling node model.hmart.src_payments
[0m21:43:57.159977 [debug] [Thread-1 (]: Writing injected SQL for node "model.hmart.src_payments"
[0m21:43:57.160374 [debug] [Thread-1 (]: Began executing node model.hmart.src_payments
[0m21:43:57.161831 [debug] [Thread-1 (]: Writing runtime sql for node "model.hmart.src_payments"
[0m21:43:57.162339 [debug] [Thread-1 (]: Using snowflake connection "model.hmart.src_payments"
[0m21:43:57.162483 [debug] [Thread-1 (]: On model.hmart.src_payments: /* {"app": "dbt", "dbt_version": "1.12.5", "profile_name": "hmart", "target_name": "dev", "node_id": "model.hmart.src_payments"} */
create or replace   view HMART.DEV.src_payments
  
   as (
    WITH src_payments AS (
    SELECT * FROM HMART.RAW.RAW_PAYMENTS
)

SELECT 
    payment_id,
    order_id,
    method,
    amount,
    currency,
    payment_status,
    amount_recomputed 
FROM src_payments
  );
[0m21:43:57.466955 [debug] [Thread-1 (]: SQL status: SUCCESS 1 in 0.304 seconds
[0m21:43:57.471006 [debug] [Thread-1 (]: Sending event: {'category': 'dbt', 'action': 'run_model', 'label': '6b22f393-6d3d-4f2b-8cb2-082d9c42d4b9', 'context': [<snowplow_tracker.self_describing_json.SelfDescribingJson object at 0x113535350>]}
[0m21:43:57.471718 [info ] [Thread-1 (]: 4 of 7 OK created sql view model DEV.src_payments .............................. [[32mSUCCESS 1[0m in 0.31s]
[0m21:43:57.472407 [debug] [Thread-1 (]: Finished running node model.hmart.src_payments
[0m21:43:57.472831 [debug] [Thread-1 (]: Began running node model.hmart.src_products
[0m21:43:57.473343 [info ] [Thread-1 (]: 5 of 7 START sql view model DEV.src_products ................................... [RUN]
[0m21:43:57.473835 [debug] [Thread-1 (]: Re-using an available connection from the pool (formerly model.hmart.src_payments, now model.hmart.src_products)
[0m21:43:57.474245 [debug] [Thread-1 (]: Began compiling node model.hmart.src_products
[0m21:43:57.475529 [debug] [Thread-1 (]: Writing injected SQL for node "model.hmart.src_products"
[0m21:43:57.476492 [debug] [Thread-1 (]: Began executing node model.hmart.src_products
[0m21:43:57.479534 [debug] [Thread-1 (]: Writing runtime sql for node "model.hmart.src_products"
[0m21:43:57.481038 [debug] [Thread-1 (]: Using snowflake connection "model.hmart.src_products"
[0m21:43:57.481543 [debug] [Thread-1 (]: On model.hmart.src_products: /* {"app": "dbt", "dbt_version": "1.12.5", "profile_name": "hmart", "target_name": "dev", "node_id": "model.hmart.src_products"} */
create or replace   view HMART.DEV.src_products
  
   as (
    WITH src_products as (
    SELECT * FROM HMART.RAW.RAW_PRODUCTS
)

SELECT 
    product_id,
    sku,
    product_name,
    category,
    subcategory,
    brand,
    unit_cost,
    unit_price,
    weight_kg,
    created_at,
    is_discontinued,
    price_imputed
FROM src_products
  );
[0m21:43:57.728898 [debug] [Thread-1 (]: SQL status: SUCCESS 1 in 0.247 seconds
[0m21:43:57.731571 [debug] [Thread-1 (]: Sending event: {'category': 'dbt', 'action': 'run_model', 'label': '6b22f393-6d3d-4f2b-8cb2-082d9c42d4b9', 'context': [<snowplow_tracker.self_describing_json.SelfDescribingJson object at 0x1089122d0>]}
[0m21:43:57.732203 [info ] [Thread-1 (]: 5 of 7 OK created sql view model DEV.src_products .............................. [[32mSUCCESS 1[0m in 0.26s]
[0m21:43:57.732901 [debug] [Thread-1 (]: Finished running node model.hmart.src_products
[0m21:43:57.733332 [debug] [Thread-1 (]: Began running node model.hmart.dim_customers
[0m21:43:57.734046 [info ] [Thread-1 (]: 6 of 7 START sql table model DEV.dim_customers ................................. [RUN]
[0m21:43:57.734559 [debug] [Thread-1 (]: Re-using an available connection from the pool (formerly model.hmart.src_products, now model.hmart.dim_customers)
[0m21:43:57.734901 [debug] [Thread-1 (]: Began compiling node model.hmart.dim_customers
[0m21:43:57.736831 [debug] [Thread-1 (]: Writing injected SQL for node "model.hmart.dim_customers"
[0m21:43:57.737689 [debug] [Thread-1 (]: Began executing node model.hmart.dim_customers
[0m21:43:57.747555 [debug] [Thread-1 (]:  adapter: Dropping relation "HMART"."DEV"."DIM_CUSTOMERS" because it is a view and target relation HMART.DEV.dim_customers is of type table.
[0m21:43:57.752766 [debug] [Thread-1 (]: Applying DROP to: "HMART"."DEV"."DIM_CUSTOMERS"
[0m21:43:57.757560 [debug] [Thread-1 (]: Using snowflake connection "model.hmart.dim_customers"
[0m21:43:57.757894 [debug] [Thread-1 (]: On model.hmart.dim_customers: /* {"app": "dbt", "dbt_version": "1.12.5", "profile_name": "hmart", "target_name": "dev", "node_id": "model.hmart.dim_customers"} */
drop view if exists "HMART"."DEV"."DIM_CUSTOMERS" cascade
[0m21:43:57.966573 [debug] [Thread-1 (]: SQL status: SUCCESS 1 in 0.208 seconds
[0m21:43:57.982696 [debug] [Thread-1 (]: Writing runtime sql for node "model.hmart.dim_customers"
[0m21:43:57.983994 [debug] [Thread-1 (]: Using snowflake connection "model.hmart.dim_customers"
[0m21:43:57.984286 [debug] [Thread-1 (]: On model.hmart.dim_customers: /* {"app": "dbt", "dbt_version": "1.12.5", "profile_name": "hmart", "target_name": "dev", "node_id": "model.hmart.dim_customers"} */
create or replace transient table HMART.DEV.dim_customers
         as
        (WITH src_customers AS (
    SELECT * FROM HMART.DEV.src_customers
)

SELECT 
    customer_id,
    customer_name,
    email,
    phone,
    country,
    city,
    gender,
    birth_date,
    signup_date,
    loyalty_tier,
    is_active,
FROM src_customers
        );
[0m21:43:59.061484 [debug] [Thread-1 (]: SQL status: SUCCESS 1 in 1.077 seconds
[0m21:43:59.065079 [debug] [Thread-1 (]: Sending event: {'category': 'dbt', 'action': 'run_model', 'label': '6b22f393-6d3d-4f2b-8cb2-082d9c42d4b9', 'context': [<snowplow_tracker.self_describing_json.SelfDescribingJson object at 0x113511050>]}
[0m21:43:59.065792 [info ] [Thread-1 (]: 6 of 7 OK created sql table model DEV.dim_customers ............................ [[32mSUCCESS 1[0m in 1.33s]
[0m21:43:59.066391 [debug] [Thread-1 (]: Finished running node model.hmart.dim_customers
[0m21:43:59.066803 [debug] [Thread-1 (]: Began running node model.hmart.dim_products
[0m21:43:59.067391 [info ] [Thread-1 (]: 7 of 7 START sql table model DEV.dim_products .................................. [RUN]
[0m21:43:59.067926 [debug] [Thread-1 (]: Re-using an available connection from the pool (formerly model.hmart.dim_customers, now model.hmart.dim_products)
[0m21:43:59.068407 [debug] [Thread-1 (]: Began compiling node model.hmart.dim_products
[0m21:43:59.070580 [debug] [Thread-1 (]: Writing injected SQL for node "model.hmart.dim_products"
[0m21:43:59.071926 [debug] [Thread-1 (]: Began executing node model.hmart.dim_products
[0m21:43:59.074368 [debug] [Thread-1 (]:  adapter: Dropping relation "HMART"."DEV"."DIM_PRODUCTS" because it is a view and target relation HMART.DEV.dim_products is of type table.
[0m21:43:59.075773 [debug] [Thread-1 (]: Applying DROP to: "HMART"."DEV"."DIM_PRODUCTS"
[0m21:43:59.076673 [debug] [Thread-1 (]: Using snowflake connection "model.hmart.dim_products"
[0m21:43:59.076956 [debug] [Thread-1 (]: On model.hmart.dim_products: /* {"app": "dbt", "dbt_version": "1.12.5", "profile_name": "hmart", "target_name": "dev", "node_id": "model.hmart.dim_products"} */
drop view if exists "HMART"."DEV"."DIM_PRODUCTS" cascade
[0m21:43:59.279414 [debug] [Thread-1 (]: SQL status: SUCCESS 1 in 0.202 seconds
[0m21:43:59.281306 [debug] [Thread-1 (]: Writing runtime sql for node "model.hmart.dim_products"
[0m21:43:59.282306 [debug] [Thread-1 (]: Using snowflake connection "model.hmart.dim_products"
[0m21:43:59.282732 [debug] [Thread-1 (]: On model.hmart.dim_products: /* {"app": "dbt", "dbt_version": "1.12.5", "profile_name": "hmart", "target_name": "dev", "node_id": "model.hmart.dim_products"} */
create or replace transient table HMART.DEV.dim_products
         as
        (WITH src_products AS (
    SELECT * FROM HMART.DEV.src_products
)

SELECT * FROM src_products
        );
[0m21:43:59.853002 [debug] [Thread-1 (]: SQL status: SUCCESS 1 in 0.570 seconds
[0m21:43:59.857559 [debug] [Thread-1 (]: Sending event: {'category': 'dbt', 'action': 'run_model', 'label': '6b22f393-6d3d-4f2b-8cb2-082d9c42d4b9', 'context': [<snowplow_tracker.self_describing_json.SelfDescribingJson object at 0x10cb69e50>]}
[0m21:43:59.858239 [info ] [Thread-1 (]: 7 of 7 OK created sql table model DEV.dim_products ............................. [[32mSUCCESS 1[0m in 0.79s]
[0m21:43:59.858726 [debug] [Thread-1 (]: Finished running node model.hmart.dim_products
[0m21:43:59.859641 [debug] [MainThread]: Connection 'master' was properly closed.
[0m21:43:59.859903 [debug] [MainThread]: Connection 'model.hmart.dim_products' was left open.
[0m21:43:59.860137 [debug] [MainThread]: On model.hmart.dim_products: Close
[0m21:44:00.118484 [info ] [MainThread]: 
[0m21:44:00.119489 [info ] [MainThread]: Finished running 2 table models, 5 view models in 0 hours 0 minutes and 5.81 seconds (5.81s).
[0m21:44:00.121307 [debug] [MainThread]: Command end result
[0m21:44:00.156394 [debug] [MainThread]: Wrote artifact WritableManifest to /Users/tanvigharbudve/Desktop/projects/hmart_sql/hmart/target/manifest.json
[0m21:44:00.158692 [debug] [MainThread]: Wrote artifact SemanticManifest to /Users/tanvigharbudve/Desktop/projects/hmart_sql/hmart/target/semantic_manifest.json
[0m21:44:00.160406 [debug] [MainThread]: Wrote artifact OsiDocument to /Users/tanvigharbudve/Desktop/projects/hmart_sql/hmart/target/osi_document.json
[0m21:44:00.165016 [debug] [MainThread]: Wrote artifact RunExecutionResult to /Users/tanvigharbudve/Desktop/projects/hmart_sql/hmart/target/run_results.json
[0m21:44:00.165207 [info ] [MainThread]: 
[0m21:44:00.165438 [info ] [MainThread]: [32mCompleted successfully[0m
[0m21:44:00.165618 [info ] [MainThread]: 
[0m21:44:00.165811 [info ] [MainThread]: Done. PASS=7 WARN=0 ERROR=0 SKIP=0 NO-OP=0 REUSED=0 TOTAL=7
[0m21:44:00.167980 [debug] [MainThread]: Resource report: {"command_name": "run", "command_success": true, "command_wall_clock_time": 6.3148985, "process_in_blocks": "0", "process_kernel_time": 0.240478, "process_mem_max_rss": "186515456", "process_out_blocks": "0", "process_user_time": 1.267772}
[0m21:44:00.168344 [debug] [MainThread]: Command `dbt run` succeeded at 21:44:00.168295 after 6.32 seconds
[0m21:44:00.168552 [debug] [MainThread]: Sending event: {'category': 'dbt', 'action': 'invocation', 'label': 'end', 'context': [<snowplow_tracker.self_describing_json.SelfDescribingJson object at 0x10b954290>, <snowplow_tracker.self_describing_json.SelfDescribingJson object at 0x10b866f90>, <snowplow_tracker.self_describing_json.SelfDescribingJson object at 0x10b882350>]}
[0m21:44:00.168756 [debug] [MainThread]: Flushing usage events
[0m21:44:02.595795 [debug] [MainThread]: An error was encountered while trying to flush usage events
[0m21:59:49.646123 [debug] [MainThread]: Sending event: {'category': 'dbt', 'action': 'invocation', 'label': 'start', 'context': [<snowplow_tracker.self_describing_json.SelfDescribingJson object at 0x10deaba90>, <snowplow_tracker.self_describing_json.SelfDescribingJson object at 0x10dfb1ad0>, <snowplow_tracker.self_describing_json.SelfDescribingJson object at 0x10dfb2f10>]}


============================== 21:59:49.650481 | 26dcaf94-6d9c-42dc-9ac9-4af2a5dee872 ==============================
[0m21:59:49.650481 [info ] [MainThread]: Running with dbt=1.12.5
[0m21:59:49.650754 [debug] [MainThread]: running dbt with arguments {'warn_error': 'None', 'fail_fast': 'False', 'indirect_selection': 'eager', 'static_parser': 'True', 'debug': 'False', 'no_print': 'None', 'log_cache_events': 'False', 'log_format': 'default', 'cache_selected_only': 'False', 'log_path': '/Users/tanvigharbudve/Desktop/projects/hmart_sql/hmart/logs', 'profiles_dir': '/Users/tanvigharbudve/.dbt', 'hints_enabled': 'True', 'send_anonymous_usage_stats': 'True', 'write_json': 'True', 'introspect': 'True', 'printer_width': '80', 'warn_error_options': 'WarnErrorOptionsV2(error=[], warn=[], silence=[])', 'use_colors': 'True', 'target_path': 'None', 'invocation_command': 'dbt run -s dim_customers.sql', 'use_experimental_parser': 'False', 'version_check': 'True', 'maximum_seed_size_mib': '1', 'empty': 'False', 'quiet': 'False', 'partial_parse': 'True'}
[0m21:59:49.906029 [debug] [MainThread]: Sending event: {'category': 'dbt', 'action': 'project_id', 'label': '26dcaf94-6d9c-42dc-9ac9-4af2a5dee872', 'context': [<snowplow_tracker.self_describing_json.SelfDescribingJson object at 0x10eceeb90>]}
[0m21:59:49.930015 [debug] [MainThread]: Sending event: {'category': 'dbt', 'action': 'adapter_info', 'label': '26dcaf94-6d9c-42dc-9ac9-4af2a5dee872', 'context': [<snowplow_tracker.self_describing_json.SelfDescribingJson object at 0x10cca3c10>]}
[0m21:59:49.930819 [info ] [MainThread]: Registered adapter: snowflake=1.9.0
[0m21:59:49.985168 [debug] [MainThread]: checksum: 45a02549dde2b41a1199d675c935f59a553ec318be0f791f50a7baabda8f1355, vars: {}, profile: hmart, target: dev, version: 1.12.5
[0m21:59:50.026464 [debug] [MainThread]: Partial parsing enabled: 0 files deleted, 0 files added, 0 files changed.
[0m21:59:50.026659 [debug] [MainThread]: Nothing changed, skipping partial parsing.
[0m21:59:50.026776 [debug] [MainThread]: Partial parsing enabled, no changes found, skipping parsing
[0m21:59:50.029206 [warn ] [MainThread]: [[33mWARNING[0m]: Configuration paths exist in your dbt_project.yml file which do not apply to any resources.
There are 1 unused configuration paths:
- models.hmart.models
[0m21:59:50.030953 [debug] [MainThread]: Sending event: {'category': 'dbt', 'action': 'load_project', 'label': '26dcaf94-6d9c-42dc-9ac9-4af2a5dee872', 'context': [<snowplow_tracker.self_describing_json.SelfDescribingJson object at 0x10dfcf710>]}
[0m21:59:50.069733 [debug] [MainThread]: Wrote artifact WritableManifest to /Users/tanvigharbudve/Desktop/projects/hmart_sql/hmart/target/manifest.json
[0m21:59:50.071644 [debug] [MainThread]: Wrote artifact SemanticManifest to /Users/tanvigharbudve/Desktop/projects/hmart_sql/hmart/target/semantic_manifest.json
[0m21:59:50.082819 [debug] [MainThread]: Wrote artifact OsiDocument to /Users/tanvigharbudve/Desktop/projects/hmart_sql/hmart/target/osi_document.json
[0m21:59:50.088636 [debug] [MainThread]: Sending event: {'category': 'dbt', 'action': 'resource_counts', 'label': '26dcaf94-6d9c-42dc-9ac9-4af2a5dee872', 'context': [<snowplow_tracker.self_describing_json.SelfDescribingJson object at 0x10f0a7950>]}
[0m21:59:50.088837 [info ] [MainThread]: Found 7 models, 514 macros
[0m21:59:50.088979 [debug] [MainThread]: Sending event: {'category': 'dbt', 'action': 'runnable_timing', 'label': '26dcaf94-6d9c-42dc-9ac9-4af2a5dee872', 'context': [<snowplow_tracker.self_describing_json.SelfDescribingJson object at 0x10f06b450>]}
[0m21:59:50.089698 [info ] [MainThread]: 
[0m21:59:50.089847 [info ] [MainThread]: Concurrency: 1 threads (target='dev')
[0m21:59:50.089964 [info ] [MainThread]: 
[0m21:59:50.090197 [debug] [MainThread]: Acquiring new snowflake connection 'master'
[0m21:59:50.090584 [debug] [ThreadPool]: Acquiring new snowflake connection 'list_HMART'
[0m21:59:50.126566 [debug] [ThreadPool]: Using snowflake connection "list_HMART"
[0m21:59:50.126743 [debug] [ThreadPool]: On list_HMART: /* {"app": "dbt", "dbt_version": "1.12.5", "profile_name": "hmart", "target_name": "dev", "connection_name": "list_HMART"} */
show terse schemas in database HMART
    limit 10000
[0m21:59:50.126854 [debug] [ThreadPool]: Opening a new connection, currently in state init
[0m21:59:52.674676 [debug] [ThreadPool]: SQL status: SUCCESS 4 in 2.548 seconds
[0m21:59:52.683985 [debug] [ThreadPool]: Re-using an available connection from the pool (formerly list_HMART, now list_HMART_DEV)
[0m21:59:52.694901 [debug] [ThreadPool]: Using snowflake connection "list_HMART_DEV"
[0m21:59:52.695404 [debug] [ThreadPool]: On list_HMART_DEV: /* {"app": "dbt", "dbt_version": "1.12.5", "profile_name": "hmart", "target_name": "dev", "connection_name": "list_HMART_DEV"} */
show objects in HMART.DEV limit 10000;
[0m21:59:53.024765 [debug] [ThreadPool]: SQL status: SUCCESS 7 in 0.329 seconds
[0m21:59:53.029067 [debug] [MainThread]: Sending event: {'category': 'dbt', 'action': 'runnable_timing', 'label': '26dcaf94-6d9c-42dc-9ac9-4af2a5dee872', 'context': [<snowplow_tracker.self_describing_json.SelfDescribingJson object at 0x115962190>]}
[0m21:59:53.034840 [debug] [Thread-1 (]: Began running node model.hmart.dim_customers
[0m21:59:53.035498 [info ] [Thread-1 (]: 1 of 1 START sql table model DEV.dim_customers ................................. [RUN]
[0m21:59:53.036018 [debug] [Thread-1 (]: Re-using an available connection from the pool (formerly list_HMART_DEV, now model.hmart.dim_customers)
[0m21:59:53.036366 [debug] [Thread-1 (]: Began compiling node model.hmart.dim_customers
[0m21:59:53.041938 [debug] [Thread-1 (]: Writing injected SQL for node "model.hmart.dim_customers"
[0m21:59:53.042756 [debug] [Thread-1 (]: Began executing node model.hmart.dim_customers
[0m21:59:53.062897 [debug] [Thread-1 (]: Writing runtime sql for node "model.hmart.dim_customers"
[0m21:59:53.064025 [debug] [Thread-1 (]: Using snowflake connection "model.hmart.dim_customers"
[0m21:59:53.064289 [debug] [Thread-1 (]: On model.hmart.dim_customers: /* {"app": "dbt", "dbt_version": "1.12.5", "profile_name": "hmart", "target_name": "dev", "node_id": "model.hmart.dim_customers"} */
create or replace transient table HMART.DEV.dim_customers
         as
        (-- WITH src_customers AS (
--     SELECT * FROM HMART.DEV.src_customers
-- )

-- SELECT 
--     customer_id,
--     customer_name,
--     email,
--     phone,
--     country,
--     city,
--     gender,
--     birth_date,
--     signup_date,
--     loyalty_tier,
--     is_active,
-- FROM src_customers
with base as (
    select *, date_diff('year', birth_date, date '2026-09-21') as age_years
    from stg_customers
)
select
    email, phone, country, city,
    case country
        when 'India' then 'South Asia'     when 'UAE' then 'Middle East'
        when 'USA' then 'North America'    when 'Canada' then 'North America'
        when 'Brazil' then 'Latin America' when 'Japan' then 'Asia Pacific'
        when 'Australia' then 'Asia Pacific' else 'Europe'
    end as region,
    gender, birth_date, age_years,
    case when age_years is null then 'Unknown'
         when age_years < 25 then '18-24' when age_years < 35 then '25-34'
         when age_years < 45 then '35-44' when age_years < 55 then '45-54'
         when age_years < 65 then '55-64' else '65+' end as age_band,
    signup_date,
    date_diff('day', signup_date, date '2026-09-21') as tenure_days,
    loyalty_tier, is_active
from base;
[0m21:59:53.227433 [debug] [Thread-1 (]: Snowflake adapter: Snowflake query id: 01c738fd-000e-0219-0002-4276000222ae
[0m21:59:53.228200 [debug] [Thread-1 (]: Snowflake adapter: Snowflake error: 001003 (42000): SQL compilation error:
syntax error line 40 at position 9 unexpected ';'.
[0m21:59:53.232970 [debug] [Thread-1 (]: Database Error in model dim_customers (models/dim/dim_customers.sql)
  001003 (42000): SQL compilation error:
  syntax error line 40 at position 9 unexpected ';'.
  compiled code at target/run/hmart/models/dim/dim_customers.sql
[0m21:59:53.235476 [debug] [Thread-1 (]: Sending event: {'category': 'dbt', 'action': 'run_model', 'label': '26dcaf94-6d9c-42dc-9ac9-4af2a5dee872', 'context': [<snowplow_tracker.self_describing_json.SelfDescribingJson object at 0x115aead50>]}
[0m21:59:53.236398 [error] [Thread-1 (]: 1 of 1 ERROR creating sql table model DEV.dim_customers ........................ [[31mERROR[0m in 0.20s]
[0m21:59:53.236979 [debug] [Thread-1 (]: Finished running node model.hmart.dim_customers
[0m21:59:53.237484 [debug] [Thread-4 (]: Marking all children of 'model.hmart.dim_customers' to be skipped because of status 'error'.  Reason: Database Error in model dim_customers (models/dim/dim_customers.sql)
  001003 (42000): SQL compilation error:
  syntax error line 40 at position 9 unexpected ';'.
  compiled code at target/run/hmart/models/dim/dim_customers.sql.
[0m21:59:53.239546 [debug] [MainThread]: Connection 'master' was properly closed.
[0m21:59:53.240041 [debug] [MainThread]: Connection 'model.hmart.dim_customers' was left open.
[0m21:59:53.240425 [debug] [MainThread]: On model.hmart.dim_customers: Close
[0m21:59:53.479869 [info ] [MainThread]: 
[0m21:59:53.480733 [info ] [MainThread]: Finished running 1 table model in 0 hours 0 minutes and 3.39 seconds (3.39s).
[0m21:59:53.481669 [debug] [MainThread]: Command end result
[0m21:59:53.512433 [debug] [MainThread]: Wrote artifact WritableManifest to /Users/tanvigharbudve/Desktop/projects/hmart_sql/hmart/target/manifest.json
[0m21:59:53.514250 [debug] [MainThread]: Wrote artifact SemanticManifest to /Users/tanvigharbudve/Desktop/projects/hmart_sql/hmart/target/semantic_manifest.json
[0m21:59:53.515820 [debug] [MainThread]: Wrote artifact OsiDocument to /Users/tanvigharbudve/Desktop/projects/hmart_sql/hmart/target/osi_document.json
[0m21:59:53.519864 [debug] [MainThread]: Wrote artifact RunExecutionResult to /Users/tanvigharbudve/Desktop/projects/hmart_sql/hmart/target/run_results.json
[0m21:59:53.520034 [info ] [MainThread]: 
[0m21:59:53.520249 [info ] [MainThread]: [31mCompleted with 1 error, 0 partial successes, and 0 warnings:[0m
[0m21:59:53.520432 [info ] [MainThread]: 
[0m21:59:53.520629 [error] [MainThread]: [[31mERROR[0m]: in model dim_customers (models/dim/dim_customers.sql)
[0m21:59:53.520905 [error] [MainThread]:   Database Error in model dim_customers (models/dim/dim_customers.sql)
  001003 (42000): SQL compilation error:
  syntax error line 40 at position 9 unexpected ';'.
  compiled code at target/run/hmart/models/dim/dim_customers.sql
[0m21:59:53.521092 [info ] [MainThread]: 
[0m21:59:53.521290 [info ] [MainThread]:   compiled code at target/compiled/hmart/models/dim/dim_customers.sql
[0m21:59:53.521451 [info ] [MainThread]: 
[0m21:59:53.521629 [info ] [MainThread]: Done. PASS=0 WARN=0 ERROR=1 SKIP=0 NO-OP=0 REUSED=0 TOTAL=1
[0m21:59:53.523630 [debug] [MainThread]: Resource report: {"command_name": "run", "command_success": false, "command_wall_clock_time": 3.921875, "process_in_blocks": "0", "process_kernel_time": 0.250499, "process_mem_max_rss": "186417152", "process_out_blocks": "0", "process_user_time": 1.209294}
[0m21:59:53.523989 [debug] [MainThread]: Command `dbt run` failed at 21:59:53.523893 after 3.92 seconds
[0m21:59:53.524197 [debug] [MainThread]: Sending event: {'category': 'dbt', 'action': 'invocation', 'label': 'end', 'context': [<snowplow_tracker.self_describing_json.SelfDescribingJson object at 0x10deb06d0>, <snowplow_tracker.self_describing_json.SelfDescribingJson object at 0x115b46590>, <snowplow_tracker.self_describing_json.SelfDescribingJson object at 0x11593f190>]}
[0m21:59:53.524384 [debug] [MainThread]: Flushing usage events
[0m21:59:54.428274 [debug] [MainThread]: An error was encountered while trying to flush usage events
[0m22:00:00.572695 [debug] [MainThread]: Sending event: {'category': 'dbt', 'action': 'invocation', 'label': 'start', 'context': [<snowplow_tracker.self_describing_json.SelfDescribingJson object at 0x1096254d0>, <snowplow_tracker.self_describing_json.SelfDescribingJson object at 0x1096761d0>, <snowplow_tracker.self_describing_json.SelfDescribingJson object at 0x109677490>]}


============================== 22:00:00.575581 | 73b83726-03bb-4a90-8bc3-4ddaa569356c ==============================
[0m22:00:00.575581 [info ] [MainThread]: Running with dbt=1.12.5
[0m22:00:00.575856 [debug] [MainThread]: running dbt with arguments {'log_format': 'default', 'warn_error_options': 'WarnErrorOptionsV2(error=[], warn=[], silence=[])', 'version_check': 'True', 'no_print': 'None', 'hints_enabled': 'True', 'warn_error': 'None', 'log_cache_events': 'False', 'static_parser': 'True', 'log_path': '/Users/tanvigharbudve/Desktop/projects/hmart_sql/hmart/logs', 'introspect': 'True', 'debug': 'False', 'fail_fast': 'False', 'quiet': 'False', 'write_json': 'True', 'maximum_seed_size_mib': '1', 'partial_parse': 'True', 'indirect_selection': 'eager', 'empty': 'False', 'printer_width': '80', 'send_anonymous_usage_stats': 'True', 'profiles_dir': '/Users/tanvigharbudve/.dbt', 'target_path': 'None', 'cache_selected_only': 'False', 'invocation_command': 'dbt run -s dim_customers.sql', 'use_experimental_parser': 'False', 'use_colors': 'True'}
[0m22:00:00.821274 [debug] [MainThread]: Sending event: {'category': 'dbt', 'action': 'project_id', 'label': '73b83726-03bb-4a90-8bc3-4ddaa569356c', 'context': [<snowplow_tracker.self_describing_json.SelfDescribingJson object at 0x109654b50>]}
[0m22:00:00.846217 [debug] [MainThread]: Sending event: {'category': 'dbt', 'action': 'adapter_info', 'label': '73b83726-03bb-4a90-8bc3-4ddaa569356c', 'context': [<snowplow_tracker.self_describing_json.SelfDescribingJson object at 0x108367ad0>]}
[0m22:00:00.847104 [info ] [MainThread]: Registered adapter: snowflake=1.9.0
[0m22:00:00.904315 [debug] [MainThread]: checksum: 45a02549dde2b41a1199d675c935f59a553ec318be0f791f50a7baabda8f1355, vars: {}, profile: hmart, target: dev, version: 1.12.5
[0m22:00:00.946699 [debug] [MainThread]: Partial parsing enabled: 0 files deleted, 0 files added, 0 files changed.
[0m22:00:00.946924 [debug] [MainThread]: Nothing changed, skipping partial parsing.
[0m22:00:00.947045 [debug] [MainThread]: Partial parsing enabled, no changes found, skipping parsing
[0m22:00:00.949598 [warn ] [MainThread]: [[33mWARNING[0m]: Configuration paths exist in your dbt_project.yml file which do not apply to any resources.
There are 1 unused configuration paths:
- models.hmart.models
[0m22:00:00.951380 [debug] [MainThread]: Sending event: {'category': 'dbt', 'action': 'load_project', 'label': '73b83726-03bb-4a90-8bc3-4ddaa569356c', 'context': [<snowplow_tracker.self_describing_json.SelfDescribingJson object at 0x10a9c7a50>]}
[0m22:00:00.992690 [debug] [MainThread]: Wrote artifact WritableManifest to /Users/tanvigharbudve/Desktop/projects/hmart_sql/hmart/target/manifest.json
[0m22:00:00.994075 [debug] [MainThread]: Wrote artifact SemanticManifest to /Users/tanvigharbudve/Desktop/projects/hmart_sql/hmart/target/semantic_manifest.json
[0m22:00:01.005250 [debug] [MainThread]: Wrote artifact OsiDocument to /Users/tanvigharbudve/Desktop/projects/hmart_sql/hmart/target/osi_document.json
[0m22:00:01.010627 [debug] [MainThread]: Sending event: {'category': 'dbt', 'action': 'resource_counts', 'label': '73b83726-03bb-4a90-8bc3-4ddaa569356c', 'context': [<snowplow_tracker.self_describing_json.SelfDescribingJson object at 0x10a8934d0>]}
[0m22:00:01.010837 [info ] [MainThread]: Found 7 models, 514 macros
[0m22:00:01.010985 [debug] [MainThread]: Sending event: {'category': 'dbt', 'action': 'runnable_timing', 'label': '73b83726-03bb-4a90-8bc3-4ddaa569356c', 'context': [<snowplow_tracker.self_describing_json.SelfDescribingJson object at 0x10a857a10>]}
[0m22:00:01.011699 [info ] [MainThread]: 
[0m22:00:01.011845 [info ] [MainThread]: Concurrency: 1 threads (target='dev')
[0m22:00:01.011962 [info ] [MainThread]: 
[0m22:00:01.012190 [debug] [MainThread]: Acquiring new snowflake connection 'master'
[0m22:00:01.012552 [debug] [ThreadPool]: Acquiring new snowflake connection 'list_HMART'
[0m22:00:01.041880 [debug] [ThreadPool]: Using snowflake connection "list_HMART"
[0m22:00:01.042077 [debug] [ThreadPool]: On list_HMART: /* {"app": "dbt", "dbt_version": "1.12.5", "profile_name": "hmart", "target_name": "dev", "connection_name": "list_HMART"} */
show terse schemas in database HMART
    limit 10000
[0m22:00:01.042186 [debug] [ThreadPool]: Opening a new connection, currently in state init
[0m22:00:02.391079 [debug] [ThreadPool]: SQL status: SUCCESS 4 in 1.349 seconds
[0m22:00:02.394612 [debug] [ThreadPool]: Re-using an available connection from the pool (formerly list_HMART, now list_HMART_DEV)
[0m22:00:02.399109 [debug] [ThreadPool]: Using snowflake connection "list_HMART_DEV"
[0m22:00:02.399329 [debug] [ThreadPool]: On list_HMART_DEV: /* {"app": "dbt", "dbt_version": "1.12.5", "profile_name": "hmart", "target_name": "dev", "connection_name": "list_HMART_DEV"} */
show objects in HMART.DEV limit 10000;
[0m22:00:03.816627 [debug] [ThreadPool]: SQL status: SUCCESS 7 in 1.417 seconds
[0m22:00:03.818642 [debug] [MainThread]: Sending event: {'category': 'dbt', 'action': 'runnable_timing', 'label': '73b83726-03bb-4a90-8bc3-4ddaa569356c', 'context': [<snowplow_tracker.self_describing_json.SelfDescribingJson object at 0x10b87add0>]}
[0m22:00:03.821061 [debug] [Thread-1 (]: Began running node model.hmart.dim_customers
[0m22:00:03.821371 [info ] [Thread-1 (]: 1 of 1 START sql table model DEV.dim_customers ................................. [RUN]
[0m22:00:03.821646 [debug] [Thread-1 (]: Re-using an available connection from the pool (formerly list_HMART_DEV, now model.hmart.dim_customers)
[0m22:00:03.821850 [debug] [Thread-1 (]: Began compiling node model.hmart.dim_customers
[0m22:00:03.825330 [debug] [Thread-1 (]: Writing injected SQL for node "model.hmart.dim_customers"
[0m22:00:03.825870 [debug] [Thread-1 (]: Began executing node model.hmart.dim_customers
[0m22:00:03.840553 [debug] [Thread-1 (]: Writing runtime sql for node "model.hmart.dim_customers"
[0m22:00:03.841542 [debug] [Thread-1 (]: Using snowflake connection "model.hmart.dim_customers"
[0m22:00:03.841751 [debug] [Thread-1 (]: On model.hmart.dim_customers: /* {"app": "dbt", "dbt_version": "1.12.5", "profile_name": "hmart", "target_name": "dev", "node_id": "model.hmart.dim_customers"} */
create or replace transient table HMART.DEV.dim_customers
         as
        (-- WITH src_customers AS (
--     SELECT * FROM HMART.DEV.src_customers
-- )

-- SELECT 
--     customer_id,
--     customer_name,
--     email,
--     phone,
--     country,
--     city,
--     gender,
--     birth_date,
--     signup_date,
--     loyalty_tier,
--     is_active,
-- FROM src_customers
with base as (
    select *, date_diff('year', birth_date, date '2026-09-21') as age_years
    from stg_customers
)
select
    email, phone, country, city,
    case country
        when 'India' then 'South Asia'     when 'UAE' then 'Middle East'
        when 'USA' then 'North America'    when 'Canada' then 'North America'
        when 'Brazil' then 'Latin America' when 'Japan' then 'Asia Pacific'
        when 'Australia' then 'Asia Pacific' else 'Europe'
    end as region,
    gender, birth_date, age_years,
    case when age_years is null then 'Unknown'
         when age_years < 25 then '18-24' when age_years < 35 then '25-34'
         when age_years < 45 then '35-44' when age_years < 55 then '45-54'
         when age_years < 65 then '55-64' else '65+' end as age_band,
    signup_date,
    date_diff('day', signup_date, date '2026-09-21') as tenure_days,
    loyalty_tier, is_active
from base
        );
[0m22:00:04.047303 [debug] [Thread-1 (]: Snowflake adapter: Snowflake query id: 01c738fe-000e-0231-0002-427600024282
[0m22:00:04.047561 [debug] [Thread-1 (]: Snowflake adapter: Snowflake error: 002003 (42S02): SQL compilation error:
Object 'STG_CUSTOMERS' does not exist or not authorized.
[0m22:00:04.049570 [debug] [Thread-1 (]: Database Error in model dim_customers (models/dim/dim_customers.sql)
  002003 (42S02): SQL compilation error:
  Object 'STG_CUSTOMERS' does not exist or not authorized.
  compiled code at target/run/hmart/models/dim/dim_customers.sql
[0m22:00:04.050583 [debug] [Thread-1 (]: Sending event: {'category': 'dbt', 'action': 'run_model', 'label': '73b83726-03bb-4a90-8bc3-4ddaa569356c', 'context': [<snowplow_tracker.self_describing_json.SelfDescribingJson object at 0x10a8d9350>]}
[0m22:00:04.050908 [error] [Thread-1 (]: 1 of 1 ERROR creating sql table model DEV.dim_customers ........................ [[31mERROR[0m in 0.23s]
[0m22:00:04.051168 [debug] [Thread-1 (]: Finished running node model.hmart.dim_customers
[0m22:00:04.051389 [debug] [Thread-4 (]: Marking all children of 'model.hmart.dim_customers' to be skipped because of status 'error'.  Reason: Database Error in model dim_customers (models/dim/dim_customers.sql)
  002003 (42S02): SQL compilation error:
  Object 'STG_CUSTOMERS' does not exist or not authorized.
  compiled code at target/run/hmart/models/dim/dim_customers.sql.
[0m22:00:04.052141 [debug] [MainThread]: Connection 'master' was properly closed.
[0m22:00:04.052301 [debug] [MainThread]: Connection 'model.hmart.dim_customers' was left open.
[0m22:00:04.052433 [debug] [MainThread]: On model.hmart.dim_customers: Close
[0m22:00:04.579889 [info ] [MainThread]: 
[0m22:00:04.580311 [info ] [MainThread]: Finished running 1 table model in 0 hours 0 minutes and 3.57 seconds (3.57s).
[0m22:00:04.580907 [debug] [MainThread]: Command end result
[0m22:00:04.606247 [debug] [MainThread]: Wrote artifact WritableManifest to /Users/tanvigharbudve/Desktop/projects/hmart_sql/hmart/target/manifest.json
[0m22:00:04.608010 [debug] [MainThread]: Wrote artifact SemanticManifest to /Users/tanvigharbudve/Desktop/projects/hmart_sql/hmart/target/semantic_manifest.json
[0m22:00:04.609460 [debug] [MainThread]: Wrote artifact OsiDocument to /Users/tanvigharbudve/Desktop/projects/hmart_sql/hmart/target/osi_document.json
[0m22:00:04.613525 [debug] [MainThread]: Wrote artifact RunExecutionResult to /Users/tanvigharbudve/Desktop/projects/hmart_sql/hmart/target/run_results.json
[0m22:00:04.613734 [info ] [MainThread]: 
[0m22:00:04.613955 [info ] [MainThread]: [31mCompleted with 1 error, 0 partial successes, and 0 warnings:[0m
[0m22:00:04.614124 [info ] [MainThread]: 
[0m22:00:04.614318 [error] [MainThread]: [[31mERROR[0m]: in model dim_customers (models/dim/dim_customers.sql)
[0m22:00:04.614503 [error] [MainThread]:   Database Error in model dim_customers (models/dim/dim_customers.sql)
  002003 (42S02): SQL compilation error:
  Object 'STG_CUSTOMERS' does not exist or not authorized.
  compiled code at target/run/hmart/models/dim/dim_customers.sql
[0m22:00:04.614648 [info ] [MainThread]: 
[0m22:00:04.614812 [info ] [MainThread]:   compiled code at target/compiled/hmart/models/dim/dim_customers.sql
[0m22:00:04.614958 [info ] [MainThread]: 
[0m22:00:04.615121 [info ] [MainThread]: Done. PASS=0 WARN=0 ERROR=1 SKIP=0 NO-OP=0 REUSED=0 TOTAL=1
[0m22:00:04.617007 [debug] [MainThread]: Resource report: {"command_name": "run", "command_success": false, "command_wall_clock_time": 4.0860133, "process_in_blocks": "0", "process_kernel_time": 0.230072, "process_mem_max_rss": "185466880", "process_out_blocks": "0", "process_user_time": 1.104865}
[0m22:00:04.617328 [debug] [MainThread]: Command `dbt run` failed at 22:00:04.617285 after 4.09 seconds
[0m22:00:04.617590 [debug] [MainThread]: Sending event: {'category': 'dbt', 'action': 'invocation', 'label': 'end', 'context': [<snowplow_tracker.self_describing_json.SelfDescribingJson object at 0x109654c50>, <snowplow_tracker.self_describing_json.SelfDescribingJson object at 0x109655110>, <snowplow_tracker.self_describing_json.SelfDescribingJson object at 0x109676d50>]}
[0m22:00:04.617769 [debug] [MainThread]: Flushing usage events
[0m22:00:07.813700 [debug] [MainThread]: An error was encountered while trying to flush usage events
[0m22:00:26.285979 [debug] [MainThread]: Sending event: {'category': 'dbt', 'action': 'invocation', 'label': 'start', 'context': [<snowplow_tracker.self_describing_json.SelfDescribingJson object at 0x10a53a090>, <snowplow_tracker.self_describing_json.SelfDescribingJson object at 0x10a622250>, <snowplow_tracker.self_describing_json.SelfDescribingJson object at 0x10a642b50>]}


============================== 22:00:26.287980 | 14e7bb1c-be5f-4475-86b1-e05655ef19c4 ==============================
[0m22:00:26.287980 [info ] [MainThread]: Running with dbt=1.12.5
[0m22:00:26.288260 [debug] [MainThread]: running dbt with arguments {'maximum_seed_size_mib': '1', 'debug': 'False', 'cache_selected_only': 'False', 'fail_fast': 'False', 'partial_parse': 'True', 'warn_error_options': 'WarnErrorOptionsV2(error=[], warn=[], silence=[])', 'indirect_selection': 'eager', 'use_experimental_parser': 'False', 'target_path': 'None', 'write_json': 'True', 'use_colors': 'True', 'log_cache_events': 'False', 'quiet': 'False', 'empty': 'False', 'version_check': 'True', 'profiles_dir': '/Users/tanvigharbudve/.dbt', 'printer_width': '80', 'send_anonymous_usage_stats': 'True', 'invocation_command': 'dbt run -s dim_customers.sql', 'log_path': '/Users/tanvigharbudve/Desktop/projects/hmart_sql/hmart/logs', 'warn_error': 'None', 'hints_enabled': 'True', 'log_format': 'default', 'introspect': 'True', 'static_parser': 'True', 'no_print': 'None'}
[0m22:00:26.464045 [debug] [MainThread]: Sending event: {'category': 'dbt', 'action': 'project_id', 'label': '14e7bb1c-be5f-4475-86b1-e05655ef19c4', 'context': [<snowplow_tracker.self_describing_json.SelfDescribingJson object at 0x10a621bd0>]}
[0m22:00:26.488089 [debug] [MainThread]: Sending event: {'category': 'dbt', 'action': 'adapter_info', 'label': '14e7bb1c-be5f-4475-86b1-e05655ef19c4', 'context': [<snowplow_tracker.self_describing_json.SelfDescribingJson object at 0x109333c10>]}
[0m22:00:26.488452 [info ] [MainThread]: Registered adapter: snowflake=1.9.0
[0m22:00:26.542396 [debug] [MainThread]: checksum: 45a02549dde2b41a1199d675c935f59a553ec318be0f791f50a7baabda8f1355, vars: {}, profile: hmart, target: dev, version: 1.12.5
[0m22:00:26.585039 [debug] [MainThread]: Partial parsing enabled: 0 files deleted, 0 files added, 0 files changed.
[0m22:00:26.585246 [debug] [MainThread]: Nothing changed, skipping partial parsing.
[0m22:00:26.585361 [debug] [MainThread]: Partial parsing enabled, no changes found, skipping parsing
[0m22:00:26.587865 [warn ] [MainThread]: [[33mWARNING[0m]: Configuration paths exist in your dbt_project.yml file which do not apply to any resources.
There are 1 unused configuration paths:
- models.hmart.models
[0m22:00:26.589672 [debug] [MainThread]: Sending event: {'category': 'dbt', 'action': 'load_project', 'label': '14e7bb1c-be5f-4475-86b1-e05655ef19c4', 'context': [<snowplow_tracker.self_describing_json.SelfDescribingJson object at 0x10a471b10>]}
[0m22:00:26.629722 [debug] [MainThread]: Wrote artifact WritableManifest to /Users/tanvigharbudve/Desktop/projects/hmart_sql/hmart/target/manifest.json
[0m22:00:26.631070 [debug] [MainThread]: Wrote artifact SemanticManifest to /Users/tanvigharbudve/Desktop/projects/hmart_sql/hmart/target/semantic_manifest.json
[0m22:00:26.641345 [debug] [MainThread]: Wrote artifact OsiDocument to /Users/tanvigharbudve/Desktop/projects/hmart_sql/hmart/target/osi_document.json
[0m22:00:26.646358 [debug] [MainThread]: Sending event: {'category': 'dbt', 'action': 'resource_counts', 'label': '14e7bb1c-be5f-4475-86b1-e05655ef19c4', 'context': [<snowplow_tracker.self_describing_json.SelfDescribingJson object at 0x10b72bb10>]}
[0m22:00:26.646542 [info ] [MainThread]: Found 7 models, 514 macros
[0m22:00:26.646679 [debug] [MainThread]: Sending event: {'category': 'dbt', 'action': 'runnable_timing', 'label': '14e7bb1c-be5f-4475-86b1-e05655ef19c4', 'context': [<snowplow_tracker.self_describing_json.SelfDescribingJson object at 0x10b6e3810>]}
[0m22:00:26.647386 [info ] [MainThread]: 
[0m22:00:26.647525 [info ] [MainThread]: Concurrency: 1 threads (target='dev')
[0m22:00:26.647640 [info ] [MainThread]: 
[0m22:00:26.647858 [debug] [MainThread]: Acquiring new snowflake connection 'master'
[0m22:00:26.648198 [debug] [ThreadPool]: Acquiring new snowflake connection 'list_HMART'
[0m22:00:26.675095 [debug] [ThreadPool]: Using snowflake connection "list_HMART"
[0m22:00:26.675280 [debug] [ThreadPool]: On list_HMART: /* {"app": "dbt", "dbt_version": "1.12.5", "profile_name": "hmart", "target_name": "dev", "connection_name": "list_HMART"} */
show terse schemas in database HMART
    limit 10000
[0m22:00:26.675389 [debug] [ThreadPool]: Opening a new connection, currently in state init
[0m22:00:29.589471 [debug] [ThreadPool]: SQL status: SUCCESS 4 in 2.914 seconds
[0m22:00:29.592523 [debug] [ThreadPool]: Re-using an available connection from the pool (formerly list_HMART, now list_HMART_DEV)
[0m22:00:29.596469 [debug] [ThreadPool]: Using snowflake connection "list_HMART_DEV"
[0m22:00:29.596628 [debug] [ThreadPool]: On list_HMART_DEV: /* {"app": "dbt", "dbt_version": "1.12.5", "profile_name": "hmart", "target_name": "dev", "connection_name": "list_HMART_DEV"} */
show objects in HMART.DEV limit 10000;
[0m22:00:29.780125 [debug] [ThreadPool]: SQL status: SUCCESS 7 in 0.183 seconds
[0m22:00:29.782238 [debug] [MainThread]: Sending event: {'category': 'dbt', 'action': 'runnable_timing', 'label': '14e7bb1c-be5f-4475-86b1-e05655ef19c4', 'context': [<snowplow_tracker.self_describing_json.SelfDescribingJson object at 0x10b7404d0>]}
[0m22:00:29.785060 [debug] [Thread-1 (]: Began running node model.hmart.dim_customers
[0m22:00:29.785453 [info ] [Thread-1 (]: 1 of 1 START sql table model DEV.dim_customers ................................. [RUN]
[0m22:00:29.785756 [debug] [Thread-1 (]: Re-using an available connection from the pool (formerly list_HMART_DEV, now model.hmart.dim_customers)
[0m22:00:29.785951 [debug] [Thread-1 (]: Began compiling node model.hmart.dim_customers
[0m22:00:29.789130 [debug] [Thread-1 (]: Writing injected SQL for node "model.hmart.dim_customers"
[0m22:00:29.789593 [debug] [Thread-1 (]: Began executing node model.hmart.dim_customers
[0m22:00:29.804703 [debug] [Thread-1 (]: Writing runtime sql for node "model.hmart.dim_customers"
[0m22:00:29.805634 [debug] [Thread-1 (]: Using snowflake connection "model.hmart.dim_customers"
[0m22:00:29.805836 [debug] [Thread-1 (]: On model.hmart.dim_customers: /* {"app": "dbt", "dbt_version": "1.12.5", "profile_name": "hmart", "target_name": "dev", "node_id": "model.hmart.dim_customers"} */
create or replace transient table HMART.DEV.dim_customers
         as
        (-- WITH src_customers AS (
--     SELECT * FROM HMART.DEV.src_customers
-- )

-- SELECT 
--     customer_id,
--     customer_name,
--     email,
--     phone,
--     country,
--     city,
--     gender,
--     birth_date,
--     signup_date,
--     loyalty_tier,
--     is_active,
-- FROM src_customers
with base as (
    select *, date_diff('year', birth_date, date '2026-09-21') as age_years
    from HMART.DEV.src_customers
)
select
    email, phone, country, city,
    case country
        when 'India' then 'South Asia'     when 'UAE' then 'Middle East'
        when 'USA' then 'North America'    when 'Canada' then 'North America'
        when 'Brazil' then 'Latin America' when 'Japan' then 'Asia Pacific'
        when 'Australia' then 'Asia Pacific' else 'Europe'
    end as region,
    gender, birth_date, age_years,
    case when age_years is null then 'Unknown'
         when age_years < 25 then '18-24' when age_years < 35 then '25-34'
         when age_years < 45 then '35-44' when age_years < 55 then '45-54'
         when age_years < 65 then '55-64' else '65+' end as age_band,
    signup_date,
    date_diff('day', signup_date, date '2026-09-21') as tenure_days,
    loyalty_tier, is_active
from base
        );
[0m22:00:30.324061 [debug] [Thread-1 (]: Snowflake adapter: Snowflake query id: 01c738fe-000e-0219-0002-4276000222c2
[0m22:00:30.324385 [debug] [Thread-1 (]: Snowflake adapter: Snowflake error: 002139 (02000): SQL compilation error:
Unknown function DATE_DIFF.
[0m22:00:30.326634 [debug] [Thread-1 (]: Database Error in model dim_customers (models/dim/dim_customers.sql)
  002139 (02000): SQL compilation error:
  Unknown function DATE_DIFF.
  compiled code at target/run/hmart/models/dim/dim_customers.sql
[0m22:00:30.327814 [debug] [Thread-1 (]: Sending event: {'category': 'dbt', 'action': 'run_model', 'label': '14e7bb1c-be5f-4475-86b1-e05655ef19c4', 'context': [<snowplow_tracker.self_describing_json.SelfDescribingJson object at 0x10b786ad0>]}
[0m22:00:30.328191 [error] [Thread-1 (]: 1 of 1 ERROR creating sql table model DEV.dim_customers ........................ [[31mERROR[0m in 0.54s]
[0m22:00:30.328481 [debug] [Thread-1 (]: Finished running node model.hmart.dim_customers
[0m22:00:30.328758 [debug] [Thread-4 (]: Marking all children of 'model.hmart.dim_customers' to be skipped because of status 'error'.  Reason: Database Error in model dim_customers (models/dim/dim_customers.sql)
  002139 (02000): SQL compilation error:
  Unknown function DATE_DIFF.
  compiled code at target/run/hmart/models/dim/dim_customers.sql.
[0m22:00:30.329685 [debug] [MainThread]: Connection 'master' was properly closed.
[0m22:00:30.329852 [debug] [MainThread]: Connection 'model.hmart.dim_customers' was left open.
[0m22:00:30.330102 [debug] [MainThread]: On model.hmart.dim_customers: Close
[0m22:00:30.571508 [info ] [MainThread]: 
[0m22:00:30.571929 [info ] [MainThread]: Finished running 1 table model in 0 hours 0 minutes and 3.92 seconds (3.92s).
[0m22:00:30.572353 [debug] [MainThread]: Command end result
[0m22:00:30.590987 [debug] [MainThread]: Wrote artifact WritableManifest to /Users/tanvigharbudve/Desktop/projects/hmart_sql/hmart/target/manifest.json
[0m22:00:30.592772 [debug] [MainThread]: Wrote artifact SemanticManifest to /Users/tanvigharbudve/Desktop/projects/hmart_sql/hmart/target/semantic_manifest.json
[0m22:00:30.593956 [debug] [MainThread]: Wrote artifact OsiDocument to /Users/tanvigharbudve/Desktop/projects/hmart_sql/hmart/target/osi_document.json
[0m22:00:30.597510 [debug] [MainThread]: Wrote artifact RunExecutionResult to /Users/tanvigharbudve/Desktop/projects/hmart_sql/hmart/target/run_results.json
[0m22:00:30.597698 [info ] [MainThread]: 
[0m22:00:30.597886 [info ] [MainThread]: [31mCompleted with 1 error, 0 partial successes, and 0 warnings:[0m
[0m22:00:30.598035 [info ] [MainThread]: 
[0m22:00:30.598203 [error] [MainThread]: [[31mERROR[0m]: in model dim_customers (models/dim/dim_customers.sql)
[0m22:00:30.598356 [error] [MainThread]:   Database Error in model dim_customers (models/dim/dim_customers.sql)
  002139 (02000): SQL compilation error:
  Unknown function DATE_DIFF.
  compiled code at target/run/hmart/models/dim/dim_customers.sql
[0m22:00:30.598477 [info ] [MainThread]: 
[0m22:00:30.598619 [info ] [MainThread]:   compiled code at target/compiled/hmart/models/dim/dim_customers.sql
[0m22:00:30.598741 [info ] [MainThread]: 
[0m22:00:30.598875 [info ] [MainThread]: Done. PASS=0 WARN=0 ERROR=1 SKIP=0 NO-OP=0 REUSED=0 TOTAL=1
[0m22:00:30.600662 [debug] [MainThread]: Resource report: {"command_name": "run", "command_success": false, "command_wall_clock_time": 4.3514543, "process_in_blocks": "0", "process_kernel_time": 0.215275, "process_mem_max_rss": "186368000", "process_out_blocks": "0", "process_user_time": 1.083968}
[0m22:00:30.600939 [debug] [MainThread]: Command `dbt run` failed at 22:00:30.600903 after 4.35 seconds
[0m22:00:30.601165 [debug] [MainThread]: Sending event: {'category': 'dbt', 'action': 'invocation', 'label': 'end', 'context': [<snowplow_tracker.self_describing_json.SelfDescribingJson object at 0x10a532110>, <snowplow_tracker.self_describing_json.SelfDescribingJson object at 0x1120ea1d0>, <snowplow_tracker.self_describing_json.SelfDescribingJson object at 0x10b7fd050>]}
[0m22:00:30.601319 [debug] [MainThread]: Flushing usage events
[0m22:00:32.317640 [debug] [MainThread]: An error was encountered while trying to flush usage events
[0m22:02:08.906196 [debug] [MainThread]: Sending event: {'category': 'dbt', 'action': 'invocation', 'label': 'start', 'context': [<snowplow_tracker.self_describing_json.SelfDescribingJson object at 0x109c1b3d0>, <snowplow_tracker.self_describing_json.SelfDescribingJson object at 0x109b378d0>, <snowplow_tracker.self_describing_json.SelfDescribingJson object at 0x109d22d10>]}


============================== 22:02:08.909632 | b8de1b9c-d762-4748-8f8f-653f325771f0 ==============================
[0m22:02:08.909632 [info ] [MainThread]: Running with dbt=1.12.5
[0m22:02:08.909952 [debug] [MainThread]: running dbt with arguments {'use_experimental_parser': 'False', 'static_parser': 'True', 'quiet': 'False', 'write_json': 'True', 'send_anonymous_usage_stats': 'True', 'maximum_seed_size_mib': '1', 'indirect_selection': 'eager', 'partial_parse': 'True', 'version_check': 'True', 'introspect': 'True', 'profiles_dir': '/Users/tanvigharbudve/.dbt', 'target_path': 'None', 'log_path': '/Users/tanvigharbudve/Desktop/projects/hmart_sql/hmart/logs', 'log_format': 'default', 'use_colors': 'True', 'hints_enabled': 'True', 'printer_width': '80', 'empty': 'False', 'warn_error': 'None', 'invocation_command': 'dbt run -s dim_customers.sql', 'warn_error_options': 'WarnErrorOptionsV2(error=[], warn=[], silence=[])', 'debug': 'False', 'fail_fast': 'False', 'log_cache_events': 'False', 'no_print': 'None', 'cache_selected_only': 'False'}
[0m22:02:09.142603 [debug] [MainThread]: Sending event: {'category': 'dbt', 'action': 'project_id', 'label': 'b8de1b9c-d762-4748-8f8f-653f325771f0', 'context': [<snowplow_tracker.self_describing_json.SelfDescribingJson object at 0x109c1b690>]}
[0m22:02:09.167522 [debug] [MainThread]: Sending event: {'category': 'dbt', 'action': 'adapter_info', 'label': 'b8de1b9c-d762-4748-8f8f-653f325771f0', 'context': [<snowplow_tracker.self_describing_json.SelfDescribingJson object at 0x108a13c90>]}
[0m22:02:09.168770 [info ] [MainThread]: Registered adapter: snowflake=1.9.0
[0m22:02:09.224400 [debug] [MainThread]: checksum: 45a02549dde2b41a1199d675c935f59a553ec318be0f791f50a7baabda8f1355, vars: {}, profile: hmart, target: dev, version: 1.12.5
[0m22:02:09.269926 [debug] [MainThread]: Partial parsing enabled: 0 files deleted, 0 files added, 0 files changed.
[0m22:02:09.270147 [debug] [MainThread]: Nothing changed, skipping partial parsing.
[0m22:02:09.270267 [debug] [MainThread]: Partial parsing enabled, no changes found, skipping parsing
[0m22:02:09.273092 [warn ] [MainThread]: [[33mWARNING[0m]: Configuration paths exist in your dbt_project.yml file which do not apply to any resources.
There are 1 unused configuration paths:
- models.hmart.models
[0m22:02:09.275041 [debug] [MainThread]: Sending event: {'category': 'dbt', 'action': 'load_project', 'label': 'b8de1b9c-d762-4748-8f8f-653f325771f0', 'context': [<snowplow_tracker.self_describing_json.SelfDescribingJson object at 0x108ab6250>]}
[0m22:02:09.316075 [debug] [MainThread]: Wrote artifact WritableManifest to /Users/tanvigharbudve/Desktop/projects/hmart_sql/hmart/target/manifest.json
[0m22:02:09.317766 [debug] [MainThread]: Wrote artifact SemanticManifest to /Users/tanvigharbudve/Desktop/projects/hmart_sql/hmart/target/semantic_manifest.json
[0m22:02:09.328608 [debug] [MainThread]: Wrote artifact OsiDocument to /Users/tanvigharbudve/Desktop/projects/hmart_sql/hmart/target/osi_document.json
[0m22:02:09.333845 [debug] [MainThread]: Sending event: {'category': 'dbt', 'action': 'resource_counts', 'label': 'b8de1b9c-d762-4748-8f8f-653f325771f0', 'context': [<snowplow_tracker.self_describing_json.SelfDescribingJson object at 0x10ae17a90>]}
[0m22:02:09.334074 [info ] [MainThread]: Found 7 models, 514 macros
[0m22:02:09.334219 [debug] [MainThread]: Sending event: {'category': 'dbt', 'action': 'runnable_timing', 'label': 'b8de1b9c-d762-4748-8f8f-653f325771f0', 'context': [<snowplow_tracker.self_describing_json.SelfDescribingJson object at 0x10adc0b10>]}
[0m22:02:09.334913 [info ] [MainThread]: 
[0m22:02:09.335056 [info ] [MainThread]: Concurrency: 1 threads (target='dev')
[0m22:02:09.335169 [info ] [MainThread]: 
[0m22:02:09.335397 [debug] [MainThread]: Acquiring new snowflake connection 'master'
[0m22:02:09.335785 [debug] [ThreadPool]: Acquiring new snowflake connection 'list_HMART'
[0m22:02:09.363964 [debug] [ThreadPool]: Using snowflake connection "list_HMART"
[0m22:02:09.364159 [debug] [ThreadPool]: On list_HMART: /* {"app": "dbt", "dbt_version": "1.12.5", "profile_name": "hmart", "target_name": "dev", "connection_name": "list_HMART"} */
show terse schemas in database HMART
    limit 10000
[0m22:02:09.364276 [debug] [ThreadPool]: Opening a new connection, currently in state init
[0m22:02:10.270899 [debug] [ThreadPool]: SQL status: SUCCESS 4 in 0.907 seconds
[0m22:02:10.273731 [debug] [ThreadPool]: Re-using an available connection from the pool (formerly list_HMART, now list_HMART_DEV)
[0m22:02:10.277591 [debug] [ThreadPool]: Using snowflake connection "list_HMART_DEV"
[0m22:02:10.277826 [debug] [ThreadPool]: On list_HMART_DEV: /* {"app": "dbt", "dbt_version": "1.12.5", "profile_name": "hmart", "target_name": "dev", "connection_name": "list_HMART_DEV"} */
show objects in HMART.DEV limit 10000;
[0m22:02:10.484025 [debug] [ThreadPool]: SQL status: SUCCESS 7 in 0.206 seconds
[0m22:02:10.488224 [debug] [MainThread]: Sending event: {'category': 'dbt', 'action': 'runnable_timing', 'label': 'b8de1b9c-d762-4748-8f8f-653f325771f0', 'context': [<snowplow_tracker.self_describing_json.SelfDescribingJson object at 0x109cd3450>]}
[0m22:02:10.493398 [debug] [Thread-1 (]: Began running node model.hmart.dim_customers
[0m22:02:10.494158 [info ] [Thread-1 (]: 1 of 1 START sql table model DEV.dim_customers ................................. [RUN]
[0m22:02:10.494849 [debug] [Thread-1 (]: Re-using an available connection from the pool (formerly list_HMART_DEV, now model.hmart.dim_customers)
[0m22:02:10.495283 [debug] [Thread-1 (]: Began compiling node model.hmart.dim_customers
[0m22:02:10.501500 [debug] [Thread-1 (]: Writing injected SQL for node "model.hmart.dim_customers"
[0m22:02:10.502382 [debug] [Thread-1 (]: Began executing node model.hmart.dim_customers
[0m22:02:10.522481 [debug] [Thread-1 (]: Writing runtime sql for node "model.hmart.dim_customers"
[0m22:02:10.523401 [debug] [Thread-1 (]: Using snowflake connection "model.hmart.dim_customers"
[0m22:02:10.523648 [debug] [Thread-1 (]: On model.hmart.dim_customers: /* {"app": "dbt", "dbt_version": "1.12.5", "profile_name": "hmart", "target_name": "dev", "node_id": "model.hmart.dim_customers"} */
create or replace transient table HMART.DEV.dim_customers
         as
        (-- WITH src_customers AS (
--     SELECT * FROM HMART.DEV.src_customers
-- )

-- SELECT 
--     customer_id,
--     customer_name,
--     email,
--     phone,
--     country,
--     city,
--     gender,
--     birth_date,
--     signup_date,
--     loyalty_tier,
--     is_active,
-- FROM src_customers

SELECT
    customer_id,
    customer_name,
    email,
    phone,
    country,
    city,
    gender,
    birth_date,
    signup_date,
    loyalty_tier,
    is_active,
    CASE
        WHEN country IN ('India') THEN 'South Asia'
        WHEN country IN ('UAE') THEN 'Middle East'
        WHEN country IN ('USA', 'Canada') THEN 'North America'
        WHEN country = 'Brazil' THEN 'Latin America'
        WHEN country IN ('Japan', 'Australia') THEN 'Asia Pacific'
        ELSE 'Europe'
    END AS region

FROM HMART.DEV.src_customers
        );
[0m22:02:11.850742 [debug] [Thread-1 (]: SQL status: SUCCESS 1 in 1.326 seconds
[0m22:02:11.878059 [debug] [Thread-1 (]: Sending event: {'category': 'dbt', 'action': 'run_model', 'label': 'b8de1b9c-d762-4748-8f8f-653f325771f0', 'context': [<snowplow_tracker.self_describing_json.SelfDescribingJson object at 0x10be04cd0>]}
[0m22:02:11.878678 [info ] [Thread-1 (]: 1 of 1 OK created sql table model DEV.dim_customers ............................ [[32mSUCCESS 1[0m in 1.38s]
[0m22:02:11.879120 [debug] [Thread-1 (]: Finished running node model.hmart.dim_customers
[0m22:02:11.880103 [debug] [MainThread]: Connection 'master' was properly closed.
[0m22:02:11.880369 [debug] [MainThread]: Connection 'model.hmart.dim_customers' was left open.
[0m22:02:11.880601 [debug] [MainThread]: On model.hmart.dim_customers: Close
[0m22:02:12.414232 [info ] [MainThread]: 
[0m22:02:12.415210 [info ] [MainThread]: Finished running 1 table model in 0 hours 0 minutes and 3.08 seconds (3.08s).
[0m22:02:12.416280 [debug] [MainThread]: Command end result
[0m22:02:12.452426 [debug] [MainThread]: Wrote artifact WritableManifest to /Users/tanvigharbudve/Desktop/projects/hmart_sql/hmart/target/manifest.json
[0m22:02:12.454447 [debug] [MainThread]: Wrote artifact SemanticManifest to /Users/tanvigharbudve/Desktop/projects/hmart_sql/hmart/target/semantic_manifest.json
[0m22:02:12.456127 [debug] [MainThread]: Wrote artifact OsiDocument to /Users/tanvigharbudve/Desktop/projects/hmart_sql/hmart/target/osi_document.json
[0m22:02:12.460532 [debug] [MainThread]: Wrote artifact RunExecutionResult to /Users/tanvigharbudve/Desktop/projects/hmart_sql/hmart/target/run_results.json
[0m22:02:12.460721 [info ] [MainThread]: 
[0m22:02:12.460953 [info ] [MainThread]: [32mCompleted successfully[0m
[0m22:02:12.461137 [info ] [MainThread]: 
[0m22:02:12.461329 [info ] [MainThread]: Done. PASS=1 WARN=0 ERROR=0 SKIP=0 NO-OP=0 REUSED=0 TOTAL=1
[0m22:02:12.463479 [debug] [MainThread]: Resource report: {"command_name": "run", "command_success": true, "command_wall_clock_time": 3.6000633, "process_in_blocks": "0", "process_kernel_time": 0.229917, "process_mem_max_rss": "185843712", "process_out_blocks": "0", "process_user_time": 1.141507}
[0m22:02:12.464026 [debug] [MainThread]: Command `dbt run` succeeded at 22:02:12.463975 after 3.60 seconds
[0m22:02:12.464235 [debug] [MainThread]: Sending event: {'category': 'dbt', 'action': 'invocation', 'label': 'end', 'context': [<snowplow_tracker.self_describing_json.SelfDescribingJson object at 0x109bf7190>, <snowplow_tracker.self_describing_json.SelfDescribingJson object at 0x1119fcc90>, <snowplow_tracker.self_describing_json.SelfDescribingJson object at 0x108b8b790>]}
[0m22:02:12.464432 [debug] [MainThread]: Flushing usage events
[0m22:02:13.313276 [debug] [MainThread]: An error was encountered while trying to flush usage events
[0m22:03:08.776177 [debug] [MainThread]: Sending event: {'category': 'dbt', 'action': 'invocation', 'label': 'start', 'context': [<snowplow_tracker.self_describing_json.SelfDescribingJson object at 0x10b00b190>, <snowplow_tracker.self_describing_json.SelfDescribingJson object at 0x10df2e210>, <snowplow_tracker.self_describing_json.SelfDescribingJson object at 0x10df2ee90>]}


============================== 22:03:08.779679 | 41cdd8ff-f82a-488e-ad4e-8a4be99beeb3 ==============================
[0m22:03:08.779679 [info ] [MainThread]: Running with dbt=1.12.5
[0m22:03:08.779943 [debug] [MainThread]: running dbt with arguments {'indirect_selection': 'eager', 'target_path': 'None', 'partial_parse': 'True', 'no_print': 'None', 'quiet': 'False', 'fail_fast': 'False', 'printer_width': '80', 'log_path': '/Users/tanvigharbudve/Desktop/projects/hmart_sql/hmart/logs', 'log_format': 'default', 'warn_error_options': 'WarnErrorOptionsV2(error=[], warn=[], silence=[])', 'hints_enabled': 'True', 'use_colors': 'True', 'static_parser': 'True', 'empty': 'False', 'use_experimental_parser': 'False', 'profiles_dir': '/Users/tanvigharbudve/.dbt', 'maximum_seed_size_mib': '1', 'write_json': 'True', 'warn_error': 'None', 'send_anonymous_usage_stats': 'True', 'introspect': 'True', 'cache_selected_only': 'False', 'log_cache_events': 'False', 'version_check': 'True', 'debug': 'False', 'invocation_command': 'dbt run -s dim_products.sql'}
[0m22:03:09.019958 [debug] [MainThread]: Sending event: {'category': 'dbt', 'action': 'project_id', 'label': '41cdd8ff-f82a-488e-ad4e-8a4be99beeb3', 'context': [<snowplow_tracker.self_describing_json.SelfDescribingJson object at 0x10eec3750>]}
[0m22:03:09.043800 [debug] [MainThread]: Sending event: {'category': 'dbt', 'action': 'adapter_info', 'label': '41cdd8ff-f82a-488e-ad4e-8a4be99beeb3', 'context': [<snowplow_tracker.self_describing_json.SelfDescribingJson object at 0x10ed1a5d0>]}
[0m22:03:09.044425 [info ] [MainThread]: Registered adapter: snowflake=1.9.0
[0m22:03:09.098012 [debug] [MainThread]: checksum: 45a02549dde2b41a1199d675c935f59a553ec318be0f791f50a7baabda8f1355, vars: {}, profile: hmart, target: dev, version: 1.12.5
[0m22:03:09.139978 [debug] [MainThread]: Partial parsing enabled: 0 files deleted, 0 files added, 0 files changed.
[0m22:03:09.140199 [debug] [MainThread]: Nothing changed, skipping partial parsing.
[0m22:03:09.140317 [debug] [MainThread]: Partial parsing enabled, no changes found, skipping parsing
[0m22:03:09.142781 [warn ] [MainThread]: [[33mWARNING[0m]: Configuration paths exist in your dbt_project.yml file which do not apply to any resources.
There are 1 unused configuration paths:
- models.hmart.models
[0m22:03:09.144681 [debug] [MainThread]: Sending event: {'category': 'dbt', 'action': 'load_project', 'label': '41cdd8ff-f82a-488e-ad4e-8a4be99beeb3', 'context': [<snowplow_tracker.self_describing_json.SelfDescribingJson object at 0x10b0273d0>]}
[0m22:03:09.185423 [debug] [MainThread]: Wrote artifact WritableManifest to /Users/tanvigharbudve/Desktop/projects/hmart_sql/hmart/target/manifest.json
[0m22:03:09.186899 [debug] [MainThread]: Wrote artifact SemanticManifest to /Users/tanvigharbudve/Desktop/projects/hmart_sql/hmart/target/semantic_manifest.json
[0m22:03:09.197823 [debug] [MainThread]: Wrote artifact OsiDocument to /Users/tanvigharbudve/Desktop/projects/hmart_sql/hmart/target/osi_document.json
[0m22:03:09.202963 [debug] [MainThread]: Sending event: {'category': 'dbt', 'action': 'resource_counts', 'label': '41cdd8ff-f82a-488e-ad4e-8a4be99beeb3', 'context': [<snowplow_tracker.self_describing_json.SelfDescribingJson object at 0x10f14bf90>]}
[0m22:03:09.203195 [info ] [MainThread]: Found 7 models, 514 macros
[0m22:03:09.203364 [debug] [MainThread]: Sending event: {'category': 'dbt', 'action': 'runnable_timing', 'label': '41cdd8ff-f82a-488e-ad4e-8a4be99beeb3', 'context': [<snowplow_tracker.self_describing_json.SelfDescribingJson object at 0x10f0f4250>]}
[0m22:03:09.204188 [info ] [MainThread]: 
[0m22:03:09.204363 [info ] [MainThread]: Concurrency: 1 threads (target='dev')
[0m22:03:09.204487 [info ] [MainThread]: 
[0m22:03:09.204853 [debug] [MainThread]: Acquiring new snowflake connection 'master'
[0m22:03:09.205227 [debug] [ThreadPool]: Acquiring new snowflake connection 'list_HMART'
[0m22:03:09.252484 [debug] [ThreadPool]: Using snowflake connection "list_HMART"
[0m22:03:09.252689 [debug] [ThreadPool]: On list_HMART: /* {"app": "dbt", "dbt_version": "1.12.5", "profile_name": "hmart", "target_name": "dev", "connection_name": "list_HMART"} */
show terse schemas in database HMART
    limit 10000
[0m22:03:09.252811 [debug] [ThreadPool]: Opening a new connection, currently in state init
[0m22:03:10.185565 [debug] [ThreadPool]: SQL status: SUCCESS 4 in 0.933 seconds
[0m22:03:10.194164 [debug] [ThreadPool]: Re-using an available connection from the pool (formerly list_HMART, now list_HMART_DEV)
[0m22:03:10.205125 [debug] [ThreadPool]: Using snowflake connection "list_HMART_DEV"
[0m22:03:10.205595 [debug] [ThreadPool]: On list_HMART_DEV: /* {"app": "dbt", "dbt_version": "1.12.5", "profile_name": "hmart", "target_name": "dev", "connection_name": "list_HMART_DEV"} */
show objects in HMART.DEV limit 10000;
[0m22:03:11.666733 [debug] [ThreadPool]: SQL status: SUCCESS 7 in 1.461 seconds
[0m22:03:11.671483 [debug] [MainThread]: Sending event: {'category': 'dbt', 'action': 'runnable_timing', 'label': '41cdd8ff-f82a-488e-ad4e-8a4be99beeb3', 'context': [<snowplow_tracker.self_describing_json.SelfDescribingJson object at 0x115c36b90>]}
[0m22:03:11.678275 [debug] [Thread-1 (]: Began running node model.hmart.dim_products
[0m22:03:11.679148 [info ] [Thread-1 (]: 1 of 1 START sql table model DEV.dim_products .................................. [RUN]
[0m22:03:11.679790 [debug] [Thread-1 (]: Re-using an available connection from the pool (formerly list_HMART_DEV, now model.hmart.dim_products)
[0m22:03:11.680177 [debug] [Thread-1 (]: Began compiling node model.hmart.dim_products
[0m22:03:11.686910 [debug] [Thread-1 (]: Writing injected SQL for node "model.hmart.dim_products"
[0m22:03:11.687942 [debug] [Thread-1 (]: Began executing node model.hmart.dim_products
[0m22:03:11.710051 [debug] [Thread-1 (]: Writing runtime sql for node "model.hmart.dim_products"
[0m22:03:11.711111 [debug] [Thread-1 (]: Using snowflake connection "model.hmart.dim_products"
[0m22:03:11.711395 [debug] [Thread-1 (]: On model.hmart.dim_products: /* {"app": "dbt", "dbt_version": "1.12.5", "profile_name": "hmart", "target_name": "dev", "node_id": "model.hmart.dim_products"} */
create or replace transient table HMART.DEV.dim_products
         as
        (SELECT
    product_id,
    sku,
    product_name,
    category,
    subcategory,
    brand,
    unit_cost,
    unit_price,

    ROUND(
        100 * (unit_price - unit_cost) / unit_price,
        2
    ) AS margin_pct,

    CASE
        WHEN unit_price < 25 THEN 'Budget'
        WHEN unit_price < 100 THEN 'Mid'
        WHEN unit_price < 400 THEN 'Premium'
        ELSE 'Luxury'
    END AS price_band,

    weight_kg,
    created_at,
    is_discontinued

FROM HMART.DEV.src_products
        );
[0m22:03:12.912656 [debug] [Thread-1 (]: SQL status: SUCCESS 1 in 1.201 seconds
[0m22:03:12.936338 [debug] [Thread-1 (]: Sending event: {'category': 'dbt', 'action': 'run_model', 'label': '41cdd8ff-f82a-488e-ad4e-8a4be99beeb3', 'context': [<snowplow_tracker.self_describing_json.SelfDescribingJson object at 0x10e60f890>]}
[0m22:03:12.936805 [info ] [Thread-1 (]: 1 of 1 OK created sql table model DEV.dim_products ............................. [[32mSUCCESS 1[0m in 1.26s]
[0m22:03:12.937160 [debug] [Thread-1 (]: Finished running node model.hmart.dim_products
[0m22:03:12.937855 [debug] [MainThread]: Connection 'master' was properly closed.
[0m22:03:12.938052 [debug] [MainThread]: Connection 'model.hmart.dim_products' was left open.
[0m22:03:12.938241 [debug] [MainThread]: On model.hmart.dim_products: Close
[0m22:03:13.174778 [info ] [MainThread]: 
[0m22:03:13.175757 [info ] [MainThread]: Finished running 1 table model in 0 hours 0 minutes and 3.97 seconds (3.97s).
[0m22:03:13.176757 [debug] [MainThread]: Command end result
[0m22:03:13.212751 [debug] [MainThread]: Wrote artifact WritableManifest to /Users/tanvigharbudve/Desktop/projects/hmart_sql/hmart/target/manifest.json
[0m22:03:13.214939 [debug] [MainThread]: Wrote artifact SemanticManifest to /Users/tanvigharbudve/Desktop/projects/hmart_sql/hmart/target/semantic_manifest.json
[0m22:03:13.216686 [debug] [MainThread]: Wrote artifact OsiDocument to /Users/tanvigharbudve/Desktop/projects/hmart_sql/hmart/target/osi_document.json
[0m22:03:13.220988 [debug] [MainThread]: Wrote artifact RunExecutionResult to /Users/tanvigharbudve/Desktop/projects/hmart_sql/hmart/target/run_results.json
[0m22:03:13.221173 [info ] [MainThread]: 
[0m22:03:13.221408 [info ] [MainThread]: [32mCompleted successfully[0m
[0m22:03:13.221584 [info ] [MainThread]: 
[0m22:03:13.221774 [info ] [MainThread]: Done. PASS=1 WARN=0 ERROR=0 SKIP=0 NO-OP=0 REUSED=0 TOTAL=1
[0m22:03:13.223603 [debug] [MainThread]: Resource report: {"command_name": "run", "command_success": true, "command_wall_clock_time": 4.487831, "process_in_blocks": "0", "process_kernel_time": 0.22921, "process_mem_max_rss": "186023936", "process_out_blocks": "0", "process_user_time": 1.185872}
[0m22:03:13.224135 [debug] [MainThread]: Command `dbt run` succeeded at 22:03:13.224086 after 4.49 seconds
[0m22:03:13.224348 [debug] [MainThread]: Sending event: {'category': 'dbt', 'action': 'invocation', 'label': 'end', 'context': [<snowplow_tracker.self_describing_json.SelfDescribingJson object at 0x10df4ff90>, <snowplow_tracker.self_describing_json.SelfDescribingJson object at 0x10df4fe10>, <snowplow_tracker.self_describing_json.SelfDescribingJson object at 0x10de03190>]}
[0m22:03:13.224549 [debug] [MainThread]: Flushing usage events
[0m22:03:14.120696 [debug] [MainThread]: An error was encountered while trying to flush usage events
[0m22:12:56.609638 [debug] [MainThread]: Sending event: {'category': 'dbt', 'action': 'invocation', 'label': 'start', 'context': [<snowplow_tracker.self_describing_json.SelfDescribingJson object at 0x10b8f36d0>, <snowplow_tracker.self_describing_json.SelfDescribingJson object at 0x10b9f9b10>, <snowplow_tracker.self_describing_json.SelfDescribingJson object at 0x10b9fb0d0>]}


============================== 22:12:56.612645 | 0f8fe4b1-ed4f-41d9-909f-4fd247a4d38e ==============================
[0m22:12:56.612645 [info ] [MainThread]: Running with dbt=1.12.5
[0m22:12:56.612954 [debug] [MainThread]: running dbt with arguments {'log_path': '/Users/tanvigharbudve/Desktop/projects/hmart_sql/hmart/logs', 'use_experimental_parser': 'False', 'indirect_selection': 'eager', 'log_format': 'default', 'fail_fast': 'False', 'cache_selected_only': 'False', 'version_check': 'True', 'printer_width': '80', 'maximum_seed_size_mib': '1', 'quiet': 'False', 'use_colors': 'True', 'profiles_dir': '/Users/tanvigharbudve/.dbt', 'no_print': 'None', 'static_parser': 'True', 'empty': 'False', 'target_path': 'None', 'warn_error_options': 'WarnErrorOptionsV2(error=[], warn=[], silence=[])', 'warn_error': 'None', 'debug': 'False', 'hints_enabled': 'True', 'introspect': 'True', 'invocation_command': 'dbt run -s fct_sales.sql', 'send_anonymous_usage_stats': 'True', 'log_cache_events': 'False', 'partial_parse': 'True', 'write_json': 'True'}
[0m22:12:56.861718 [debug] [MainThread]: Sending event: {'category': 'dbt', 'action': 'project_id', 'label': '0f8fe4b1-ed4f-41d9-909f-4fd247a4d38e', 'context': [<snowplow_tracker.self_describing_json.SelfDescribingJson object at 0x10ba10990>]}
[0m22:12:56.885141 [debug] [MainThread]: Sending event: {'category': 'dbt', 'action': 'adapter_info', 'label': '0f8fe4b1-ed4f-41d9-909f-4fd247a4d38e', 'context': [<snowplow_tracker.self_describing_json.SelfDescribingJson object at 0x10a6ebdd0>]}
[0m22:12:56.886299 [info ] [MainThread]: Registered adapter: snowflake=1.9.0
[0m22:12:56.940441 [debug] [MainThread]: checksum: 45a02549dde2b41a1199d675c935f59a553ec318be0f791f50a7baabda8f1355, vars: {}, profile: hmart, target: dev, version: 1.12.5
[0m22:12:56.980780 [debug] [MainThread]: Partial parsing enabled: 0 files deleted, 1 files added, 0 files changed.
[0m22:12:56.981027 [debug] [MainThread]: Partial parsing: added file: hmart://models/fact/fct_sales.sql
[0m22:12:57.064370 [error] [MainThread]: [[31mERROR[0m]: Encountered an error:
Compilation Error
  Model 'model.hmart.fct_sales' (models/fact/fct_sales.sql) depends on a node named 'stg_order_items' which was not found
[0m22:12:57.066051 [debug] [MainThread]: Resource report: {"command_name": "run", "command_success": false, "command_wall_clock_time": 0.49758586, "process_in_blocks": "0", "process_kernel_time": 0.176516, "process_mem_max_rss": "158711808", "process_out_blocks": "0", "process_user_time": 0.947563}
[0m22:12:57.066335 [debug] [MainThread]: Command `dbt run` failed at 22:12:57.066291 after 0.50 seconds
[0m22:12:57.066510 [debug] [MainThread]: Sending event: {'category': 'dbt', 'action': 'invocation', 'label': 'end', 'context': [<snowplow_tracker.self_describing_json.SelfDescribingJson object at 0x10b9daa90>, <snowplow_tracker.self_describing_json.SelfDescribingJson object at 0x10b9d9210>, <snowplow_tracker.self_describing_json.SelfDescribingJson object at 0x10cdb5d10>]}
[0m22:12:57.066667 [debug] [MainThread]: Flushing usage events
[0m22:12:58.170015 [debug] [MainThread]: An error was encountered while trying to flush usage events
[0m22:13:17.991055 [debug] [MainThread]: Sending event: {'category': 'dbt', 'action': 'invocation', 'label': 'start', 'context': [<snowplow_tracker.self_describing_json.SelfDescribingJson object at 0x10df72790>, <snowplow_tracker.self_describing_json.SelfDescribingJson object at 0x10e072210>, <snowplow_tracker.self_describing_json.SelfDescribingJson object at 0x10e0730d0>]}


============================== 22:13:17.993965 | 6a7ab85a-82f2-4349-87e0-273f9df14866 ==============================
[0m22:13:17.993965 [info ] [MainThread]: Running with dbt=1.12.5
[0m22:13:17.994251 [debug] [MainThread]: running dbt with arguments {'use_colors': 'True', 'log_path': '/Users/tanvigharbudve/Desktop/projects/hmart_sql/hmart/logs', 'send_anonymous_usage_stats': 'True', 'warn_error_options': 'WarnErrorOptionsV2(error=[], warn=[], silence=[])', 'target_path': 'None', 'printer_width': '80', 'invocation_command': 'dbt run -s fct_sales.sql', 'profiles_dir': '/Users/tanvigharbudve/.dbt', 'log_cache_events': 'False', 'log_format': 'default', 'write_json': 'True', 'introspect': 'True', 'use_experimental_parser': 'False', 'partial_parse': 'True', 'version_check': 'True', 'empty': 'False', 'fail_fast': 'False', 'maximum_seed_size_mib': '1', 'static_parser': 'True', 'cache_selected_only': 'False', 'debug': 'False', 'quiet': 'False', 'warn_error': 'None', 'no_print': 'None', 'hints_enabled': 'True', 'indirect_selection': 'eager'}
[0m22:13:18.254436 [debug] [MainThread]: Sending event: {'category': 'dbt', 'action': 'project_id', 'label': '6a7ab85a-82f2-4349-87e0-273f9df14866', 'context': [<snowplow_tracker.self_describing_json.SelfDescribingJson object at 0x10eebb250>]}
[0m22:13:18.279014 [debug] [MainThread]: Sending event: {'category': 'dbt', 'action': 'adapter_info', 'label': '6a7ab85a-82f2-4349-87e0-273f9df14866', 'context': [<snowplow_tracker.self_describing_json.SelfDescribingJson object at 0x10ed3a210>]}
[0m22:13:18.280328 [info ] [MainThread]: Registered adapter: snowflake=1.9.0
[0m22:13:18.334720 [debug] [MainThread]: checksum: 45a02549dde2b41a1199d675c935f59a553ec318be0f791f50a7baabda8f1355, vars: {}, profile: hmart, target: dev, version: 1.12.5
[0m22:13:18.377681 [debug] [MainThread]: Partial parsing enabled: 0 files deleted, 1 files added, 0 files changed.
[0m22:13:18.377962 [debug] [MainThread]: Partial parsing: added file: hmart://models/fact/fct_sales.sql
[0m22:13:18.464202 [error] [MainThread]: [[31mERROR[0m]: Encountered an error:
Compilation Error
  Model 'model.hmart.fct_sales' (models/fact/fct_sales.sql) depends on a node named 'dim_customer' which was not found
[0m22:13:18.467373 [debug] [MainThread]: Resource report: {"command_name": "run", "command_success": false, "command_wall_clock_time": 0.514255, "process_in_blocks": "0", "process_kernel_time": 0.182272, "process_mem_max_rss": "158285824", "process_out_blocks": "0", "process_user_time": 0.928756}
[0m22:13:18.467695 [debug] [MainThread]: Command `dbt run` failed at 22:13:18.467647 after 0.51 seconds
[0m22:13:18.467887 [debug] [MainThread]: Sending event: {'category': 'dbt', 'action': 'invocation', 'label': 'end', 'context': [<snowplow_tracker.self_describing_json.SelfDescribingJson object at 0x10e050e10>, <snowplow_tracker.self_describing_json.SelfDescribingJson object at 0x10f129f50>, <snowplow_tracker.self_describing_json.SelfDescribingJson object at 0x10eecb850>]}
[0m22:13:18.468054 [debug] [MainThread]: Flushing usage events
[0m22:13:23.405594 [debug] [MainThread]: An error was encountered while trying to flush usage events
[0m22:13:31.349674 [debug] [MainThread]: Sending event: {'category': 'dbt', 'action': 'invocation', 'label': 'start', 'context': [<snowplow_tracker.self_describing_json.SelfDescribingJson object at 0x10c01ead0>, <snowplow_tracker.self_describing_json.SelfDescribingJson object at 0x10c11e3d0>, <snowplow_tracker.self_describing_json.SelfDescribingJson object at 0x10c11f0d0>]}


============================== 22:13:31.352670 | ec8584b4-f4b5-4350-8279-90706b8fe58f ==============================
[0m22:13:31.352670 [info ] [MainThread]: Running with dbt=1.12.5
[0m22:13:31.352992 [debug] [MainThread]: running dbt with arguments {'invocation_command': 'dbt run -s fct_sales.sql', 'log_path': '/Users/tanvigharbudve/Desktop/projects/hmart_sql/hmart/logs', 'log_cache_events': 'False', 'send_anonymous_usage_stats': 'True', 'maximum_seed_size_mib': '1', 'printer_width': '80', 'hints_enabled': 'True', 'target_path': 'None', 'cache_selected_only': 'False', 'static_parser': 'True', 'fail_fast': 'False', 'write_json': 'True', 'log_format': 'default', 'warn_error_options': 'WarnErrorOptionsV2(error=[], warn=[], silence=[])', 'version_check': 'True', 'quiet': 'False', 'empty': 'False', 'partial_parse': 'True', 'use_experimental_parser': 'False', 'no_print': 'None', 'introspect': 'True', 'debug': 'False', 'warn_error': 'None', 'indirect_selection': 'eager', 'profiles_dir': '/Users/tanvigharbudve/.dbt', 'use_colors': 'True'}
[0m22:13:31.600092 [debug] [MainThread]: Sending event: {'category': 'dbt', 'action': 'project_id', 'label': 'ec8584b4-f4b5-4350-8279-90706b8fe58f', 'context': [<snowplow_tracker.self_describing_json.SelfDescribingJson object at 0x10cf67250>]}
[0m22:13:31.625853 [debug] [MainThread]: Sending event: {'category': 'dbt', 'action': 'adapter_info', 'label': 'ec8584b4-f4b5-4350-8279-90706b8fe58f', 'context': [<snowplow_tracker.self_describing_json.SelfDescribingJson object at 0x10cde2410>]}
[0m22:13:31.626573 [info ] [MainThread]: Registered adapter: snowflake=1.9.0
[0m22:13:31.694780 [debug] [MainThread]: checksum: 45a02549dde2b41a1199d675c935f59a553ec318be0f791f50a7baabda8f1355, vars: {}, profile: hmart, target: dev, version: 1.12.5
[0m22:13:31.767577 [debug] [MainThread]: Partial parsing enabled: 0 files deleted, 1 files added, 0 files changed.
[0m22:13:31.767882 [debug] [MainThread]: Partial parsing: added file: hmart://models/fact/fct_sales.sql
[0m22:13:31.896256 [warn ] [MainThread]: [[33mWARNING[0m]: Configuration paths exist in your dbt_project.yml file which do not apply to any resources.
There are 1 unused configuration paths:
- models.hmart.models
[0m22:13:31.897928 [debug] [MainThread]: Sending event: {'category': 'dbt', 'action': 'load_project', 'label': 'ec8584b4-f4b5-4350-8279-90706b8fe58f', 'context': [<snowplow_tracker.self_describing_json.SelfDescribingJson object at 0x10d2b3cd0>]}
[0m22:13:31.929954 [debug] [MainThread]: Wrote artifact WritableManifest to /Users/tanvigharbudve/Desktop/projects/hmart_sql/hmart/target/manifest.json
[0m22:13:31.931598 [debug] [MainThread]: Wrote artifact SemanticManifest to /Users/tanvigharbudve/Desktop/projects/hmart_sql/hmart/target/semantic_manifest.json
[0m22:13:31.942743 [debug] [MainThread]: Wrote artifact OsiDocument to /Users/tanvigharbudve/Desktop/projects/hmart_sql/hmart/target/osi_document.json
[0m22:13:31.981781 [debug] [MainThread]: Sending event: {'category': 'dbt', 'action': 'resource_counts', 'label': 'ec8584b4-f4b5-4350-8279-90706b8fe58f', 'context': [<snowplow_tracker.self_describing_json.SelfDescribingJson object at 0x10d204750>]}
[0m22:13:31.982047 [info ] [MainThread]: Found 8 models, 514 macros
[0m22:13:31.982208 [debug] [MainThread]: Sending event: {'category': 'dbt', 'action': 'runnable_timing', 'label': 'ec8584b4-f4b5-4350-8279-90706b8fe58f', 'context': [<snowplow_tracker.self_describing_json.SelfDescribingJson object at 0x109a9b710>]}
[0m22:13:31.982964 [info ] [MainThread]: 
[0m22:13:31.983126 [info ] [MainThread]: Concurrency: 1 threads (target='dev')
[0m22:13:31.983253 [info ] [MainThread]: 
[0m22:13:31.983474 [debug] [MainThread]: Acquiring new snowflake connection 'master'
[0m22:13:31.983892 [debug] [ThreadPool]: Acquiring new snowflake connection 'list_HMART'
[0m22:13:32.020803 [debug] [ThreadPool]: Using snowflake connection "list_HMART"
[0m22:13:32.021077 [debug] [ThreadPool]: On list_HMART: /* {"app": "dbt", "dbt_version": "1.12.5", "profile_name": "hmart", "target_name": "dev", "connection_name": "list_HMART"} */
show terse schemas in database HMART
    limit 10000
[0m22:13:32.021222 [debug] [ThreadPool]: Opening a new connection, currently in state init
[0m22:13:34.016423 [debug] [ThreadPool]: SQL status: SUCCESS 4 in 1.993 seconds
[0m22:13:34.025688 [debug] [ThreadPool]: Re-using an available connection from the pool (formerly list_HMART, now list_HMART_DEV)
[0m22:13:34.037055 [debug] [ThreadPool]: Using snowflake connection "list_HMART_DEV"
[0m22:13:34.037550 [debug] [ThreadPool]: On list_HMART_DEV: /* {"app": "dbt", "dbt_version": "1.12.5", "profile_name": "hmart", "target_name": "dev", "connection_name": "list_HMART_DEV"} */
show objects in HMART.DEV limit 10000;
[0m22:13:34.228675 [debug] [ThreadPool]: SQL status: SUCCESS 7 in 0.190 seconds
[0m22:13:34.234405 [debug] [MainThread]: Sending event: {'category': 'dbt', 'action': 'runnable_timing', 'label': 'ec8584b4-f4b5-4350-8279-90706b8fe58f', 'context': [<snowplow_tracker.self_describing_json.SelfDescribingJson object at 0x10929ed90>]}
[0m22:13:34.239058 [debug] [Thread-1 (]: Began running node model.hmart.fct_sales
[0m22:13:34.240081 [info ] [Thread-1 (]: 1 of 1 START sql view model DEV.fct_sales ...................................... [RUN]
[0m22:13:34.241194 [debug] [Thread-1 (]: Re-using an available connection from the pool (formerly list_HMART_DEV, now model.hmart.fct_sales)
[0m22:13:34.241702 [debug] [Thread-1 (]: Began compiling node model.hmart.fct_sales
[0m22:13:34.248720 [debug] [Thread-1 (]: Writing injected SQL for node "model.hmart.fct_sales"
[0m22:13:34.249885 [debug] [Thread-1 (]: Began executing node model.hmart.fct_sales
[0m22:13:34.269602 [debug] [Thread-1 (]: Writing runtime sql for node "model.hmart.fct_sales"
[0m22:13:34.271133 [debug] [Thread-1 (]: Using snowflake connection "model.hmart.fct_sales"
[0m22:13:34.271383 [debug] [Thread-1 (]: On model.hmart.fct_sales: /* {"app": "dbt", "dbt_version": "1.12.5", "profile_name": "hmart", "target_name": "dev", "node_id": "model.hmart.fct_sales"} */
create or replace   view HMART.DEV.fct_sales
  
   as (
    WITH sales AS (

    SELECT
        oi.order_item_id,
        oi.order_id,
        TO_NUMBER(TO_CHAR(o.order_ts, 'YYYYMMDD')) AS date_key,
        o.order_ts,

        c.customer_id,
        p.product_id,

        o.channel,
        o.status,
        o.coupon_code,
        pay.method AS payment_method,

        oi.quantity,
        oi.unit_price,
        oi.discount_pct,

        oi.quantity * oi.unit_price AS gross_amount,
        oi.line_total AS net_amount,
        oi.quantity * p.unit_cost AS cost_amount

    FROM HMART.DEV.src_order_items oi

    JOIN HMART.DEV.src_orders o
        ON o.order_id = oi.order_id

    JOIN HMART.DEV.src_payments pay
        ON pay.order_id = oi.order_id

    JOIN HMART.DEV.dim_customers c
        ON c.customer_id = o.customer_id

    JOIN HMART.DEV.dim_products p
        ON p.product_id = oi.product_id
)

SELECT
    order_item_id,
    order_id,
    date_key,
    order_ts,
    customer_id,
    product_id,
    channel,
    status,
    coupon_code,
    payment_method,
    quantity,
    unit_price,
    discount_pct,

    ROUND(gross_amount, 2) AS gross_amount,
    ROUND(gross_amount - net_amount, 2) AS discount_amount,
    ROUND(net_amount, 2) AS net_amount,
    ROUND(cost_amount, 2) AS cost_amount,
    ROUND(net_amount - cost_amount, 2) AS gross_margin,

    status IN ('delivered', 'shipped', 'processing') AS is_revenue

FROM sales
  );
[0m22:13:34.680234 [debug] [Thread-1 (]: SQL status: SUCCESS 1 in 0.408 seconds
[0m22:13:34.710219 [debug] [Thread-1 (]: Sending event: {'category': 'dbt', 'action': 'run_model', 'label': 'ec8584b4-f4b5-4350-8279-90706b8fe58f', 'context': [<snowplow_tracker.self_describing_json.SelfDescribingJson object at 0x113df7810>]}
[0m22:13:34.710911 [info ] [Thread-1 (]: 1 of 1 OK created sql view model DEV.fct_sales ................................. [[32mSUCCESS 1[0m in 0.47s]
[0m22:13:34.711393 [debug] [Thread-1 (]: Finished running node model.hmart.fct_sales
[0m22:13:34.712378 [debug] [MainThread]: Connection 'master' was properly closed.
[0m22:13:34.712624 [debug] [MainThread]: Connection 'model.hmart.fct_sales' was left open.
[0m22:13:34.712856 [debug] [MainThread]: On model.hmart.fct_sales: Close
[0m22:13:34.925512 [info ] [MainThread]: 
[0m22:13:34.926230 [info ] [MainThread]: Finished running 1 view model in 0 hours 0 minutes and 2.94 seconds (2.94s).
[0m22:13:34.926989 [debug] [MainThread]: Command end result
[0m22:13:34.955419 [debug] [MainThread]: Wrote artifact WritableManifest to /Users/tanvigharbudve/Desktop/projects/hmart_sql/hmart/target/manifest.json
[0m22:13:34.957275 [debug] [MainThread]: Wrote artifact SemanticManifest to /Users/tanvigharbudve/Desktop/projects/hmart_sql/hmart/target/semantic_manifest.json
[0m22:13:34.959161 [debug] [MainThread]: Wrote artifact OsiDocument to /Users/tanvigharbudve/Desktop/projects/hmart_sql/hmart/target/osi_document.json
[0m22:13:34.963146 [debug] [MainThread]: Wrote artifact RunExecutionResult to /Users/tanvigharbudve/Desktop/projects/hmart_sql/hmart/target/run_results.json
[0m22:13:34.963319 [info ] [MainThread]: 
[0m22:13:34.963524 [info ] [MainThread]: [32mCompleted successfully[0m
[0m22:13:34.963677 [info ] [MainThread]: 
[0m22:13:34.963844 [info ] [MainThread]: Done. PASS=1 WARN=0 ERROR=0 SKIP=0 NO-OP=0 REUSED=0 TOTAL=1
[0m22:13:34.965671 [debug] [MainThread]: Resource report: {"command_name": "run", "command_success": true, "command_wall_clock_time": 3.6541874, "process_in_blocks": "0", "process_kernel_time": 0.24339, "process_mem_max_rss": "191479808", "process_out_blocks": "0", "process_user_time": 1.281367}
[0m22:13:34.965965 [debug] [MainThread]: Command `dbt run` succeeded at 22:13:34.965923 after 3.65 seconds
[0m22:13:34.966154 [debug] [MainThread]: Sending event: {'category': 'dbt', 'action': 'invocation', 'label': 'end', 'context': [<snowplow_tracker.self_describing_json.SelfDescribingJson object at 0x10bff2f10>, <snowplow_tracker.self_describing_json.SelfDescribingJson object at 0x10d397210>, <snowplow_tracker.self_describing_json.SelfDescribingJson object at 0x10c00f3d0>]}
[0m22:13:34.966335 [debug] [MainThread]: Flushing usage events
[0m22:13:35.805489 [debug] [MainThread]: An error was encountered while trying to flush usage events
[0m22:14:20.378116 [debug] [MainThread]: Sending event: {'category': 'dbt', 'action': 'invocation', 'label': 'start', 'context': [<snowplow_tracker.self_describing_json.SelfDescribingJson object at 0x10a25b7d0>, <snowplow_tracker.self_describing_json.SelfDescribingJson object at 0x10a362450>, <snowplow_tracker.self_describing_json.SelfDescribingJson object at 0x10a363390>]}


============================== 22:14:20.381010 | 5887d6c5-f0c5-410d-9c3a-16119f94fe08 ==============================
[0m22:14:20.381010 [info ] [MainThread]: Running with dbt=1.12.5
[0m22:14:20.381282 [debug] [MainThread]: running dbt with arguments {'debug': 'False', 'cache_selected_only': 'False', 'invocation_command': 'dbt run -s fct_orders.sql', 'printer_width': '80', 'warn_error': 'None', 'indirect_selection': 'eager', 'static_parser': 'True', 'empty': 'False', 'hints_enabled': 'True', 'version_check': 'True', 'send_anonymous_usage_stats': 'True', 'no_print': 'None', 'maximum_seed_size_mib': '1', 'quiet': 'False', 'warn_error_options': 'WarnErrorOptionsV2(error=[], warn=[], silence=[])', 'log_format': 'default', 'introspect': 'True', 'partial_parse': 'True', 'fail_fast': 'False', 'log_path': '/Users/tanvigharbudve/Desktop/projects/hmart_sql/hmart/logs', 'use_experimental_parser': 'False', 'target_path': 'None', 'log_cache_events': 'False', 'use_colors': 'True', 'profiles_dir': '/Users/tanvigharbudve/.dbt', 'write_json': 'True'}
[0m22:14:20.612201 [debug] [MainThread]: Sending event: {'category': 'dbt', 'action': 'project_id', 'label': '5887d6c5-f0c5-410d-9c3a-16119f94fe08', 'context': [<snowplow_tracker.self_describing_json.SelfDescribingJson object at 0x10a2dc590>]}
[0m22:14:20.636759 [debug] [MainThread]: Sending event: {'category': 'dbt', 'action': 'adapter_info', 'label': '5887d6c5-f0c5-410d-9c3a-16119f94fe08', 'context': [<snowplow_tracker.self_describing_json.SelfDescribingJson object at 0x10904fdd0>]}
[0m22:14:20.638012 [info ] [MainThread]: Registered adapter: snowflake=1.9.0
[0m22:14:20.691398 [debug] [MainThread]: checksum: 45a02549dde2b41a1199d675c935f59a553ec318be0f791f50a7baabda8f1355, vars: {}, profile: hmart, target: dev, version: 1.12.5
[0m22:14:20.732215 [debug] [MainThread]: Partial parsing enabled: 0 files deleted, 0 files added, 1 files changed.
[0m22:14:20.732485 [debug] [MainThread]: Partial parsing: updated file: hmart://models/fact/fct_orders.sql
[0m22:14:20.816401 [error] [MainThread]: [[31mERROR[0m]: Encountered an error:
Compilation Error
  Model 'model.hmart.fct_orders' (models/fact/fct_orders.sql) depends on a node named 'fact_sales' which was not found
[0m22:14:20.817993 [debug] [MainThread]: Resource report: {"command_name": "run", "command_success": false, "command_wall_clock_time": 0.47843224, "process_in_blocks": "0", "process_kernel_time": 0.165239, "process_mem_max_rss": "158433280", "process_out_blocks": "0", "process_user_time": 0.920287}
[0m22:14:20.818265 [debug] [MainThread]: Command `dbt run` failed at 22:14:20.818227 after 0.48 seconds
[0m22:14:20.818429 [debug] [MainThread]: Sending event: {'category': 'dbt', 'action': 'invocation', 'label': 'end', 'context': [<snowplow_tracker.self_describing_json.SelfDescribingJson object at 0x10a252110>, <snowplow_tracker.self_describing_json.SelfDescribingJson object at 0x10a341390>, <snowplow_tracker.self_describing_json.SelfDescribingJson object at 0x10b86bdd0>]}
[0m22:14:20.818581 [debug] [MainThread]: Flushing usage events
[0m22:14:23.742136 [debug] [MainThread]: An error was encountered while trying to flush usage events
[0m22:14:29.529603 [debug] [MainThread]: Sending event: {'category': 'dbt', 'action': 'invocation', 'label': 'start', 'context': [<snowplow_tracker.self_describing_json.SelfDescribingJson object at 0x10b85b790>, <snowplow_tracker.self_describing_json.SelfDescribingJson object at 0x10b961d90>, <snowplow_tracker.self_describing_json.SelfDescribingJson object at 0x10b962f50>]}


============================== 22:14:29.532027 | 5f5e4afe-e465-4f8d-9494-709bc586396c ==============================
[0m22:14:29.532027 [info ] [MainThread]: Running with dbt=1.12.5
[0m22:14:29.532299 [debug] [MainThread]: running dbt with arguments {'indirect_selection': 'eager', 'invocation_command': 'dbt run -s fct_orders.sql', 'printer_width': '80', 'partial_parse': 'True', 'debug': 'False', 'empty': 'False', 'maximum_seed_size_mib': '1', 'write_json': 'True', 'version_check': 'True', 'target_path': 'None', 'use_experimental_parser': 'False', 'warn_error_options': 'WarnErrorOptionsV2(error=[], warn=[], silence=[])', 'cache_selected_only': 'False', 'fail_fast': 'False', 'quiet': 'False', 'use_colors': 'True', 'no_print': 'None', 'send_anonymous_usage_stats': 'True', 'hints_enabled': 'True', 'profiles_dir': '/Users/tanvigharbudve/.dbt', 'log_format': 'default', 'warn_error': 'None', 'log_path': '/Users/tanvigharbudve/Desktop/projects/hmart_sql/hmart/logs', 'introspect': 'True', 'static_parser': 'True', 'log_cache_events': 'False'}
[0m22:14:29.714175 [debug] [MainThread]: Sending event: {'category': 'dbt', 'action': 'project_id', 'label': '5f5e4afe-e465-4f8d-9494-709bc586396c', 'context': [<snowplow_tracker.self_describing_json.SelfDescribingJson object at 0x10c8ad010>]}
[0m22:14:29.740021 [debug] [MainThread]: Sending event: {'category': 'dbt', 'action': 'adapter_info', 'label': '5f5e4afe-e465-4f8d-9494-709bc586396c', 'context': [<snowplow_tracker.self_describing_json.SelfDescribingJson object at 0x10a64bdd0>]}
[0m22:14:29.740557 [info ] [MainThread]: Registered adapter: snowflake=1.9.0
[0m22:14:29.802104 [debug] [MainThread]: checksum: 45a02549dde2b41a1199d675c935f59a553ec318be0f791f50a7baabda8f1355, vars: {}, profile: hmart, target: dev, version: 1.12.5
[0m22:14:29.850069 [debug] [MainThread]: Partial parsing enabled: 0 files deleted, 0 files added, 1 files changed.
[0m22:14:29.850511 [debug] [MainThread]: Partial parsing: updated file: hmart://models/fact/fct_orders.sql
[0m22:14:29.987424 [warn ] [MainThread]: [[33mWARNING[0m]: Configuration paths exist in your dbt_project.yml file which do not apply to any resources.
There are 1 unused configuration paths:
- models.hmart.models
[0m22:14:29.989478 [debug] [MainThread]: Sending event: {'category': 'dbt', 'action': 'load_project', 'label': '5f5e4afe-e465-4f8d-9494-709bc586396c', 'context': [<snowplow_tracker.self_describing_json.SelfDescribingJson object at 0x10ccb8bd0>]}
[0m22:14:30.031820 [debug] [MainThread]: Wrote artifact WritableManifest to /Users/tanvigharbudve/Desktop/projects/hmart_sql/hmart/target/manifest.json
[0m22:14:30.035015 [debug] [MainThread]: Wrote artifact SemanticManifest to /Users/tanvigharbudve/Desktop/projects/hmart_sql/hmart/target/semantic_manifest.json
[0m22:14:30.045920 [debug] [MainThread]: Wrote artifact OsiDocument to /Users/tanvigharbudve/Desktop/projects/hmart_sql/hmart/target/osi_document.json
[0m22:14:30.078839 [debug] [MainThread]: Sending event: {'category': 'dbt', 'action': 'resource_counts', 'label': '5f5e4afe-e465-4f8d-9494-709bc586396c', 'context': [<snowplow_tracker.self_describing_json.SelfDescribingJson object at 0x10cd85bd0>]}
[0m22:14:30.079083 [info ] [MainThread]: Found 9 models, 514 macros
[0m22:14:30.079230 [debug] [MainThread]: Sending event: {'category': 'dbt', 'action': 'runnable_timing', 'label': '5f5e4afe-e465-4f8d-9494-709bc586396c', 'context': [<snowplow_tracker.self_describing_json.SelfDescribingJson object at 0x108a82d90>]}
[0m22:14:30.079917 [info ] [MainThread]: 
[0m22:14:30.080064 [info ] [MainThread]: Concurrency: 1 threads (target='dev')
[0m22:14:30.080200 [info ] [MainThread]: 
[0m22:14:30.080412 [debug] [MainThread]: Acquiring new snowflake connection 'master'
[0m22:14:30.080804 [debug] [ThreadPool]: Acquiring new snowflake connection 'list_HMART'
[0m22:14:30.108995 [debug] [ThreadPool]: Using snowflake connection "list_HMART"
[0m22:14:30.109197 [debug] [ThreadPool]: On list_HMART: /* {"app": "dbt", "dbt_version": "1.12.5", "profile_name": "hmart", "target_name": "dev", "connection_name": "list_HMART"} */
show terse schemas in database HMART
    limit 10000
[0m22:14:30.109309 [debug] [ThreadPool]: Opening a new connection, currently in state init
[0m22:14:31.035620 [debug] [ThreadPool]: SQL status: SUCCESS 4 in 0.926 seconds
[0m22:14:31.045359 [debug] [ThreadPool]: Re-using an available connection from the pool (formerly list_HMART, now list_HMART_DEV)
[0m22:14:31.057069 [debug] [ThreadPool]: Using snowflake connection "list_HMART_DEV"
[0m22:14:31.057602 [debug] [ThreadPool]: On list_HMART_DEV: /* {"app": "dbt", "dbt_version": "1.12.5", "profile_name": "hmart", "target_name": "dev", "connection_name": "list_HMART_DEV"} */
show objects in HMART.DEV limit 10000;
[0m22:14:31.251786 [debug] [ThreadPool]: SQL status: SUCCESS 8 in 0.194 seconds
[0m22:14:31.257392 [debug] [MainThread]: Sending event: {'category': 'dbt', 'action': 'runnable_timing', 'label': '5f5e4afe-e465-4f8d-9494-709bc586396c', 'context': [<snowplow_tracker.self_describing_json.SelfDescribingJson object at 0x10cb21990>]}
[0m22:14:31.261448 [debug] [Thread-1 (]: Began running node model.hmart.fct_orders
[0m22:14:31.262195 [info ] [Thread-1 (]: 1 of 1 START sql view model DEV.fct_orders ..................................... [RUN]
[0m22:14:31.263103 [debug] [Thread-1 (]: Re-using an available connection from the pool (formerly list_HMART_DEV, now model.hmart.fct_orders)
[0m22:14:31.263501 [debug] [Thread-1 (]: Began compiling node model.hmart.fct_orders
[0m22:14:31.270171 [debug] [Thread-1 (]: Writing injected SQL for node "model.hmart.fct_orders"
[0m22:14:31.271160 [debug] [Thread-1 (]: Began executing node model.hmart.fct_orders
[0m22:14:31.292590 [debug] [Thread-1 (]: Writing runtime sql for node "model.hmart.fct_orders"
[0m22:14:31.293637 [debug] [Thread-1 (]: Using snowflake connection "model.hmart.fct_orders"
[0m22:14:31.293894 [debug] [Thread-1 (]: On model.hmart.fct_orders: /* {"app": "dbt", "dbt_version": "1.12.5", "profile_name": "hmart", "target_name": "dev", "node_id": "model.hmart.fct_orders"} */
create or replace   view HMART.DEV.fct_orders
  
   as (
    SELECT
    order_id,

    MIN(date_key) AS date_key,
    MIN(order_ts) AS order_ts,
    MIN(customer_id) AS customer_id,
    MIN(channel) AS channel,
    MIN(status) AS status,
    MIN(payment_method) AS payment_method,
    MIN(coupon_code) AS coupon_code,

    COUNT(*) AS line_count,
    SUM(quantity) AS units,
    SUM(gross_amount) AS gross_amount,
    SUM(discount_amount) AS discount_amount,
    SUM(net_amount) AS net_amount,
    SUM(cost_amount) AS cost_amount,
    SUM(gross_margin) AS gross_margin,

    MAX(is_revenue) AS is_revenue

FROM HMART.DEV.fct_sales

GROUP BY order_id
  );
[0m22:14:31.602931 [debug] [Thread-1 (]: SQL status: SUCCESS 1 in 0.308 seconds
[0m22:14:31.625604 [debug] [Thread-1 (]: Sending event: {'category': 'dbt', 'action': 'run_model', 'label': '5f5e4afe-e465-4f8d-9494-709bc586396c', 'context': [<snowplow_tracker.self_describing_json.SelfDescribingJson object at 0x10defb550>]}
[0m22:14:31.626141 [info ] [Thread-1 (]: 1 of 1 OK created sql view model DEV.fct_orders ................................ [[32mSUCCESS 1[0m in 0.36s]
[0m22:14:31.626527 [debug] [Thread-1 (]: Finished running node model.hmart.fct_orders
[0m22:14:31.627307 [debug] [MainThread]: Connection 'master' was properly closed.
[0m22:14:31.627504 [debug] [MainThread]: Connection 'model.hmart.fct_orders' was left open.
[0m22:14:31.627689 [debug] [MainThread]: On model.hmart.fct_orders: Close
[0m22:14:31.870337 [info ] [MainThread]: 
[0m22:14:31.870636 [info ] [MainThread]: Finished running 1 view model in 0 hours 0 minutes and 1.79 seconds (1.79s).
[0m22:14:31.871015 [debug] [MainThread]: Command end result
[0m22:14:31.891086 [debug] [MainThread]: Wrote artifact WritableManifest to /Users/tanvigharbudve/Desktop/projects/hmart_sql/hmart/target/manifest.json
[0m22:14:31.892853 [debug] [MainThread]: Wrote artifact SemanticManifest to /Users/tanvigharbudve/Desktop/projects/hmart_sql/hmart/target/semantic_manifest.json
[0m22:14:31.894097 [debug] [MainThread]: Wrote artifact OsiDocument to /Users/tanvigharbudve/Desktop/projects/hmart_sql/hmart/target/osi_document.json
[0m22:14:31.897281 [debug] [MainThread]: Wrote artifact RunExecutionResult to /Users/tanvigharbudve/Desktop/projects/hmart_sql/hmart/target/run_results.json
[0m22:14:31.897430 [info ] [MainThread]: 
[0m22:14:31.897614 [info ] [MainThread]: [32mCompleted successfully[0m
[0m22:14:31.897745 [info ] [MainThread]: 
[0m22:14:31.897886 [info ] [MainThread]: Done. PASS=1 WARN=0 ERROR=0 SKIP=0 NO-OP=0 REUSED=0 TOTAL=1
[0m22:14:31.899531 [debug] [MainThread]: Resource report: {"command_name": "run", "command_success": true, "command_wall_clock_time": 2.4059134, "process_in_blocks": "0", "process_kernel_time": 0.219896, "process_mem_max_rss": "191430656", "process_out_blocks": "0", "process_user_time": 1.235678}
[0m22:14:31.899901 [debug] [MainThread]: Command `dbt run` succeeded at 22:14:31.899808 after 2.41 seconds
[0m22:14:31.900085 [debug] [MainThread]: Sending event: {'category': 'dbt', 'action': 'invocation', 'label': 'end', 'context': [<snowplow_tracker.self_describing_json.SelfDescribingJson object at 0x10b97fb90>, <snowplow_tracker.self_describing_json.SelfDescribingJson object at 0x10b777a90>, <snowplow_tracker.self_describing_json.SelfDescribingJson object at 0x10b836e90>]}
[0m22:14:31.900246 [debug] [MainThread]: Flushing usage events
[0m22:14:35.112038 [debug] [MainThread]: An error was encountered while trying to flush usage events
[0m22:15:19.677260 [debug] [MainThread]: Sending event: {'category': 'dbt', 'action': 'invocation', 'label': 'start', 'context': [<snowplow_tracker.self_describing_json.SelfDescribingJson object at 0x10d9a7a50>, <snowplow_tracker.self_describing_json.SelfDescribingJson object at 0x10daaddd0>, <snowplow_tracker.self_describing_json.SelfDescribingJson object at 0x10daae6d0>]}


============================== 22:15:19.679755 | a9c61276-56a4-4573-ae55-be4bbd630ba8 ==============================
[0m22:15:19.679755 [info ] [MainThread]: Running with dbt=1.12.5
[0m22:15:19.680032 [debug] [MainThread]: running dbt with arguments {'warn_error_options': 'WarnErrorOptionsV2(error=[], warn=[], silence=[])', 'maximum_seed_size_mib': '1', 'quiet': 'False', 'use_experimental_parser': 'False', 'no_print': 'None', 'fail_fast': 'False', 'printer_width': '80', 'warn_error': 'None', 'target_path': 'None', 'use_colors': 'True', 'introspect': 'True', 'cache_selected_only': 'False', 'log_path': '/Users/tanvigharbudve/Desktop/projects/hmart_sql/hmart/logs', 'version_check': 'True', 'static_parser': 'True', 'write_json': 'True', 'log_cache_events': 'False', 'log_format': 'default', 'hints_enabled': 'True', 'debug': 'False', 'partial_parse': 'True', 'invocation_command': 'dbt run', 'indirect_selection': 'eager', 'profiles_dir': '/Users/tanvigharbudve/.dbt', 'send_anonymous_usage_stats': 'True', 'empty': 'False'}
[0m22:15:19.857889 [debug] [MainThread]: Sending event: {'category': 'dbt', 'action': 'project_id', 'label': 'a9c61276-56a4-4573-ae55-be4bbd630ba8', 'context': [<snowplow_tracker.self_describing_json.SelfDescribingJson object at 0x10c6ada50>]}
[0m22:15:19.882534 [debug] [MainThread]: Sending event: {'category': 'dbt', 'action': 'adapter_info', 'label': 'a9c61276-56a4-4573-ae55-be4bbd630ba8', 'context': [<snowplow_tracker.self_describing_json.SelfDescribingJson object at 0x10c79bc90>]}
[0m22:15:19.883010 [info ] [MainThread]: Registered adapter: snowflake=1.9.0
[0m22:15:19.934771 [debug] [MainThread]: checksum: 45a02549dde2b41a1199d675c935f59a553ec318be0f791f50a7baabda8f1355, vars: {}, profile: hmart, target: dev, version: 1.12.5
[0m22:15:19.978553 [debug] [MainThread]: Partial parsing enabled: 0 files deleted, 0 files added, 0 files changed.
[0m22:15:19.978772 [debug] [MainThread]: Nothing changed, skipping partial parsing.
[0m22:15:19.978890 [debug] [MainThread]: Partial parsing enabled, no changes found, skipping parsing
[0m22:15:19.981539 [warn ] [MainThread]: [[33mWARNING[0m]: Configuration paths exist in your dbt_project.yml file which do not apply to any resources.
There are 1 unused configuration paths:
- models.hmart.models
[0m22:15:19.983305 [debug] [MainThread]: Sending event: {'category': 'dbt', 'action': 'load_project', 'label': 'a9c61276-56a4-4573-ae55-be4bbd630ba8', 'context': [<snowplow_tracker.self_describing_json.SelfDescribingJson object at 0x10eda89d0>]}
[0m22:15:20.023445 [debug] [MainThread]: Wrote artifact WritableManifest to /Users/tanvigharbudve/Desktop/projects/hmart_sql/hmart/target/manifest.json
[0m22:15:20.024811 [debug] [MainThread]: Wrote artifact SemanticManifest to /Users/tanvigharbudve/Desktop/projects/hmart_sql/hmart/target/semantic_manifest.json
[0m22:15:20.030654 [debug] [MainThread]: Wrote artifact OsiDocument to /Users/tanvigharbudve/Desktop/projects/hmart_sql/hmart/target/osi_document.json
[0m22:15:20.033774 [debug] [MainThread]: Sending event: {'category': 'dbt', 'action': 'resource_counts', 'label': 'a9c61276-56a4-4573-ae55-be4bbd630ba8', 'context': [<snowplow_tracker.self_describing_json.SelfDescribingJson object at 0x10ecc96d0>]}
[0m22:15:20.033990 [info ] [MainThread]: Found 9 models, 514 macros
[0m22:15:20.034140 [debug] [MainThread]: Sending event: {'category': 'dbt', 'action': 'runnable_timing', 'label': 'a9c61276-56a4-4573-ae55-be4bbd630ba8', 'context': [<snowplow_tracker.self_describing_json.SelfDescribingJson object at 0x10ec8f950>]}
[0m22:15:20.034916 [info ] [MainThread]: 
[0m22:15:20.035060 [info ] [MainThread]: Concurrency: 1 threads (target='dev')
[0m22:15:20.035177 [info ] [MainThread]: 
[0m22:15:20.035473 [debug] [MainThread]: Acquiring new snowflake connection 'master'
[0m22:15:20.037466 [debug] [ThreadPool]: Acquiring new snowflake connection 'list_HMART'
[0m22:15:20.062112 [debug] [ThreadPool]: Using snowflake connection "list_HMART"
[0m22:15:20.062296 [debug] [ThreadPool]: On list_HMART: /* {"app": "dbt", "dbt_version": "1.12.5", "profile_name": "hmart", "target_name": "dev", "connection_name": "list_HMART"} */
show terse schemas in database HMART
    limit 10000
[0m22:15:20.062410 [debug] [ThreadPool]: Opening a new connection, currently in state init
[0m22:15:22.003114 [debug] [ThreadPool]: SQL status: SUCCESS 4 in 1.941 seconds
[0m22:15:22.006351 [debug] [ThreadPool]: Re-using an available connection from the pool (formerly list_HMART, now list_HMART_DEV)
[0m22:15:22.016735 [debug] [ThreadPool]: Using snowflake connection "list_HMART_DEV"
[0m22:15:22.017404 [debug] [ThreadPool]: On list_HMART_DEV: /* {"app": "dbt", "dbt_version": "1.12.5", "profile_name": "hmart", "target_name": "dev", "connection_name": "list_HMART_DEV"} */
show objects in HMART.DEV limit 10000;
[0m22:15:22.200909 [debug] [ThreadPool]: SQL status: SUCCESS 9 in 0.183 seconds
[0m22:15:22.204473 [debug] [MainThread]: Sending event: {'category': 'dbt', 'action': 'runnable_timing', 'label': 'a9c61276-56a4-4573-ae55-be4bbd630ba8', 'context': [<snowplow_tracker.self_describing_json.SelfDescribingJson object at 0x11577e350>]}
[0m22:15:22.208552 [debug] [Thread-1 (]: Began running node model.hmart.src_customers
[0m22:15:22.209495 [info ] [Thread-1 (]: 1 of 9 START sql view model DEV.src_customers .................................. [RUN]
[0m22:15:22.210106 [debug] [Thread-1 (]: Re-using an available connection from the pool (formerly list_HMART_DEV, now model.hmart.src_customers)
[0m22:15:22.210550 [debug] [Thread-1 (]: Began compiling node model.hmart.src_customers
[0m22:15:22.216224 [debug] [Thread-1 (]: Writing injected SQL for node "model.hmart.src_customers"
[0m22:15:22.217463 [debug] [Thread-1 (]: Began executing node model.hmart.src_customers
[0m22:15:22.231774 [debug] [Thread-1 (]: Writing runtime sql for node "model.hmart.src_customers"
[0m22:15:22.232491 [debug] [Thread-1 (]: Using snowflake connection "model.hmart.src_customers"
[0m22:15:22.232648 [debug] [Thread-1 (]: On model.hmart.src_customers: /* {"app": "dbt", "dbt_version": "1.12.5", "profile_name": "hmart", "target_name": "dev", "node_id": "model.hmart.src_customers"} */
create or replace   view HMART.DEV.src_customers
  
   as (
    WITH raw_customers as (
    SELECT * FROM HMART.RAW.RAW_CUSTOMERS
)

SELECT customer_id,
    CONCAT(first_name, ' ', last_name) as customer_name,
    email,
    phone,
    country,
    city,
    gender,
    birth_date,
    signup_date,
    loyalty_tier,
    is_active,
    email_missing
FROM raw_customers
  );
[0m22:15:23.132197 [debug] [Thread-1 (]: SQL status: SUCCESS 1 in 0.899 seconds
[0m22:15:23.155666 [debug] [Thread-1 (]: Sending event: {'category': 'dbt', 'action': 'run_model', 'label': 'a9c61276-56a4-4573-ae55-be4bbd630ba8', 'context': [<snowplow_tracker.self_describing_json.SelfDescribingJson object at 0x10ae24d90>]}
[0m22:15:23.156159 [info ] [Thread-1 (]: 1 of 9 OK created sql view model DEV.src_customers ............................. [[32mSUCCESS 1[0m in 0.94s]
[0m22:15:23.156592 [debug] [Thread-1 (]: Finished running node model.hmart.src_customers
[0m22:15:23.157089 [debug] [Thread-1 (]: Began running node model.hmart.src_order_items
[0m22:15:23.157547 [info ] [Thread-1 (]: 2 of 9 START sql view model DEV.src_order_items ................................ [RUN]
[0m22:15:23.157834 [debug] [Thread-1 (]: Re-using an available connection from the pool (formerly model.hmart.src_customers, now model.hmart.src_order_items)
[0m22:15:23.157976 [debug] [Thread-1 (]: Began compiling node model.hmart.src_order_items
[0m22:15:23.158431 [debug] [Thread-1 (]: Writing injected SQL for node "model.hmart.src_order_items"
[0m22:15:23.159266 [debug] [Thread-1 (]: Began executing node model.hmart.src_order_items
[0m22:15:23.161398 [debug] [Thread-1 (]: Writing runtime sql for node "model.hmart.src_order_items"
[0m22:15:23.162105 [debug] [Thread-1 (]: Using snowflake connection "model.hmart.src_order_items"
[0m22:15:23.162263 [debug] [Thread-1 (]: On model.hmart.src_order_items: /* {"app": "dbt", "dbt_version": "1.12.5", "profile_name": "hmart", "target_name": "dev", "node_id": "model.hmart.src_order_items"} */
create or replace   view HMART.DEV.src_order_items
  
   as (
    WITH src_order_items AS (
    SELECT * FROM HMART.RAW.RAW_ORDER_ITEMS
)

SELECT
    order_item_id,
    order_id,
    product_id,
    quantity,
    unit_price,
    discount_pct,
    line_total
FROM src_order_items
  );
[0m22:15:23.403739 [debug] [Thread-1 (]: SQL status: SUCCESS 1 in 0.241 seconds
[0m22:15:23.407359 [debug] [Thread-1 (]: Sending event: {'category': 'dbt', 'action': 'run_model', 'label': 'a9c61276-56a4-4573-ae55-be4bbd630ba8', 'context': [<snowplow_tracker.self_describing_json.SelfDescribingJson object at 0x115825b10>]}
[0m22:15:23.408420 [info ] [Thread-1 (]: 2 of 9 OK created sql view model DEV.src_order_items ........................... [[32mSUCCESS 1[0m in 0.25s]
[0m22:15:23.409070 [debug] [Thread-1 (]: Finished running node model.hmart.src_order_items
[0m22:15:23.409538 [debug] [Thread-1 (]: Began running node model.hmart.src_orders
[0m22:15:23.410194 [info ] [Thread-1 (]: 3 of 9 START sql view model DEV.src_orders ..................................... [RUN]
[0m22:15:23.410762 [debug] [Thread-1 (]: Re-using an available connection from the pool (formerly model.hmart.src_order_items, now model.hmart.src_orders)
[0m22:15:23.411160 [debug] [Thread-1 (]: Began compiling node model.hmart.src_orders
[0m22:15:23.412696 [debug] [Thread-1 (]: Writing injected SQL for node "model.hmart.src_orders"
[0m22:15:23.413909 [debug] [Thread-1 (]: Began executing node model.hmart.src_orders
[0m22:15:23.417115 [debug] [Thread-1 (]: Writing runtime sql for node "model.hmart.src_orders"
[0m22:15:23.418658 [debug] [Thread-1 (]: Using snowflake connection "model.hmart.src_orders"
[0m22:15:23.419035 [debug] [Thread-1 (]: On model.hmart.src_orders: /* {"app": "dbt", "dbt_version": "1.12.5", "profile_name": "hmart", "target_name": "dev", "node_id": "model.hmart.src_orders"} */
create or replace   view HMART.DEV.src_orders
  
   as (
    WITH src_orders AS (
    SELECT * FROM HMART.RAW.RAW_ORDERS
)

SELECT 
    order_id,
    customer_id,
    order_ts,
    status,
    channel,
    shipping_country,
    coupon_code
FROM src_orders
  );
[0m22:15:23.647575 [debug] [Thread-1 (]: SQL status: SUCCESS 1 in 0.228 seconds
[0m22:15:23.653062 [debug] [Thread-1 (]: Sending event: {'category': 'dbt', 'action': 'run_model', 'label': 'a9c61276-56a4-4573-ae55-be4bbd630ba8', 'context': [<snowplow_tracker.self_describing_json.SelfDescribingJson object at 0x1158dc710>]}
[0m22:15:23.654129 [info ] [Thread-1 (]: 3 of 9 OK created sql view model DEV.src_orders ................................ [[32mSUCCESS 1[0m in 0.24s]
[0m22:15:23.654842 [debug] [Thread-1 (]: Finished running node model.hmart.src_orders
[0m22:15:23.655326 [debug] [Thread-1 (]: Began running node model.hmart.src_payments
[0m22:15:23.656000 [info ] [Thread-1 (]: 4 of 9 START sql view model DEV.src_payments ................................... [RUN]
[0m22:15:23.656598 [debug] [Thread-1 (]: Re-using an available connection from the pool (formerly model.hmart.src_orders, now model.hmart.src_payments)
[0m22:15:23.657048 [debug] [Thread-1 (]: Began compiling node model.hmart.src_payments
[0m22:15:23.658876 [debug] [Thread-1 (]: Writing injected SQL for node "model.hmart.src_payments"
[0m22:15:23.660428 [debug] [Thread-1 (]: Began executing node model.hmart.src_payments
[0m22:15:23.663740 [debug] [Thread-1 (]: Writing runtime sql for node "model.hmart.src_payments"
[0m22:15:23.665094 [debug] [Thread-1 (]: Using snowflake connection "model.hmart.src_payments"
[0m22:15:23.665522 [debug] [Thread-1 (]: On model.hmart.src_payments: /* {"app": "dbt", "dbt_version": "1.12.5", "profile_name": "hmart", "target_name": "dev", "node_id": "model.hmart.src_payments"} */
create or replace   view HMART.DEV.src_payments
  
   as (
    WITH src_payments AS (
    SELECT * FROM HMART.RAW.RAW_PAYMENTS
)

SELECT 
    payment_id,
    order_id,
    method,
    amount,
    currency,
    payment_status,
    amount_recomputed 
FROM src_payments
  );
[0m22:15:23.932692 [debug] [Thread-1 (]: SQL status: SUCCESS 1 in 0.266 seconds
[0m22:15:23.938481 [debug] [Thread-1 (]: Sending event: {'category': 'dbt', 'action': 'run_model', 'label': 'a9c61276-56a4-4573-ae55-be4bbd630ba8', 'context': [<snowplow_tracker.self_describing_json.SelfDescribingJson object at 0x115844a10>]}
[0m22:15:23.939249 [info ] [Thread-1 (]: 4 of 9 OK created sql view model DEV.src_payments .............................. [[32mSUCCESS 1[0m in 0.28s]
[0m22:15:23.939817 [debug] [Thread-1 (]: Finished running node model.hmart.src_payments
[0m22:15:23.940223 [debug] [Thread-1 (]: Began running node model.hmart.src_products
[0m22:15:23.940815 [info ] [Thread-1 (]: 5 of 9 START sql view model DEV.src_products ................................... [RUN]
[0m22:15:23.941349 [debug] [Thread-1 (]: Re-using an available connection from the pool (formerly model.hmart.src_payments, now model.hmart.src_products)
[0m22:15:23.941703 [debug] [Thread-1 (]: Began compiling node model.hmart.src_products
[0m22:15:23.942756 [debug] [Thread-1 (]: Writing injected SQL for node "model.hmart.src_products"
[0m22:15:23.944783 [debug] [Thread-1 (]: Began executing node model.hmart.src_products
[0m22:15:23.946864 [debug] [Thread-1 (]: Writing runtime sql for node "model.hmart.src_products"
[0m22:15:23.947827 [debug] [Thread-1 (]: Using snowflake connection "model.hmart.src_products"
[0m22:15:23.948123 [debug] [Thread-1 (]: On model.hmart.src_products: /* {"app": "dbt", "dbt_version": "1.12.5", "profile_name": "hmart", "target_name": "dev", "node_id": "model.hmart.src_products"} */
create or replace   view HMART.DEV.src_products
  
   as (
    WITH src_products as (
    SELECT * FROM HMART.RAW.RAW_PRODUCTS
)

SELECT 
    product_id,
    sku,
    product_name,
    category,
    subcategory,
    brand,
    unit_cost,
    unit_price,
    weight_kg,
    created_at,
    is_discontinued,
    price_imputed
FROM src_products
  );
[0m22:15:24.192773 [debug] [Thread-1 (]: SQL status: SUCCESS 1 in 0.244 seconds
[0m22:15:24.195147 [debug] [Thread-1 (]: Sending event: {'category': 'dbt', 'action': 'run_model', 'label': 'a9c61276-56a4-4573-ae55-be4bbd630ba8', 'context': [<snowplow_tracker.self_describing_json.SelfDescribingJson object at 0x1158df110>]}
[0m22:15:24.195703 [info ] [Thread-1 (]: 5 of 9 OK created sql view model DEV.src_products .............................. [[32mSUCCESS 1[0m in 0.25s]
[0m22:15:24.196160 [debug] [Thread-1 (]: Finished running node model.hmart.src_products
[0m22:15:24.196475 [debug] [Thread-1 (]: Began running node model.hmart.dim_customers
[0m22:15:24.197035 [info ] [Thread-1 (]: 6 of 9 START sql table model DEV.dim_customers ................................. [RUN]
[0m22:15:24.197468 [debug] [Thread-1 (]: Re-using an available connection from the pool (formerly model.hmart.src_products, now model.hmart.dim_customers)
[0m22:15:24.197693 [debug] [Thread-1 (]: Began compiling node model.hmart.dim_customers
[0m22:15:24.199271 [debug] [Thread-1 (]: Writing injected SQL for node "model.hmart.dim_customers"
[0m22:15:24.200043 [debug] [Thread-1 (]: Began executing node model.hmart.dim_customers
[0m22:15:24.214902 [debug] [Thread-1 (]: Writing runtime sql for node "model.hmart.dim_customers"
[0m22:15:24.215952 [debug] [Thread-1 (]: Using snowflake connection "model.hmart.dim_customers"
[0m22:15:24.216213 [debug] [Thread-1 (]: On model.hmart.dim_customers: /* {"app": "dbt", "dbt_version": "1.12.5", "profile_name": "hmart", "target_name": "dev", "node_id": "model.hmart.dim_customers"} */
create or replace transient table HMART.DEV.dim_customers
         as
        (-- WITH src_customers AS (
--     SELECT * FROM HMART.DEV.src_customers
-- )

-- SELECT 
--     customer_id,
--     customer_name,
--     email,
--     phone,
--     country,
--     city,
--     gender,
--     birth_date,
--     signup_date,
--     loyalty_tier,
--     is_active,
-- FROM src_customers

SELECT
    customer_id,
    customer_name,
    email,
    phone,
    country,
    city,
    gender,
    birth_date,
    signup_date,
    loyalty_tier,
    is_active,
    CASE
        WHEN country IN ('India') THEN 'South Asia'
        WHEN country IN ('UAE') THEN 'Middle East'
        WHEN country IN ('USA', 'Canada') THEN 'North America'
        WHEN country = 'Brazil' THEN 'Latin America'
        WHEN country IN ('Japan', 'Australia') THEN 'Asia Pacific'
        ELSE 'Europe'
    END AS region

FROM HMART.DEV.src_customers
        );
[0m22:15:25.621480 [debug] [Thread-1 (]: SQL status: SUCCESS 1 in 1.405 seconds
[0m22:15:25.625973 [debug] [Thread-1 (]: Sending event: {'category': 'dbt', 'action': 'run_model', 'label': 'a9c61276-56a4-4573-ae55-be4bbd630ba8', 'context': [<snowplow_tracker.self_describing_json.SelfDescribingJson object at 0x115851d10>]}
[0m22:15:25.626893 [info ] [Thread-1 (]: 6 of 9 OK created sql table model DEV.dim_customers ............................ [[32mSUCCESS 1[0m in 1.43s]
[0m22:15:25.627564 [debug] [Thread-1 (]: Finished running node model.hmart.dim_customers
[0m22:15:25.628049 [debug] [Thread-1 (]: Began running node model.hmart.dim_products
[0m22:15:25.628737 [info ] [Thread-1 (]: 7 of 9 START sql table model DEV.dim_products .................................. [RUN]
[0m22:15:25.629309 [debug] [Thread-1 (]: Re-using an available connection from the pool (formerly model.hmart.dim_customers, now model.hmart.dim_products)
[0m22:15:25.629732 [debug] [Thread-1 (]: Began compiling node model.hmart.dim_products
[0m22:15:25.632456 [debug] [Thread-1 (]: Writing injected SQL for node "model.hmart.dim_products"
[0m22:15:25.633586 [debug] [Thread-1 (]: Began executing node model.hmart.dim_products
[0m22:15:25.636157 [debug] [Thread-1 (]: Writing runtime sql for node "model.hmart.dim_products"
[0m22:15:25.638298 [debug] [Thread-1 (]: Using snowflake connection "model.hmart.dim_products"
[0m22:15:25.639190 [debug] [Thread-1 (]: On model.hmart.dim_products: /* {"app": "dbt", "dbt_version": "1.12.5", "profile_name": "hmart", "target_name": "dev", "node_id": "model.hmart.dim_products"} */
create or replace transient table HMART.DEV.dim_products
         as
        (SELECT
    product_id,
    sku,
    product_name,
    category,
    subcategory,
    brand,
    unit_cost,
    unit_price,

    ROUND(
        100 * (unit_price - unit_cost) / unit_price,
        2
    ) AS margin_pct,

    CASE
        WHEN unit_price < 25 THEN 'Budget'
        WHEN unit_price < 100 THEN 'Mid'
        WHEN unit_price < 400 THEN 'Premium'
        ELSE 'Luxury'
    END AS price_band,

    weight_kg,
    created_at,
    is_discontinued

FROM HMART.DEV.src_products
        );
[0m22:15:26.250051 [debug] [Thread-1 (]: SQL status: SUCCESS 1 in 0.610 seconds
[0m22:15:26.255554 [debug] [Thread-1 (]: Sending event: {'category': 'dbt', 'action': 'run_model', 'label': 'a9c61276-56a4-4573-ae55-be4bbd630ba8', 'context': [<snowplow_tracker.self_describing_json.SelfDescribingJson object at 0x10ed12310>]}
[0m22:15:26.256269 [info ] [Thread-1 (]: 7 of 9 OK created sql table model DEV.dim_products ............................. [[32mSUCCESS 1[0m in 0.63s]
[0m22:15:26.256812 [debug] [Thread-1 (]: Finished running node model.hmart.dim_products
[0m22:15:26.257590 [debug] [Thread-1 (]: Began running node model.hmart.fct_sales
[0m22:15:26.258123 [info ] [Thread-1 (]: 8 of 9 START sql table model DEV.fct_sales ..................................... [RUN]
[0m22:15:26.258541 [debug] [Thread-1 (]: Re-using an available connection from the pool (formerly model.hmart.dim_products, now model.hmart.fct_sales)
[0m22:15:26.258832 [debug] [Thread-1 (]: Began compiling node model.hmart.fct_sales
[0m22:15:26.261520 [debug] [Thread-1 (]: Writing injected SQL for node "model.hmart.fct_sales"
[0m22:15:26.262269 [debug] [Thread-1 (]: Began executing node model.hmart.fct_sales
[0m22:15:26.263896 [debug] [Thread-1 (]:  adapter: Dropping relation "HMART"."DEV"."FCT_SALES" because it is a view and target relation HMART.DEV.fct_sales is of type table.
[0m22:15:26.269640 [debug] [Thread-1 (]: Applying DROP to: "HMART"."DEV"."FCT_SALES"
[0m22:15:26.274513 [debug] [Thread-1 (]: Using snowflake connection "model.hmart.fct_sales"
[0m22:15:26.274800 [debug] [Thread-1 (]: On model.hmart.fct_sales: /* {"app": "dbt", "dbt_version": "1.12.5", "profile_name": "hmart", "target_name": "dev", "node_id": "model.hmart.fct_sales"} */
drop view if exists "HMART"."DEV"."FCT_SALES" cascade
[0m22:15:26.892877 [debug] [Thread-1 (]: SQL status: SUCCESS 1 in 0.618 seconds
[0m22:15:26.895265 [debug] [Thread-1 (]: Writing runtime sql for node "model.hmart.fct_sales"
[0m22:15:26.898075 [debug] [Thread-1 (]: Using snowflake connection "model.hmart.fct_sales"
[0m22:15:26.898611 [debug] [Thread-1 (]: On model.hmart.fct_sales: /* {"app": "dbt", "dbt_version": "1.12.5", "profile_name": "hmart", "target_name": "dev", "node_id": "model.hmart.fct_sales"} */
create or replace transient table HMART.DEV.fct_sales
         as
        (WITH sales AS (

    SELECT
        oi.order_item_id,
        oi.order_id,
        TO_NUMBER(TO_CHAR(o.order_ts, 'YYYYMMDD')) AS date_key,
        o.order_ts,

        c.customer_id,
        p.product_id,

        o.channel,
        o.status,
        o.coupon_code,
        pay.method AS payment_method,

        oi.quantity,
        oi.unit_price,
        oi.discount_pct,

        oi.quantity * oi.unit_price AS gross_amount,
        oi.line_total AS net_amount,
        oi.quantity * p.unit_cost AS cost_amount

    FROM HMART.DEV.src_order_items oi

    JOIN HMART.DEV.src_orders o
        ON o.order_id = oi.order_id

    JOIN HMART.DEV.src_payments pay
        ON pay.order_id = oi.order_id

    JOIN HMART.DEV.dim_customers c
        ON c.customer_id = o.customer_id

    JOIN HMART.DEV.dim_products p
        ON p.product_id = oi.product_id
)

SELECT
    order_item_id,
    order_id,
    date_key,
    order_ts,
    customer_id,
    product_id,
    channel,
    status,
    coupon_code,
    payment_method,
    quantity,
    unit_price,
    discount_pct,

    ROUND(gross_amount, 2) AS gross_amount,
    ROUND(gross_amount - net_amount, 2) AS discount_amount,
    ROUND(net_amount, 2) AS net_amount,
    ROUND(cost_amount, 2) AS cost_amount,
    ROUND(net_amount - cost_amount, 2) AS gross_margin,

    status IN ('delivered', 'shipped', 'processing') AS is_revenue

FROM sales
        );
[0m22:15:30.813168 [debug] [Thread-1 (]: SQL status: SUCCESS 1 in 3.914 seconds
[0m22:15:30.817840 [debug] [Thread-1 (]: Sending event: {'category': 'dbt', 'action': 'run_model', 'label': 'a9c61276-56a4-4573-ae55-be4bbd630ba8', 'context': [<snowplow_tracker.self_describing_json.SelfDescribingJson object at 0x1159a6d10>]}
[0m22:15:30.818756 [info ] [Thread-1 (]: 8 of 9 OK created sql table model DEV.fct_sales ................................ [[32mSUCCESS 1[0m in 4.56s]
[0m22:15:30.819401 [debug] [Thread-1 (]: Finished running node model.hmart.fct_sales
[0m22:15:30.820393 [debug] [Thread-1 (]: Began running node model.hmart.fct_orders
[0m22:15:30.821016 [info ] [Thread-1 (]: 9 of 9 START sql table model DEV.fct_orders .................................... [RUN]
[0m22:15:30.821573 [debug] [Thread-1 (]: Re-using an available connection from the pool (formerly model.hmart.fct_sales, now model.hmart.fct_orders)
[0m22:15:30.821963 [debug] [Thread-1 (]: Began compiling node model.hmart.fct_orders
[0m22:15:30.825050 [debug] [Thread-1 (]: Writing injected SQL for node "model.hmart.fct_orders"
[0m22:15:30.826116 [debug] [Thread-1 (]: Began executing node model.hmart.fct_orders
[0m22:15:30.827890 [debug] [Thread-1 (]:  adapter: Dropping relation "HMART"."DEV"."FCT_ORDERS" because it is a view and target relation HMART.DEV.fct_orders is of type table.
[0m22:15:30.829390 [debug] [Thread-1 (]: Applying DROP to: "HMART"."DEV"."FCT_ORDERS"
[0m22:15:30.831129 [debug] [Thread-1 (]: Using snowflake connection "model.hmart.fct_orders"
[0m22:15:30.831749 [debug] [Thread-1 (]: On model.hmart.fct_orders: /* {"app": "dbt", "dbt_version": "1.12.5", "profile_name": "hmart", "target_name": "dev", "node_id": "model.hmart.fct_orders"} */
drop view if exists "HMART"."DEV"."FCT_ORDERS" cascade
[0m22:15:31.032120 [debug] [Thread-1 (]: SQL status: SUCCESS 1 in 0.200 seconds
[0m22:15:31.036578 [debug] [Thread-1 (]: Writing runtime sql for node "model.hmart.fct_orders"
[0m22:15:31.038795 [debug] [Thread-1 (]: Using snowflake connection "model.hmart.fct_orders"
[0m22:15:31.039313 [debug] [Thread-1 (]: On model.hmart.fct_orders: /* {"app": "dbt", "dbt_version": "1.12.5", "profile_name": "hmart", "target_name": "dev", "node_id": "model.hmart.fct_orders"} */
create or replace transient table HMART.DEV.fct_orders
         as
        (SELECT
    order_id,

    MIN(date_key) AS date_key,
    MIN(order_ts) AS order_ts,
    MIN(customer_id) AS customer_id,
    MIN(channel) AS channel,
    MIN(status) AS status,
    MIN(payment_method) AS payment_method,
    MIN(coupon_code) AS coupon_code,

    COUNT(*) AS line_count,
    SUM(quantity) AS units,
    SUM(gross_amount) AS gross_amount,
    SUM(discount_amount) AS discount_amount,
    SUM(net_amount) AS net_amount,
    SUM(cost_amount) AS cost_amount,
    SUM(gross_margin) AS gross_margin,

    MAX(is_revenue) AS is_revenue

FROM HMART.DEV.fct_sales

GROUP BY order_id
        );
[0m22:15:32.109415 [debug] [Thread-1 (]: SQL status: SUCCESS 1 in 1.069 seconds
[0m22:15:32.114968 [debug] [Thread-1 (]: Sending event: {'category': 'dbt', 'action': 'run_model', 'label': 'a9c61276-56a4-4573-ae55-be4bbd630ba8', 'context': [<snowplow_tracker.self_describing_json.SelfDescribingJson object at 0x11580e650>]}
[0m22:15:32.115897 [info ] [Thread-1 (]: 9 of 9 OK created sql table model DEV.fct_orders ............................... [[32mSUCCESS 1[0m in 1.29s]
[0m22:15:32.116523 [debug] [Thread-1 (]: Finished running node model.hmart.fct_orders
[0m22:15:32.118066 [debug] [MainThread]: Connection 'master' was properly closed.
[0m22:15:32.118463 [debug] [MainThread]: Connection 'model.hmart.fct_orders' was left open.
[0m22:15:32.118818 [debug] [MainThread]: On model.hmart.fct_orders: Close
[0m22:15:32.349982 [info ] [MainThread]: 
[0m22:15:32.350840 [info ] [MainThread]: Finished running 4 table models, 5 view models in 0 hours 0 minutes and 12.31 seconds (12.31s).
[0m22:15:32.352657 [debug] [MainThread]: Command end result
[0m22:15:32.384072 [debug] [MainThread]: Wrote artifact WritableManifest to /Users/tanvigharbudve/Desktop/projects/hmart_sql/hmart/target/manifest.json
[0m22:15:32.385929 [debug] [MainThread]: Wrote artifact SemanticManifest to /Users/tanvigharbudve/Desktop/projects/hmart_sql/hmart/target/semantic_manifest.json
[0m22:15:32.387488 [debug] [MainThread]: Wrote artifact OsiDocument to /Users/tanvigharbudve/Desktop/projects/hmart_sql/hmart/target/osi_document.json
[0m22:15:32.391705 [debug] [MainThread]: Wrote artifact RunExecutionResult to /Users/tanvigharbudve/Desktop/projects/hmart_sql/hmart/target/run_results.json
[0m22:15:32.391884 [info ] [MainThread]: 
[0m22:15:32.392092 [info ] [MainThread]: [32mCompleted successfully[0m
[0m22:15:32.392259 [info ] [MainThread]: 
[0m22:15:32.392437 [info ] [MainThread]: Done. PASS=9 WARN=0 ERROR=0 SKIP=0 NO-OP=0 REUSED=0 TOTAL=9
[0m22:15:32.394502 [debug] [MainThread]: Resource report: {"command_name": "run", "command_success": true, "command_wall_clock_time": 12.754459, "process_in_blocks": "0", "process_kernel_time": 0.246345, "process_mem_max_rss": "185401344", "process_out_blocks": "0", "process_user_time": 1.357339}
[0m22:15:32.394841 [debug] [MainThread]: Command `dbt run` succeeded at 22:15:32.394790 after 12.75 seconds
[0m22:15:32.395041 [debug] [MainThread]: Sending event: {'category': 'dbt', 'action': 'invocation', 'label': 'end', 'context': [<snowplow_tracker.self_describing_json.SelfDescribingJson object at 0x10da8c4d0>, <snowplow_tracker.self_describing_json.SelfDescribingJson object at 0x10d8de2d0>, <snowplow_tracker.self_describing_json.SelfDescribingJson object at 0x10d982e90>]}
[0m22:15:32.395226 [debug] [MainThread]: Flushing usage events
[0m22:15:33.444733 [debug] [MainThread]: An error was encountered while trying to flush usage events
[0m01:12:37.224140 [debug] [MainThread]: Sending event: {'category': 'dbt', 'action': 'invocation', 'label': 'start', 'context': [<snowplow_tracker.self_describing_json.SelfDescribingJson object at 0x10b5ce650>, <snowplow_tracker.self_describing_json.SelfDescribingJson object at 0x10b79ded0>, <snowplow_tracker.self_describing_json.SelfDescribingJson object at 0x10b79edd0>]}


============================== 01:12:37.226811 | 73d7cb57-ef26-4b90-b205-e4aabba018c5 ==============================
[0m01:12:37.226811 [info ] [MainThread]: Running with dbt=1.12.5
[0m01:12:37.227096 [debug] [MainThread]: running dbt with arguments {'warn_error_options': 'WarnErrorOptionsV2(error=[], warn=[], silence=[])', 'printer_width': '80', 'empty': 'False', 'fail_fast': 'False', 'partial_parse': 'True', 'target_path': 'None', 'use_colors': 'True', 'write_json': 'True', 'profiles_dir': '/Users/tanvigharbudve/.dbt', 'use_experimental_parser': 'False', 'log_format': 'default', 'maximum_seed_size_mib': '1', 'warn_error': 'None', 'debug': 'False', 'quiet': 'False', 'introspect': 'True', 'static_parser': 'True', 'cache_selected_only': 'False', 'send_anonymous_usage_stats': 'True', 'indirect_selection': 'eager', 'log_path': '/Users/tanvigharbudve/Desktop/projects/hmart_sql/hmart/logs', 'hints_enabled': 'True', 'invocation_command': 'dbt run', 'no_print': 'None', 'version_check': 'True', 'log_cache_events': 'False'}
[0m01:12:37.475062 [debug] [MainThread]: Sending event: {'category': 'dbt', 'action': 'project_id', 'label': '73d7cb57-ef26-4b90-b205-e4aabba018c5', 'context': [<snowplow_tracker.self_describing_json.SelfDescribingJson object at 0x10a4a0710>]}
[0m01:12:37.498994 [debug] [MainThread]: Sending event: {'category': 'dbt', 'action': 'adapter_info', 'label': '73d7cb57-ef26-4b90-b205-e4aabba018c5', 'context': [<snowplow_tracker.self_describing_json.SelfDescribingJson object at 0x10a487bd0>]}
[0m01:12:37.499633 [info ] [MainThread]: Registered adapter: snowflake=1.9.0
[0m01:12:37.554864 [debug] [MainThread]: checksum: 45a02549dde2b41a1199d675c935f59a553ec318be0f791f50a7baabda8f1355, vars: {}, profile: hmart, target: dev, version: 1.12.5
[0m01:12:37.625439 [debug] [MainThread]: Partial parsing enabled: 0 files deleted, 0 files added, 0 files changed.
[0m01:12:37.625663 [debug] [MainThread]: Nothing changed, skipping partial parsing.
[0m01:12:37.625784 [debug] [MainThread]: Partial parsing enabled, no changes found, skipping parsing
[0m01:12:37.628350 [warn ] [MainThread]: [[33mWARNING[0m]: Configuration paths exist in your dbt_project.yml file which do not apply to any resources.
There are 1 unused configuration paths:
- models.hmart.models
[0m01:12:37.630240 [debug] [MainThread]: Sending event: {'category': 'dbt', 'action': 'load_project', 'label': '73d7cb57-ef26-4b90-b205-e4aabba018c5', 'context': [<snowplow_tracker.self_describing_json.SelfDescribingJson object at 0x10ca98ad0>]}
[0m01:12:37.672184 [debug] [MainThread]: Wrote artifact WritableManifest to /Users/tanvigharbudve/Desktop/projects/hmart_sql/hmart/target/manifest.json
[0m01:12:37.673871 [debug] [MainThread]: Wrote artifact SemanticManifest to /Users/tanvigharbudve/Desktop/projects/hmart_sql/hmart/target/semantic_manifest.json
[0m01:12:37.685640 [debug] [MainThread]: Wrote artifact OsiDocument to /Users/tanvigharbudve/Desktop/projects/hmart_sql/hmart/target/osi_document.json
[0m01:12:37.691451 [debug] [MainThread]: Sending event: {'category': 'dbt', 'action': 'resource_counts', 'label': '73d7cb57-ef26-4b90-b205-e4aabba018c5', 'context': [<snowplow_tracker.self_describing_json.SelfDescribingJson object at 0x10c9b9890>]}
[0m01:12:37.691661 [info ] [MainThread]: Found 9 models, 514 macros
[0m01:12:37.691806 [debug] [MainThread]: Sending event: {'category': 'dbt', 'action': 'runnable_timing', 'label': '73d7cb57-ef26-4b90-b205-e4aabba018c5', 'context': [<snowplow_tracker.self_describing_json.SelfDescribingJson object at 0x10c97eed0>]}
[0m01:12:37.692604 [info ] [MainThread]: 
[0m01:12:37.692753 [info ] [MainThread]: Concurrency: 1 threads (target='dev')
[0m01:12:37.692869 [info ] [MainThread]: 
[0m01:12:37.693094 [debug] [MainThread]: Acquiring new snowflake connection 'master'
[0m01:12:37.695119 [debug] [ThreadPool]: Acquiring new snowflake connection 'list_HMART'
[0m01:12:37.726454 [debug] [ThreadPool]: Using snowflake connection "list_HMART"
[0m01:12:37.726645 [debug] [ThreadPool]: On list_HMART: /* {"app": "dbt", "dbt_version": "1.12.5", "profile_name": "hmart", "target_name": "dev", "connection_name": "list_HMART"} */
show terse schemas in database HMART
    limit 10000
[0m01:12:37.726759 [debug] [ThreadPool]: Opening a new connection, currently in state init
[0m01:12:39.313410 [debug] [ThreadPool]: SQL status: SUCCESS 4 in 1.586 seconds
[0m01:12:39.317829 [debug] [ThreadPool]: Re-using an available connection from the pool (formerly list_HMART, now list_HMART_DEV)
[0m01:12:39.329808 [debug] [ThreadPool]: Using snowflake connection "list_HMART_DEV"
[0m01:12:39.330316 [debug] [ThreadPool]: On list_HMART_DEV: /* {"app": "dbt", "dbt_version": "1.12.5", "profile_name": "hmart", "target_name": "dev", "connection_name": "list_HMART_DEV"} */
show objects in HMART.DEV limit 10000;
[0m01:12:39.526722 [debug] [ThreadPool]: SQL status: SUCCESS 9 in 0.196 seconds
[0m01:12:39.531227 [debug] [MainThread]: Sending event: {'category': 'dbt', 'action': 'runnable_timing', 'label': '73d7cb57-ef26-4b90-b205-e4aabba018c5', 'context': [<snowplow_tracker.self_describing_json.SelfDescribingJson object at 0x1134dff90>]}
[0m01:12:39.535238 [debug] [Thread-1 (]: Began running node model.hmart.src_customers
[0m01:12:39.535848 [info ] [Thread-1 (]: 1 of 9 START sql view model DEV.src_customers .................................. [RUN]
[0m01:12:39.536327 [debug] [Thread-1 (]: Re-using an available connection from the pool (formerly list_HMART_DEV, now model.hmart.src_customers)
[0m01:12:39.536801 [debug] [Thread-1 (]: Began compiling node model.hmart.src_customers
[0m01:12:39.542258 [debug] [Thread-1 (]: Writing injected SQL for node "model.hmart.src_customers"
[0m01:12:39.543393 [debug] [Thread-1 (]: Began executing node model.hmart.src_customers
[0m01:12:39.564449 [debug] [Thread-1 (]: Writing runtime sql for node "model.hmart.src_customers"
[0m01:12:39.565495 [debug] [Thread-1 (]: Using snowflake connection "model.hmart.src_customers"
[0m01:12:39.565771 [debug] [Thread-1 (]: On model.hmart.src_customers: /* {"app": "dbt", "dbt_version": "1.12.5", "profile_name": "hmart", "target_name": "dev", "node_id": "model.hmart.src_customers"} */
create or replace   view HMART.DEV.src_customers
  
   as (
    WITH raw_customers as (
    SELECT * FROM HMART.RAW.RAW_CUSTOMERS
)

SELECT customer_id,
    CONCAT(first_name, ' ', last_name) as customer_name,
    email,
    phone,
    country,
    city,
    gender,
    birth_date,
    signup_date,
    loyalty_tier,
    is_active,
    email_missing
FROM raw_customers
  );
[0m01:12:39.993133 [debug] [Thread-1 (]: SQL status: SUCCESS 1 in 0.427 seconds
[0m01:12:40.019518 [debug] [Thread-1 (]: Sending event: {'category': 'dbt', 'action': 'run_model', 'label': '73d7cb57-ef26-4b90-b205-e4aabba018c5', 'context': [<snowplow_tracker.self_describing_json.SelfDescribingJson object at 0x108a5aa90>]}
[0m01:12:40.020105 [info ] [Thread-1 (]: 1 of 9 OK created sql view model DEV.src_customers ............................. [[32mSUCCESS 1[0m in 0.48s]
[0m01:12:40.020517 [debug] [Thread-1 (]: Finished running node model.hmart.src_customers
[0m01:12:40.020790 [debug] [Thread-1 (]: Began running node model.hmart.src_order_items
[0m01:12:40.021293 [info ] [Thread-1 (]: 2 of 9 START sql view model DEV.src_order_items ................................ [RUN]
[0m01:12:40.021626 [debug] [Thread-1 (]: Re-using an available connection from the pool (formerly model.hmart.src_customers, now model.hmart.src_order_items)
[0m01:12:40.021846 [debug] [Thread-1 (]: Began compiling node model.hmart.src_order_items
[0m01:12:40.022696 [debug] [Thread-1 (]: Writing injected SQL for node "model.hmart.src_order_items"
[0m01:12:40.023194 [debug] [Thread-1 (]: Began executing node model.hmart.src_order_items
[0m01:12:40.025758 [debug] [Thread-1 (]: Writing runtime sql for node "model.hmart.src_order_items"
[0m01:12:40.026465 [debug] [Thread-1 (]: Using snowflake connection "model.hmart.src_order_items"
[0m01:12:40.026677 [debug] [Thread-1 (]: On model.hmart.src_order_items: /* {"app": "dbt", "dbt_version": "1.12.5", "profile_name": "hmart", "target_name": "dev", "node_id": "model.hmart.src_order_items"} */
create or replace   view HMART.DEV.src_order_items
  
   as (
    WITH src_order_items AS (
    SELECT * FROM HMART.RAW.RAW_ORDER_ITEMS
)

SELECT
    order_item_id,
    order_id,
    product_id,
    quantity,
    unit_price,
    discount_pct,
    line_total
FROM src_order_items
  );
[0m01:12:40.320798 [debug] [Thread-1 (]: SQL status: SUCCESS 1 in 0.294 seconds
[0m01:12:40.325121 [debug] [Thread-1 (]: Sending event: {'category': 'dbt', 'action': 'run_model', 'label': '73d7cb57-ef26-4b90-b205-e4aabba018c5', 'context': [<snowplow_tracker.self_describing_json.SelfDescribingJson object at 0x113735490>]}
[0m01:12:40.325953 [info ] [Thread-1 (]: 2 of 9 OK created sql view model DEV.src_order_items ........................... [[32mSUCCESS 1[0m in 0.30s]
[0m01:12:40.326468 [debug] [Thread-1 (]: Finished running node model.hmart.src_order_items
[0m01:12:40.326840 [debug] [Thread-1 (]: Began running node model.hmart.src_orders
[0m01:12:40.327599 [info ] [Thread-1 (]: 3 of 9 START sql view model DEV.src_orders ..................................... [RUN]
[0m01:12:40.328234 [debug] [Thread-1 (]: Re-using an available connection from the pool (formerly model.hmart.src_order_items, now model.hmart.src_orders)
[0m01:12:40.328626 [debug] [Thread-1 (]: Began compiling node model.hmart.src_orders
[0m01:12:40.329754 [debug] [Thread-1 (]: Writing injected SQL for node "model.hmart.src_orders"
[0m01:12:40.330524 [debug] [Thread-1 (]: Began executing node model.hmart.src_orders
[0m01:12:40.332960 [debug] [Thread-1 (]: Writing runtime sql for node "model.hmart.src_orders"
[0m01:12:40.334008 [debug] [Thread-1 (]: Using snowflake connection "model.hmart.src_orders"
[0m01:12:40.334344 [debug] [Thread-1 (]: On model.hmart.src_orders: /* {"app": "dbt", "dbt_version": "1.12.5", "profile_name": "hmart", "target_name": "dev", "node_id": "model.hmart.src_orders"} */
create or replace   view HMART.DEV.src_orders
  
   as (
    WITH src_orders AS (
    SELECT * FROM HMART.RAW.RAW_ORDERS
)

SELECT 
    order_id,
    customer_id,
    order_ts,
    status,
    channel,
    shipping_country,
    coupon_code
FROM src_orders
  );
[0m01:12:40.730256 [debug] [Thread-1 (]: SQL status: SUCCESS 1 in 0.395 seconds
[0m01:12:40.734975 [debug] [Thread-1 (]: Sending event: {'category': 'dbt', 'action': 'run_model', 'label': '73d7cb57-ef26-4b90-b205-e4aabba018c5', 'context': [<snowplow_tracker.self_describing_json.SelfDescribingJson object at 0x11371b690>]}
[0m01:12:40.735921 [info ] [Thread-1 (]: 3 of 9 OK created sql view model DEV.src_orders ................................ [[32mSUCCESS 1[0m in 0.41s]
[0m01:12:40.736568 [debug] [Thread-1 (]: Finished running node model.hmart.src_orders
[0m01:12:40.737030 [debug] [Thread-1 (]: Began running node model.hmart.src_payments
[0m01:12:40.737701 [info ] [Thread-1 (]: 4 of 9 START sql view model DEV.src_payments ................................... [RUN]
[0m01:12:40.738323 [debug] [Thread-1 (]: Re-using an available connection from the pool (formerly model.hmart.src_orders, now model.hmart.src_payments)
[0m01:12:40.738739 [debug] [Thread-1 (]: Began compiling node model.hmart.src_payments
[0m01:12:40.740319 [debug] [Thread-1 (]: Writing injected SQL for node "model.hmart.src_payments"
[0m01:12:40.741359 [debug] [Thread-1 (]: Began executing node model.hmart.src_payments
[0m01:12:40.744293 [debug] [Thread-1 (]: Writing runtime sql for node "model.hmart.src_payments"
[0m01:12:40.745622 [debug] [Thread-1 (]: Using snowflake connection "model.hmart.src_payments"
[0m01:12:40.746041 [debug] [Thread-1 (]: On model.hmart.src_payments: /* {"app": "dbt", "dbt_version": "1.12.5", "profile_name": "hmart", "target_name": "dev", "node_id": "model.hmart.src_payments"} */
create or replace   view HMART.DEV.src_payments
  
   as (
    WITH src_payments AS (
    SELECT * FROM HMART.RAW.RAW_PAYMENTS
)

SELECT 
    payment_id,
    order_id,
    method,
    amount,
    currency,
    payment_status,
    amount_recomputed 
FROM src_payments
  );
[0m01:12:40.998945 [debug] [Thread-1 (]: SQL status: SUCCESS 1 in 0.252 seconds
[0m01:12:41.003489 [debug] [Thread-1 (]: Sending event: {'category': 'dbt', 'action': 'run_model', 'label': '73d7cb57-ef26-4b90-b205-e4aabba018c5', 'context': [<snowplow_tracker.self_describing_json.SelfDescribingJson object at 0x113684c50>]}
[0m01:12:41.004500 [info ] [Thread-1 (]: 4 of 9 OK created sql view model DEV.src_payments .............................. [[32mSUCCESS 1[0m in 0.27s]
[0m01:12:41.005207 [debug] [Thread-1 (]: Finished running node model.hmart.src_payments
[0m01:12:41.005694 [debug] [Thread-1 (]: Began running node model.hmart.src_products
[0m01:12:41.006364 [info ] [Thread-1 (]: 5 of 9 START sql view model DEV.src_products ................................... [RUN]
[0m01:12:41.007007 [debug] [Thread-1 (]: Re-using an available connection from the pool (formerly model.hmart.src_payments, now model.hmart.src_products)
[0m01:12:41.007392 [debug] [Thread-1 (]: Began compiling node model.hmart.src_products
[0m01:12:41.008757 [debug] [Thread-1 (]: Writing injected SQL for node "model.hmart.src_products"
[0m01:12:41.009821 [debug] [Thread-1 (]: Began executing node model.hmart.src_products
[0m01:12:41.013106 [debug] [Thread-1 (]: Writing runtime sql for node "model.hmart.src_products"
[0m01:12:41.014925 [debug] [Thread-1 (]: Using snowflake connection "model.hmart.src_products"
[0m01:12:41.015464 [debug] [Thread-1 (]: On model.hmart.src_products: /* {"app": "dbt", "dbt_version": "1.12.5", "profile_name": "hmart", "target_name": "dev", "node_id": "model.hmart.src_products"} */
create or replace   view HMART.DEV.src_products
  
   as (
    WITH src_products as (
    SELECT * FROM HMART.RAW.RAW_PRODUCTS
)

SELECT 
    product_id,
    sku,
    product_name,
    category,
    subcategory,
    brand,
    unit_cost,
    unit_price,
    weight_kg,
    created_at,
    is_discontinued,
    price_imputed
FROM src_products
  );
[0m01:12:41.385713 [debug] [Thread-1 (]: SQL status: SUCCESS 1 in 0.369 seconds
[0m01:12:41.390572 [debug] [Thread-1 (]: Sending event: {'category': 'dbt', 'action': 'run_model', 'label': '73d7cb57-ef26-4b90-b205-e4aabba018c5', 'context': [<snowplow_tracker.self_describing_json.SelfDescribingJson object at 0x1136a4dd0>]}
[0m01:12:41.391476 [info ] [Thread-1 (]: 5 of 9 OK created sql view model DEV.src_products .............................. [[32mSUCCESS 1[0m in 0.38s]
[0m01:12:41.392204 [debug] [Thread-1 (]: Finished running node model.hmart.src_products
[0m01:12:41.395647 [debug] [Thread-1 (]: Began running node model.hmart.dim_customers
[0m01:12:41.400806 [info ] [Thread-1 (]: 6 of 9 START sql table model DEV.dim_customers ................................. [RUN]
[0m01:12:41.405156 [debug] [Thread-1 (]: Re-using an available connection from the pool (formerly model.hmart.src_products, now model.hmart.dim_customers)
[0m01:12:41.408458 [debug] [Thread-1 (]: Began compiling node model.hmart.dim_customers
[0m01:12:41.412007 [debug] [Thread-1 (]: Writing injected SQL for node "model.hmart.dim_customers"
[0m01:12:41.413399 [debug] [Thread-1 (]: Began executing node model.hmart.dim_customers
[0m01:12:41.432748 [debug] [Thread-1 (]: Writing runtime sql for node "model.hmart.dim_customers"
[0m01:12:41.433961 [debug] [Thread-1 (]: Using snowflake connection "model.hmart.dim_customers"
[0m01:12:41.434241 [debug] [Thread-1 (]: On model.hmart.dim_customers: /* {"app": "dbt", "dbt_version": "1.12.5", "profile_name": "hmart", "target_name": "dev", "node_id": "model.hmart.dim_customers"} */
create or replace transient table HMART.DEV.dim_customers
         as
        (-- WITH src_customers AS (
--     SELECT * FROM HMART.DEV.src_customers
-- )

-- SELECT 
--     customer_id,
--     customer_name,
--     email,
--     phone,
--     country,
--     city,
--     gender,
--     birth_date,
--     signup_date,
--     loyalty_tier,
--     is_active,
-- FROM src_customers

SELECT
    customer_id,
    customer_name,
    email,
    phone,
    country,
    city,
    gender,
    birth_date,
    signup_date,
    loyalty_tier,
    is_active,
    CASE
        WHEN country IN ('India') THEN 'South Asia'
        WHEN country IN ('UAE') THEN 'Middle East'
        WHEN country IN ('USA', 'Canada') THEN 'North America'
        WHEN country = 'Brazil' THEN 'Latin America'
        WHEN country IN ('Japan', 'Australia') THEN 'Asia Pacific'
        ELSE 'Europe'
    END AS region

FROM HMART.DEV.src_customers
        );
[0m01:12:43.561531 [debug] [Thread-1 (]: SQL status: SUCCESS 1 in 2.127 seconds
[0m01:12:43.566095 [debug] [Thread-1 (]: Sending event: {'category': 'dbt', 'action': 'run_model', 'label': '73d7cb57-ef26-4b90-b205-e4aabba018c5', 'context': [<snowplow_tracker.self_describing_json.SelfDescribingJson object at 0x10ca00ed0>]}
[0m01:12:43.567160 [info ] [Thread-1 (]: 6 of 9 OK created sql table model DEV.dim_customers ............................ [[32mSUCCESS 1[0m in 2.16s]
[0m01:12:43.567958 [debug] [Thread-1 (]: Finished running node model.hmart.dim_customers
[0m01:12:43.568460 [debug] [Thread-1 (]: Began running node model.hmart.dim_products
[0m01:12:43.569204 [info ] [Thread-1 (]: 7 of 9 START sql table model DEV.dim_products .................................. [RUN]
[0m01:12:43.569891 [debug] [Thread-1 (]: Re-using an available connection from the pool (formerly model.hmart.dim_customers, now model.hmart.dim_products)
[0m01:12:43.570359 [debug] [Thread-1 (]: Began compiling node model.hmart.dim_products
[0m01:12:43.573561 [debug] [Thread-1 (]: Writing injected SQL for node "model.hmart.dim_products"
[0m01:12:43.575034 [debug] [Thread-1 (]: Began executing node model.hmart.dim_products
[0m01:12:43.578795 [debug] [Thread-1 (]: Writing runtime sql for node "model.hmart.dim_products"
[0m01:12:43.580704 [debug] [Thread-1 (]: Using snowflake connection "model.hmart.dim_products"
[0m01:12:43.581140 [debug] [Thread-1 (]: On model.hmart.dim_products: /* {"app": "dbt", "dbt_version": "1.12.5", "profile_name": "hmart", "target_name": "dev", "node_id": "model.hmart.dim_products"} */
create or replace transient table HMART.DEV.dim_products
         as
        (SELECT
    product_id,
    sku,
    product_name,
    category,
    subcategory,
    brand,
    unit_cost,
    unit_price,

    ROUND(
        100 * (unit_price - unit_cost) / unit_price,
        2
    ) AS margin_pct,

    CASE
        WHEN unit_price < 25 THEN 'Budget'
        WHEN unit_price < 100 THEN 'Mid'
        WHEN unit_price < 400 THEN 'Premium'
        ELSE 'Luxury'
    END AS price_band,

    weight_kg,
    created_at,
    is_discontinued

FROM HMART.DEV.src_products
        );
[0m01:12:44.441712 [debug] [Thread-1 (]: SQL status: SUCCESS 1 in 0.860 seconds
[0m01:12:44.446953 [debug] [Thread-1 (]: Sending event: {'category': 'dbt', 'action': 'run_model', 'label': '73d7cb57-ef26-4b90-b205-e4aabba018c5', 'context': [<snowplow_tracker.self_describing_json.SelfDescribingJson object at 0x113659c10>]}
[0m01:12:44.447904 [info ] [Thread-1 (]: 7 of 9 OK created sql table model DEV.dim_products ............................. [[32mSUCCESS 1[0m in 0.88s]
[0m01:12:44.448530 [debug] [Thread-1 (]: Finished running node model.hmart.dim_products
[0m01:12:44.449506 [debug] [Thread-1 (]: Began running node model.hmart.fct_sales
[0m01:12:44.450168 [info ] [Thread-1 (]: 8 of 9 START sql table model DEV.fct_sales ..................................... [RUN]
[0m01:12:44.450716 [debug] [Thread-1 (]: Re-using an available connection from the pool (formerly model.hmart.dim_products, now model.hmart.fct_sales)
[0m01:12:44.451064 [debug] [Thread-1 (]: Began compiling node model.hmart.fct_sales
[0m01:12:44.454580 [debug] [Thread-1 (]: Writing injected SQL for node "model.hmart.fct_sales"
[0m01:12:44.455741 [debug] [Thread-1 (]: Began executing node model.hmart.fct_sales
[0m01:12:44.458949 [debug] [Thread-1 (]: Writing runtime sql for node "model.hmart.fct_sales"
[0m01:12:44.461256 [debug] [Thread-1 (]: Using snowflake connection "model.hmart.fct_sales"
[0m01:12:44.461677 [debug] [Thread-1 (]: On model.hmart.fct_sales: /* {"app": "dbt", "dbt_version": "1.12.5", "profile_name": "hmart", "target_name": "dev", "node_id": "model.hmart.fct_sales"} */
create or replace transient table HMART.DEV.fct_sales
         as
        (WITH sales AS (

    SELECT
        oi.order_item_id,
        oi.order_id,
        TO_NUMBER(TO_CHAR(o.order_ts, 'YYYYMMDD')) AS date_key,
        o.order_ts,

        c.customer_id,
        p.product_id,

        o.channel,
        o.status,
        o.coupon_code,
        pay.method AS payment_method,

        oi.quantity,
        oi.unit_price,
        oi.discount_pct,

        oi.quantity * oi.unit_price AS gross_amount,
        oi.line_total AS net_amount,
        oi.quantity * p.unit_cost AS cost_amount

    FROM HMART.DEV.src_order_items oi

    JOIN HMART.DEV.src_orders o
        ON o.order_id = oi.order_id

    JOIN HMART.DEV.src_payments pay
        ON pay.order_id = oi.order_id

    JOIN HMART.DEV.dim_customers c
        ON c.customer_id = o.customer_id

    JOIN HMART.DEV.dim_products p
        ON p.product_id = oi.product_id
)

SELECT
    order_item_id,
    order_id,
    date_key,
    order_ts,
    customer_id,
    product_id,
    channel,
    status,
    coupon_code,
    payment_method,
    quantity,
    unit_price,
    discount_pct,

    ROUND(gross_amount, 2) AS gross_amount,
    ROUND(gross_amount - net_amount, 2) AS discount_amount,
    ROUND(net_amount, 2) AS net_amount,
    ROUND(cost_amount, 2) AS cost_amount,
    ROUND(net_amount - cost_amount, 2) AS gross_margin,

    status IN ('delivered', 'shipped', 'processing') AS is_revenue

FROM sales
        );
[0m01:12:48.065018 [debug] [Thread-1 (]: SQL status: SUCCESS 1 in 3.603 seconds
[0m01:12:48.068718 [debug] [Thread-1 (]: Sending event: {'category': 'dbt', 'action': 'run_model', 'label': '73d7cb57-ef26-4b90-b205-e4aabba018c5', 'context': [<snowplow_tracker.self_describing_json.SelfDescribingJson object at 0x113684a10>]}
[0m01:12:48.069534 [info ] [Thread-1 (]: 8 of 9 OK created sql table model DEV.fct_sales ................................ [[32mSUCCESS 1[0m in 3.62s]
[0m01:12:48.070176 [debug] [Thread-1 (]: Finished running node model.hmart.fct_sales
[0m01:12:48.071119 [debug] [Thread-1 (]: Began running node model.hmart.fct_orders
[0m01:12:48.071713 [info ] [Thread-1 (]: 9 of 9 START sql table model DEV.fct_orders .................................... [RUN]
[0m01:12:48.072220 [debug] [Thread-1 (]: Re-using an available connection from the pool (formerly model.hmart.fct_sales, now model.hmart.fct_orders)
[0m01:12:48.072596 [debug] [Thread-1 (]: Began compiling node model.hmart.fct_orders
[0m01:12:48.075288 [debug] [Thread-1 (]: Writing injected SQL for node "model.hmart.fct_orders"
[0m01:12:48.076396 [debug] [Thread-1 (]: Began executing node model.hmart.fct_orders
[0m01:12:48.079230 [debug] [Thread-1 (]: Writing runtime sql for node "model.hmart.fct_orders"
[0m01:12:48.080752 [debug] [Thread-1 (]: Using snowflake connection "model.hmart.fct_orders"
[0m01:12:48.081337 [debug] [Thread-1 (]: On model.hmart.fct_orders: /* {"app": "dbt", "dbt_version": "1.12.5", "profile_name": "hmart", "target_name": "dev", "node_id": "model.hmart.fct_orders"} */
create or replace transient table HMART.DEV.fct_orders
         as
        (SELECT
    order_id,

    MIN(date_key) AS date_key,
    MIN(order_ts) AS order_ts,
    MIN(customer_id) AS customer_id,
    MIN(channel) AS channel,
    MIN(status) AS status,
    MIN(payment_method) AS payment_method,
    MIN(coupon_code) AS coupon_code,

    COUNT(*) AS line_count,
    SUM(quantity) AS units,
    SUM(gross_amount) AS gross_amount,
    SUM(discount_amount) AS discount_amount,
    SUM(net_amount) AS net_amount,
    SUM(cost_amount) AS cost_amount,
    SUM(gross_margin) AS gross_margin,

    MAX(is_revenue) AS is_revenue

FROM HMART.DEV.fct_sales

GROUP BY order_id
        );
[0m01:12:49.119135 [debug] [Thread-1 (]: SQL status: SUCCESS 1 in 1.037 seconds
[0m01:12:49.122630 [debug] [Thread-1 (]: Sending event: {'category': 'dbt', 'action': 'run_model', 'label': '73d7cb57-ef26-4b90-b205-e4aabba018c5', 'context': [<snowplow_tracker.self_describing_json.SelfDescribingJson object at 0x11374ab50>]}
[0m01:12:49.123524 [info ] [Thread-1 (]: 9 of 9 OK created sql table model DEV.fct_orders ............................... [[32mSUCCESS 1[0m in 1.05s]
[0m01:12:49.124260 [debug] [Thread-1 (]: Finished running node model.hmart.fct_orders
[0m01:12:49.125972 [debug] [MainThread]: Connection 'master' was properly closed.
[0m01:12:49.126459 [debug] [MainThread]: Connection 'model.hmart.fct_orders' was left open.
[0m01:12:49.126832 [debug] [MainThread]: On model.hmart.fct_orders: Close
[0m01:12:49.346305 [info ] [MainThread]: 
[0m01:12:49.347132 [info ] [MainThread]: Finished running 4 table models, 5 view models in 0 hours 0 minutes and 11.65 seconds (11.65s).
[0m01:12:49.348883 [debug] [MainThread]: Command end result
[0m01:12:49.378474 [debug] [MainThread]: Wrote artifact WritableManifest to /Users/tanvigharbudve/Desktop/projects/hmart_sql/hmart/target/manifest.json
[0m01:12:49.380608 [debug] [MainThread]: Wrote artifact SemanticManifest to /Users/tanvigharbudve/Desktop/projects/hmart_sql/hmart/target/semantic_manifest.json
[0m01:12:49.382242 [debug] [MainThread]: Wrote artifact OsiDocument to /Users/tanvigharbudve/Desktop/projects/hmart_sql/hmart/target/osi_document.json
[0m01:12:49.386766 [debug] [MainThread]: Wrote artifact RunExecutionResult to /Users/tanvigharbudve/Desktop/projects/hmart_sql/hmart/target/run_results.json
[0m01:12:49.386964 [info ] [MainThread]: 
[0m01:12:49.387158 [info ] [MainThread]: [32mCompleted successfully[0m
[0m01:12:49.387331 [info ] [MainThread]: 
[0m01:12:49.387489 [info ] [MainThread]: Done. PASS=9 WARN=0 ERROR=0 SKIP=0 NO-OP=0 REUSED=0 TOTAL=9
[0m01:12:49.393047 [debug] [MainThread]: Resource report: {"command_name": "run", "command_success": true, "command_wall_clock_time": 12.210685, "process_in_blocks": "0", "process_kernel_time": 0.392974, "process_mem_max_rss": "189120512", "process_out_blocks": "0", "process_user_time": 1.53926}
[0m01:12:49.393569 [debug] [MainThread]: Command `dbt run` succeeded at 01:12:49.393498 after 12.21 seconds
[0m01:12:49.393844 [debug] [MainThread]: Sending event: {'category': 'dbt', 'action': 'invocation', 'label': 'end', 'context': [<snowplow_tracker.self_describing_json.SelfDescribingJson object at 0x10b5ce510>, <snowplow_tracker.self_describing_json.SelfDescribingJson object at 0x10c9f7c50>, <snowplow_tracker.self_describing_json.SelfDescribingJson object at 0x10b672e90>]}
[0m01:12:49.394088 [debug] [MainThread]: Flushing usage events
[0m01:12:50.539516 [debug] [MainThread]: An error was encountered while trying to flush usage events
[0m01:36:05.355012 [debug] [MainThread]: Sending event: {'category': 'dbt', 'action': 'invocation', 'label': 'start', 'context': [<snowplow_tracker.self_describing_json.SelfDescribingJson object at 0x10be025d0>, <snowplow_tracker.self_describing_json.SelfDescribingJson object at 0x10bf02210>, <snowplow_tracker.self_describing_json.SelfDescribingJson object at 0x10bf03650>]}


============================== 01:36:05.359732 | 0fcadf07-ae3d-4e26-8b77-d7b5bcbe9bff ==============================
[0m01:36:05.359732 [info ] [MainThread]: Running with dbt=1.12.5
[0m01:36:05.360011 [debug] [MainThread]: running dbt with arguments {'cache_selected_only': 'False', 'quiet': 'False', 'empty': 'False', 'use_colors': 'True', 'no_print': 'None', 'send_anonymous_usage_stats': 'True', 'warn_error': 'None', 'debug': 'False', 'log_format': 'default', 'printer_width': '80', 'introspect': 'True', 'static_parser': 'True', 'fail_fast': 'False', 'log_cache_events': 'False', 'warn_error_options': 'WarnErrorOptionsV2(error=[], warn=[], silence=[])', 'profiles_dir': '/Users/tanvigharbudve/.dbt', 'partial_parse': 'True', 'log_path': '/Users/tanvigharbudve/Desktop/projects/hmart_sql/hmart/logs', 'version_check': 'True', 'indirect_selection': 'eager', 'target_path': 'None', 'maximum_seed_size_mib': '1', 'invocation_command': 'dbt run -s fct_sales.sql', 'write_json': 'True', 'hints_enabled': 'True', 'use_experimental_parser': 'False'}
[0m01:36:05.588080 [debug] [MainThread]: Sending event: {'category': 'dbt', 'action': 'project_id', 'label': '0fcadf07-ae3d-4e26-8b77-d7b5bcbe9bff', 'context': [<snowplow_tracker.self_describing_json.SelfDescribingJson object at 0x10b408690>]}
[0m01:36:05.612354 [debug] [MainThread]: Sending event: {'category': 'dbt', 'action': 'adapter_info', 'label': '0fcadf07-ae3d-4e26-8b77-d7b5bcbe9bff', 'context': [<snowplow_tracker.self_describing_json.SelfDescribingJson object at 0x10abefc90>]}
[0m01:36:05.613510 [info ] [MainThread]: Registered adapter: snowflake=1.9.0
[0m01:36:05.667957 [debug] [MainThread]: checksum: 45a02549dde2b41a1199d675c935f59a553ec318be0f791f50a7baabda8f1355, vars: {}, profile: hmart, target: dev, version: 1.12.5
[0m01:36:05.710254 [debug] [MainThread]: Partial parsing enabled: 0 files deleted, 0 files added, 0 files changed.
[0m01:36:05.710447 [debug] [MainThread]: Nothing changed, skipping partial parsing.
[0m01:36:05.710569 [debug] [MainThread]: Partial parsing enabled, no changes found, skipping parsing
[0m01:36:05.713132 [warn ] [MainThread]: [[33mWARNING[0m]: Configuration paths exist in your dbt_project.yml file which do not apply to any resources.
There are 1 unused configuration paths:
- models.hmart.models
[0m01:36:05.714876 [debug] [MainThread]: Sending event: {'category': 'dbt', 'action': 'load_project', 'label': '0fcadf07-ae3d-4e26-8b77-d7b5bcbe9bff', 'context': [<snowplow_tracker.self_describing_json.SelfDescribingJson object at 0x10d0c13d0>]}
[0m01:36:05.755558 [debug] [MainThread]: Wrote artifact WritableManifest to /Users/tanvigharbudve/Desktop/projects/hmart_sql/hmart/target/manifest.json
[0m01:36:05.757117 [debug] [MainThread]: Wrote artifact SemanticManifest to /Users/tanvigharbudve/Desktop/projects/hmart_sql/hmart/target/semantic_manifest.json
[0m01:36:05.767509 [debug] [MainThread]: Wrote artifact OsiDocument to /Users/tanvigharbudve/Desktop/projects/hmart_sql/hmart/target/osi_document.json
[0m01:36:05.772522 [debug] [MainThread]: Sending event: {'category': 'dbt', 'action': 'resource_counts', 'label': '0fcadf07-ae3d-4e26-8b77-d7b5bcbe9bff', 'context': [<snowplow_tracker.self_describing_json.SelfDescribingJson object at 0x10cff5190>]}
[0m01:36:05.772720 [info ] [MainThread]: Found 9 models, 514 macros
[0m01:36:05.772864 [debug] [MainThread]: Sending event: {'category': 'dbt', 'action': 'runnable_timing', 'label': '0fcadf07-ae3d-4e26-8b77-d7b5bcbe9bff', 'context': [<snowplow_tracker.self_describing_json.SelfDescribingJson object at 0x10cfbaad0>]}
[0m01:36:05.773564 [info ] [MainThread]: 
[0m01:36:05.773709 [info ] [MainThread]: Concurrency: 1 threads (target='dev')
[0m01:36:05.773825 [info ] [MainThread]: 
[0m01:36:05.774047 [debug] [MainThread]: Acquiring new snowflake connection 'master'
[0m01:36:05.774408 [debug] [ThreadPool]: Acquiring new snowflake connection 'list_HMART'
[0m01:36:05.801319 [debug] [ThreadPool]: Using snowflake connection "list_HMART"
[0m01:36:05.801511 [debug] [ThreadPool]: On list_HMART: /* {"app": "dbt", "dbt_version": "1.12.5", "profile_name": "hmart", "target_name": "dev", "connection_name": "list_HMART"} */
show terse schemas in database HMART
    limit 10000
[0m01:36:05.801632 [debug] [ThreadPool]: Opening a new connection, currently in state init
[0m01:36:08.025409 [debug] [ThreadPool]: SQL status: SUCCESS 4 in 2.224 seconds
[0m01:36:08.034567 [debug] [ThreadPool]: Re-using an available connection from the pool (formerly list_HMART, now list_HMART_DEV)
[0m01:36:08.045595 [debug] [ThreadPool]: Using snowflake connection "list_HMART_DEV"
[0m01:36:08.046123 [debug] [ThreadPool]: On list_HMART_DEV: /* {"app": "dbt", "dbt_version": "1.12.5", "profile_name": "hmart", "target_name": "dev", "connection_name": "list_HMART_DEV"} */
show objects in HMART.DEV limit 10000;
[0m01:36:08.503587 [debug] [ThreadPool]: SQL status: SUCCESS 9 in 0.457 seconds
[0m01:36:08.509960 [debug] [MainThread]: Sending event: {'category': 'dbt', 'action': 'runnable_timing', 'label': '0fcadf07-ae3d-4e26-8b77-d7b5bcbe9bff', 'context': [<snowplow_tracker.self_describing_json.SelfDescribingJson object at 0x10cfdf2d0>]}
[0m01:36:08.514358 [debug] [Thread-1 (]: Began running node model.hmart.fct_sales
[0m01:36:08.514761 [info ] [Thread-1 (]: 1 of 1 START sql incremental model DEV.fct_sales ............................... [RUN]
[0m01:36:08.515114 [debug] [Thread-1 (]: Re-using an available connection from the pool (formerly list_HMART_DEV, now model.hmart.fct_sales)
[0m01:36:08.515345 [debug] [Thread-1 (]: Began compiling node model.hmart.fct_sales
[0m01:36:08.523337 [debug] [Thread-1 (]: Writing injected SQL for node "model.hmart.fct_sales"
[0m01:36:08.523866 [debug] [Thread-1 (]: Began executing node model.hmart.fct_sales
[0m01:36:08.547583 [debug] [Thread-1 (]: Using snowflake connection "model.hmart.fct_sales"
[0m01:36:08.547852 [debug] [Thread-1 (]: On model.hmart.fct_sales: /* {"app": "dbt", "dbt_version": "1.12.5", "profile_name": "hmart", "target_name": "dev", "node_id": "model.hmart.fct_sales"} */
create or replace  temporary view HMART.DEV.fct_sales__dbt_tmp
  
   as (
    

WITH sales AS (

    SELECT
        oi.order_item_id,
        oi.order_id,
        TO_NUMBER(TO_CHAR(o.order_ts, 'YYYYMMDD')) AS date_key,
        o.order_ts,
        c.customer_id,
        p.product_id,
        o.channel,
        o.status,
        o.coupon_code,
        pay.method AS payment_method,
        oi.quantity,
        oi.unit_price,
        oi.discount_pct,
        oi.quantity * oi.unit_price AS gross_amount,
        oi.line_total AS net_amount,
        oi.quantity * p.unit_cost AS cost_amount

    FROM HMART.DEV.src_order_items oi

    JOIN HMART.DEV.src_orders o
        ON o.order_id = oi.order_id

    JOIN HMART.DEV.src_payments pay
        ON pay.order_id = oi.order_id

    JOIN HMART.DEV.dim_customers c
        ON c.customer_id = o.customer_id

    JOIN HMART.DEV.dim_products p
        ON p.product_id = oi.product_id

    
    WHERE o.order_ts > (
        SELECT MAX(order_ts)
        FROM HMART.DEV.fct_sales
    )
    
)

SELECT
    order_item_id,
    order_id,
    date_key,
    order_ts,
    customer_id,
    product_id,
    channel,
    status,
    coupon_code,
    payment_method,
    quantity,
    unit_price,
    discount_pct,
    ROUND(gross_amount, 2) AS gross_amount,
    ROUND(gross_amount - net_amount, 2) AS discount_amount,
    ROUND(net_amount, 2) AS net_amount,
    ROUND(cost_amount, 2) AS cost_amount,
    ROUND(net_amount - cost_amount, 2) AS gross_margin,
    status IN ('delivered', 'shipped', 'processing') AS is_revenue

FROM sales
  );
[0m01:36:08.980350 [debug] [Thread-1 (]: SQL status: SUCCESS 1 in 0.432 seconds
[0m01:36:08.989459 [debug] [Thread-1 (]: Using snowflake connection "model.hmart.fct_sales"
[0m01:36:08.989789 [debug] [Thread-1 (]: On model.hmart.fct_sales: /* {"app": "dbt", "dbt_version": "1.12.5", "profile_name": "hmart", "target_name": "dev", "node_id": "model.hmart.fct_sales"} */
describe table HMART.DEV.fct_sales__dbt_tmp
[0m01:36:09.141965 [debug] [Thread-1 (]: SQL status: SUCCESS 19 in 0.152 seconds
[0m01:36:09.149988 [debug] [Thread-1 (]: Using snowflake connection "model.hmart.fct_sales"
[0m01:36:09.150452 [debug] [Thread-1 (]: On model.hmart.fct_sales: /* {"app": "dbt", "dbt_version": "1.12.5", "profile_name": "hmart", "target_name": "dev", "node_id": "model.hmart.fct_sales"} */
describe table HMART.DEV.fct_sales
[0m01:36:09.310566 [debug] [Thread-1 (]: SQL status: SUCCESS 19 in 0.159 seconds
[0m01:36:09.324140 [debug] [Thread-1 (]: Using snowflake connection "model.hmart.fct_sales"
[0m01:36:09.324715 [debug] [Thread-1 (]: On model.hmart.fct_sales: /* {"app": "dbt", "dbt_version": "1.12.5", "profile_name": "hmart", "target_name": "dev", "node_id": "model.hmart.fct_sales"} */
describe table "HMART"."DEV"."FCT_SALES"
[0m01:36:09.453199 [debug] [Thread-1 (]: SQL status: SUCCESS 19 in 0.128 seconds
[0m01:36:09.487774 [debug] [Thread-1 (]: Writing runtime sql for node "model.hmart.fct_sales"
[0m01:36:09.489220 [debug] [Thread-1 (]: Using snowflake connection "model.hmart.fct_sales"
[0m01:36:09.489456 [debug] [Thread-1 (]: On model.hmart.fct_sales: /* {"app": "dbt", "dbt_version": "1.12.5", "profile_name": "hmart", "target_name": "dev", "node_id": "model.hmart.fct_sales"} */
-- back compat for old kwarg name
  
  begin;
[0m01:36:09.651386 [debug] [Thread-1 (]: SQL status: SUCCESS 1 in 0.161 seconds
[0m01:36:09.652775 [debug] [Thread-1 (]: Using snowflake connection "model.hmart.fct_sales"
[0m01:36:09.653723 [debug] [Thread-1 (]: On model.hmart.fct_sales: /* {"app": "dbt", "dbt_version": "1.12.5", "profile_name": "hmart", "target_name": "dev", "node_id": "model.hmart.fct_sales"} */
merge into HMART.DEV.fct_sales as DBT_INTERNAL_DEST
        using HMART.DEV.fct_sales__dbt_tmp as DBT_INTERNAL_SOURCE
        on ((DBT_INTERNAL_SOURCE.order_item_id = DBT_INTERNAL_DEST.order_item_id))

    
    when matched then update set
        "ORDER_ITEM_ID" = DBT_INTERNAL_SOURCE."ORDER_ITEM_ID","ORDER_ID" = DBT_INTERNAL_SOURCE."ORDER_ID","DATE_KEY" = DBT_INTERNAL_SOURCE."DATE_KEY","ORDER_TS" = DBT_INTERNAL_SOURCE."ORDER_TS","CUSTOMER_ID" = DBT_INTERNAL_SOURCE."CUSTOMER_ID","PRODUCT_ID" = DBT_INTERNAL_SOURCE."PRODUCT_ID","CHANNEL" = DBT_INTERNAL_SOURCE."CHANNEL","STATUS" = DBT_INTERNAL_SOURCE."STATUS","COUPON_CODE" = DBT_INTERNAL_SOURCE."COUPON_CODE","PAYMENT_METHOD" = DBT_INTERNAL_SOURCE."PAYMENT_METHOD","QUANTITY" = DBT_INTERNAL_SOURCE."QUANTITY","UNIT_PRICE" = DBT_INTERNAL_SOURCE."UNIT_PRICE","DISCOUNT_PCT" = DBT_INTERNAL_SOURCE."DISCOUNT_PCT","GROSS_AMOUNT" = DBT_INTERNAL_SOURCE."GROSS_AMOUNT","DISCOUNT_AMOUNT" = DBT_INTERNAL_SOURCE."DISCOUNT_AMOUNT","NET_AMOUNT" = DBT_INTERNAL_SOURCE."NET_AMOUNT","COST_AMOUNT" = DBT_INTERNAL_SOURCE."COST_AMOUNT","GROSS_MARGIN" = DBT_INTERNAL_SOURCE."GROSS_MARGIN","IS_REVENUE" = DBT_INTERNAL_SOURCE."IS_REVENUE"
    

    when not matched then insert
        ("ORDER_ITEM_ID", "ORDER_ID", "DATE_KEY", "ORDER_TS", "CUSTOMER_ID", "PRODUCT_ID", "CHANNEL", "STATUS", "COUPON_CODE", "PAYMENT_METHOD", "QUANTITY", "UNIT_PRICE", "DISCOUNT_PCT", "GROSS_AMOUNT", "DISCOUNT_AMOUNT", "NET_AMOUNT", "COST_AMOUNT", "GROSS_MARGIN", "IS_REVENUE")
    values
        ("ORDER_ITEM_ID", "ORDER_ID", "DATE_KEY", "ORDER_TS", "CUSTOMER_ID", "PRODUCT_ID", "CHANNEL", "STATUS", "COUPON_CODE", "PAYMENT_METHOD", "QUANTITY", "UNIT_PRICE", "DISCOUNT_PCT", "GROSS_AMOUNT", "DISCOUNT_AMOUNT", "NET_AMOUNT", "COST_AMOUNT", "GROSS_MARGIN", "IS_REVENUE")

;
[0m01:36:10.864820 [debug] [Thread-1 (]: SQL status: SUCCESS 0 in 1.210 seconds
[0m01:36:10.865925 [debug] [Thread-1 (]: Using snowflake connection "model.hmart.fct_sales"
[0m01:36:10.866491 [debug] [Thread-1 (]: On model.hmart.fct_sales: /* {"app": "dbt", "dbt_version": "1.12.5", "profile_name": "hmart", "target_name": "dev", "node_id": "model.hmart.fct_sales"} */
COMMIT
[0m01:36:11.030398 [debug] [Thread-1 (]: SQL status: SUCCESS 1 in 0.163 seconds
[0m01:36:11.040159 [debug] [Thread-1 (]: Applying DROP to: HMART.DEV.fct_sales__dbt_tmp
[0m01:36:11.046306 [debug] [Thread-1 (]: Using snowflake connection "model.hmart.fct_sales"
[0m01:36:11.046646 [debug] [Thread-1 (]: On model.hmart.fct_sales: /* {"app": "dbt", "dbt_version": "1.12.5", "profile_name": "hmart", "target_name": "dev", "node_id": "model.hmart.fct_sales"} */
drop view if exists HMART.DEV.fct_sales__dbt_tmp cascade
[0m01:36:11.203378 [debug] [Thread-1 (]: SQL status: SUCCESS 1 in 0.156 seconds
[0m01:36:11.229704 [debug] [Thread-1 (]: Sending event: {'category': 'dbt', 'action': 'run_model', 'label': '0fcadf07-ae3d-4e26-8b77-d7b5bcbe9bff', 'context': [<snowplow_tracker.self_describing_json.SelfDescribingJson object at 0x1090a3e10>]}
[0m01:36:11.230317 [info ] [Thread-1 (]: 1 of 1 OK created sql incremental model DEV.fct_sales .......................... [[32mSUCCESS 0[0m in 2.71s]
[0m01:36:11.230788 [debug] [Thread-1 (]: Finished running node model.hmart.fct_sales
[0m01:36:11.231767 [debug] [MainThread]: Connection 'master' was properly closed.
[0m01:36:11.232046 [debug] [MainThread]: Connection 'model.hmart.fct_sales' was left open.
[0m01:36:11.232294 [debug] [MainThread]: On model.hmart.fct_sales: Close
[0m01:36:11.453236 [info ] [MainThread]: 
[0m01:36:11.454029 [info ] [MainThread]: Finished running 1 incremental model in 0 hours 0 minutes and 5.68 seconds (5.68s).
[0m01:36:11.454837 [debug] [MainThread]: Command end result
[0m01:36:11.490230 [debug] [MainThread]: Wrote artifact WritableManifest to /Users/tanvigharbudve/Desktop/projects/hmart_sql/hmart/target/manifest.json
[0m01:36:11.492202 [debug] [MainThread]: Wrote artifact SemanticManifest to /Users/tanvigharbudve/Desktop/projects/hmart_sql/hmart/target/semantic_manifest.json
[0m01:36:11.493864 [debug] [MainThread]: Wrote artifact OsiDocument to /Users/tanvigharbudve/Desktop/projects/hmart_sql/hmart/target/osi_document.json
[0m01:36:11.498090 [debug] [MainThread]: Wrote artifact RunExecutionResult to /Users/tanvigharbudve/Desktop/projects/hmart_sql/hmart/target/run_results.json
[0m01:36:11.498282 [info ] [MainThread]: 
[0m01:36:11.498522 [info ] [MainThread]: [32mCompleted successfully[0m
[0m01:36:11.498701 [info ] [MainThread]: 
[0m01:36:11.498897 [info ] [MainThread]: Done. PASS=1 WARN=0 ERROR=0 SKIP=0 NO-OP=0 REUSED=0 TOTAL=1
[0m01:36:11.502214 [debug] [MainThread]: Resource report: {"command_name": "run", "command_success": true, "command_wall_clock_time": 6.1856213, "process_in_blocks": "0", "process_kernel_time": 0.230741, "process_mem_max_rss": "186843136", "process_out_blocks": "0", "process_user_time": 1.301422}
[0m01:36:11.502585 [debug] [MainThread]: Command `dbt run` succeeded at 01:36:11.502535 after 6.19 seconds
[0m01:36:11.502802 [debug] [MainThread]: Sending event: {'category': 'dbt', 'action': 'invocation', 'label': 'end', 'context': [<snowplow_tracker.self_describing_json.SelfDescribingJson object at 0x10bf02ad0>, <snowplow_tracker.self_describing_json.SelfDescribingJson object at 0x10bd0f590>, <snowplow_tracker.self_describing_json.SelfDescribingJson object at 0x10bdd7090>]}
[0m01:36:11.503000 [debug] [MainThread]: Flushing usage events
[0m01:36:12.376277 [debug] [MainThread]: An error was encountered while trying to flush usage events
[0m01:40:28.936891 [debug] [MainThread]: Sending event: {'category': 'dbt', 'action': 'invocation', 'label': 'start', 'context': [<snowplow_tracker.self_describing_json.SelfDescribingJson object at 0x10e141690>, <snowplow_tracker.self_describing_json.SelfDescribingJson object at 0x10e1dd9d0>, <snowplow_tracker.self_describing_json.SelfDescribingJson object at 0x10e1df050>]}


============================== 01:40:28.938973 | 0b5d1cfd-0986-43ab-ab24-d6141b3c4067 ==============================
[0m01:40:28.938973 [info ] [MainThread]: Running with dbt=1.12.5
[0m01:40:28.939243 [debug] [MainThread]: running dbt with arguments {'profiles_dir': '/Users/tanvigharbudve/.dbt', 'maximum_seed_size_mib': '1', 'version_check': 'True', 'log_path': '/Users/tanvigharbudve/Desktop/projects/hmart_sql/hmart/logs', 'printer_width': '80', 'log_cache_events': 'False', 'write_json': 'True', 'introspect': 'True', 'hints_enabled': 'True', 'empty': 'False', 'cache_selected_only': 'False', 'indirect_selection': 'eager', 'no_print': 'None', 'warn_error': 'None', 'use_experimental_parser': 'False', 'partial_parse': 'True', 'target_path': 'None', 'invocation_command': 'dbt run --model dim_dates', 'use_colors': 'True', 'warn_error_options': 'WarnErrorOptionsV2(error=[], warn=[], silence=[])', 'fail_fast': 'False', 'debug': 'False', 'log_format': 'default', 'send_anonymous_usage_stats': 'True', 'quiet': 'False', 'static_parser': 'True'}
[0m01:40:28.939471 [warn ] [MainThread]: [[33mWARNING[0m][ModelParamUsageDeprecation]: Deprecated functionality
Usage of `--models`, `--model`, and `-m` is deprecated in favor of `--select` or
`-s`.
[0m01:40:28.939646 [debug] [MainThread]: Sending event: {'category': 'dbt', 'action': 'deprecation', 'label': '0b5d1cfd-0986-43ab-ab24-d6141b3c4067', 'property_': 'warn', 'context': [<snowplow_tracker.self_describing_json.SelfDescribingJson object at 0x10dff3350>]}
[0m01:40:29.115836 [debug] [MainThread]: Sending event: {'category': 'dbt', 'action': 'project_id', 'label': '0b5d1cfd-0986-43ab-ab24-d6141b3c4067', 'context': [<snowplow_tracker.self_describing_json.SelfDescribingJson object at 0x10ef1a990>]}
[0m01:40:29.140117 [debug] [MainThread]: Sending event: {'category': 'dbt', 'action': 'adapter_info', 'label': '0b5d1cfd-0986-43ab-ab24-d6141b3c4067', 'context': [<snowplow_tracker.self_describing_json.SelfDescribingJson object at 0x10cecfe90>]}
[0m01:40:29.140525 [info ] [MainThread]: Registered adapter: snowflake=1.9.0
[0m01:40:29.193543 [debug] [MainThread]: checksum: 45a02549dde2b41a1199d675c935f59a553ec318be0f791f50a7baabda8f1355, vars: {}, profile: hmart, target: dev, version: 1.12.5
[0m01:40:29.236974 [debug] [MainThread]: Partial parsing enabled: 0 files deleted, 0 files added, 0 files changed.
[0m01:40:29.237172 [debug] [MainThread]: Nothing changed, skipping partial parsing.
[0m01:40:29.237285 [debug] [MainThread]: Partial parsing enabled, no changes found, skipping parsing
[0m01:40:29.239875 [warn ] [MainThread]: [[33mWARNING[0m]: Configuration paths exist in your dbt_project.yml file which do not apply to any resources.
There are 1 unused configuration paths:
- models.hmart.models
[0m01:40:29.241644 [debug] [MainThread]: Sending event: {'category': 'dbt', 'action': 'load_project', 'label': '0b5d1cfd-0986-43ab-ab24-d6141b3c4067', 'context': [<snowplow_tracker.self_describing_json.SelfDescribingJson object at 0x10f020fd0>]}
[0m01:40:29.282247 [debug] [MainThread]: Wrote artifact WritableManifest to /Users/tanvigharbudve/Desktop/projects/hmart_sql/hmart/target/manifest.json
[0m01:40:29.283644 [debug] [MainThread]: Wrote artifact SemanticManifest to /Users/tanvigharbudve/Desktop/projects/hmart_sql/hmart/target/semantic_manifest.json
[0m01:40:29.289458 [debug] [MainThread]: Wrote artifact OsiDocument to /Users/tanvigharbudve/Desktop/projects/hmart_sql/hmart/target/osi_document.json
[0m01:40:29.292637 [debug] [MainThread]: Sending event: {'category': 'dbt', 'action': 'resource_counts', 'label': '0b5d1cfd-0986-43ab-ab24-d6141b3c4067', 'context': [<snowplow_tracker.self_describing_json.SelfDescribingJson object at 0x10f2ced50>]}
[0m01:40:29.292837 [info ] [MainThread]: Found 10 models, 514 macros
[0m01:40:29.292983 [debug] [MainThread]: Sending event: {'category': 'dbt', 'action': 'runnable_timing', 'label': '0b5d1cfd-0986-43ab-ab24-d6141b3c4067', 'context': [<snowplow_tracker.self_describing_json.SelfDescribingJson object at 0x10f297e50>]}
[0m01:40:29.293596 [info ] [MainThread]: 
[0m01:40:29.293743 [info ] [MainThread]: Concurrency: 1 threads (target='dev')
[0m01:40:29.293861 [info ] [MainThread]: 
[0m01:40:29.294083 [debug] [MainThread]: Acquiring new snowflake connection 'master'
[0m01:40:29.296179 [debug] [ThreadPool]: Acquiring new snowflake connection 'list_HMART_DEV'
[0m01:40:29.322877 [debug] [ThreadPool]: Using snowflake connection "list_HMART_DEV"
[0m01:40:29.323102 [debug] [ThreadPool]: On list_HMART_DEV: /* {"app": "dbt", "dbt_version": "1.12.5", "profile_name": "hmart", "target_name": "dev", "connection_name": "list_HMART_DEV"} */
show objects in HMART.DEV limit 10000;
[0m01:40:29.323302 [debug] [ThreadPool]: Opening a new connection, currently in state init
[0m01:40:30.383183 [debug] [ThreadPool]: SQL status: SUCCESS 9 in 1.060 seconds
[0m01:40:30.386438 [debug] [MainThread]: Sending event: {'category': 'dbt', 'action': 'runnable_timing', 'label': '0b5d1cfd-0986-43ab-ab24-d6141b3c4067', 'context': [<snowplow_tracker.self_describing_json.SelfDescribingJson object at 0x10f297e50>]}
[0m01:40:30.388666 [debug] [Thread-1 (]: Began running node model.hmart.dim_dates
[0m01:40:30.389068 [debug] [Thread-1 (]: Re-using an available connection from the pool (formerly list_HMART_DEV, now model.hmart.dim_dates)
[0m01:40:30.389351 [debug] [Thread-1 (]: Began compiling node model.hmart.dim_dates
[0m01:40:30.393930 [debug] [Thread-1 (]: Writing injected SQL for node "model.hmart.dim_dates"
[0m01:40:30.395616 [debug] [Thread-1 (]: Finished running node model.hmart.dim_dates
[0m01:40:30.396349 [debug] [MainThread]: Connection 'master' was properly closed.
[0m01:40:30.396558 [debug] [MainThread]: Connection 'model.hmart.dim_dates' was left open.
[0m01:40:30.396753 [debug] [MainThread]: On model.hmart.dim_dates: Close
[0m01:40:30.666285 [info ] [MainThread]: 
[0m01:40:30.667066 [info ] [MainThread]: Finished running  in 0 hours 0 minutes and 1.37 seconds (1.37s).
[0m01:40:30.667733 [debug] [MainThread]: Command end result
[0m01:40:30.703907 [debug] [MainThread]: Wrote artifact WritableManifest to /Users/tanvigharbudve/Desktop/projects/hmart_sql/hmart/target/manifest.json
[0m01:40:30.706065 [debug] [MainThread]: Wrote artifact SemanticManifest to /Users/tanvigharbudve/Desktop/projects/hmart_sql/hmart/target/semantic_manifest.json
[0m01:40:30.707819 [debug] [MainThread]: Wrote artifact OsiDocument to /Users/tanvigharbudve/Desktop/projects/hmart_sql/hmart/target/osi_document.json
[0m01:40:30.710203 [debug] [MainThread]: Wrote artifact RunExecutionResult to /Users/tanvigharbudve/Desktop/projects/hmart_sql/hmart/target/run_results.json
[0m01:40:30.710535 [warn ] [MainThread]: [[33mWARNING[0m][DeprecationsSummary]: Deprecated functionality
Summary of encountered deprecations:
- ModelParamUsageDeprecation: 1 occurrence
To see all deprecation instances instead of just the first occurrence of each,
run command again with the `--show-all-deprecations` flag. You may also need to
run with `--no-partial-parse` as some deprecations are only encountered during
parsing.
[0m01:40:30.712532 [debug] [MainThread]: Resource report: {"command_name": "run", "command_success": true, "command_wall_clock_time": 1.8137084, "process_in_blocks": "0", "process_kernel_time": 0.205555, "process_mem_max_rss": "184893440", "process_out_blocks": "0", "process_user_time": 1.122541}
[0m01:40:30.712862 [debug] [MainThread]: Command `dbt run` succeeded at 01:40:30.712809 after 1.81 seconds
[0m01:40:30.713070 [debug] [MainThread]: Sending event: {'category': 'dbt', 'action': 'invocation', 'label': 'end', 'context': [<snowplow_tracker.self_describing_json.SelfDescribingJson object at 0x10dff3350>, <snowplow_tracker.self_describing_json.SelfDescribingJson object at 0x10e1779d0>, <snowplow_tracker.self_describing_json.SelfDescribingJson object at 0x10e0b3050>]}
[0m01:40:30.713275 [debug] [MainThread]: Flushing usage events
[0m01:40:31.570925 [debug] [MainThread]: An error was encountered while trying to flush usage events
[0m01:40:42.345999 [debug] [MainThread]: Sending event: {'category': 'dbt', 'action': 'invocation', 'label': 'start', 'context': [<snowplow_tracker.self_describing_json.SelfDescribingJson object at 0x10b919fd0>, <snowplow_tracker.self_describing_json.SelfDescribingJson object at 0x10ba1a250>, <snowplow_tracker.self_describing_json.SelfDescribingJson object at 0x10ba196d0>]}


============================== 01:40:42.348126 | 2cdec6b4-a53b-460c-bd95-1ed97cee8586 ==============================
[0m01:40:42.348126 [info ] [MainThread]: Running with dbt=1.12.5
[0m01:40:42.348399 [debug] [MainThread]: running dbt with arguments {'hints_enabled': 'True', 'log_path': '/Users/tanvigharbudve/Desktop/projects/hmart_sql/hmart/logs', 'maximum_seed_size_mib': '1', 'use_experimental_parser': 'False', 'partial_parse': 'True', 'indirect_selection': 'eager', 'warn_error': 'None', 'static_parser': 'True', 'quiet': 'False', 'profiles_dir': '/Users/tanvigharbudve/.dbt', 'empty': 'False', 'printer_width': '80', 'target_path': 'None', 'write_json': 'True', 'send_anonymous_usage_stats': 'True', 'cache_selected_only': 'False', 'invocation_command': 'dbt run -s dim_dates.sql', 'use_colors': 'True', 'fail_fast': 'False', 'no_print': 'None', 'log_cache_events': 'False', 'version_check': 'True', 'warn_error_options': 'WarnErrorOptionsV2(error=[], warn=[], silence=[])', 'log_format': 'default', 'debug': 'False', 'introspect': 'True'}
[0m01:40:42.523456 [debug] [MainThread]: Sending event: {'category': 'dbt', 'action': 'project_id', 'label': '2cdec6b4-a53b-460c-bd95-1ed97cee8586', 'context': [<snowplow_tracker.self_describing_json.SelfDescribingJson object at 0x10b74fc50>]}
[0m01:40:42.547618 [debug] [MainThread]: Sending event: {'category': 'dbt', 'action': 'adapter_info', 'label': '2cdec6b4-a53b-460c-bd95-1ed97cee8586', 'context': [<snowplow_tracker.self_describing_json.SelfDescribingJson object at 0x10a70bcd0>]}
[0m01:40:42.548016 [info ] [MainThread]: Registered adapter: snowflake=1.9.0
[0m01:40:42.601386 [debug] [MainThread]: checksum: 45a02549dde2b41a1199d675c935f59a553ec318be0f791f50a7baabda8f1355, vars: {}, profile: hmart, target: dev, version: 1.12.5
[0m01:40:42.645061 [debug] [MainThread]: Partial parsing enabled: 0 files deleted, 0 files added, 0 files changed.
[0m01:40:42.645289 [debug] [MainThread]: Nothing changed, skipping partial parsing.
[0m01:40:42.645413 [debug] [MainThread]: Partial parsing enabled, no changes found, skipping parsing
[0m01:40:42.648209 [warn ] [MainThread]: [[33mWARNING[0m]: Configuration paths exist in your dbt_project.yml file which do not apply to any resources.
There are 1 unused configuration paths:
- models.hmart.models
[0m01:40:42.650078 [debug] [MainThread]: Sending event: {'category': 'dbt', 'action': 'load_project', 'label': '2cdec6b4-a53b-460c-bd95-1ed97cee8586', 'context': [<snowplow_tracker.self_describing_json.SelfDescribingJson object at 0x10cd6e310>]}
[0m01:40:42.691321 [debug] [MainThread]: Wrote artifact WritableManifest to /Users/tanvigharbudve/Desktop/projects/hmart_sql/hmart/target/manifest.json
[0m01:40:42.692764 [debug] [MainThread]: Wrote artifact SemanticManifest to /Users/tanvigharbudve/Desktop/projects/hmart_sql/hmart/target/semantic_manifest.json
[0m01:40:42.698769 [debug] [MainThread]: Wrote artifact OsiDocument to /Users/tanvigharbudve/Desktop/projects/hmart_sql/hmart/target/osi_document.json
[0m01:40:42.702185 [debug] [MainThread]: Sending event: {'category': 'dbt', 'action': 'resource_counts', 'label': '2cdec6b4-a53b-460c-bd95-1ed97cee8586', 'context': [<snowplow_tracker.self_describing_json.SelfDescribingJson object at 0x10cc31710>]}
[0m01:40:42.702398 [info ] [MainThread]: Found 10 models, 514 macros
[0m01:40:42.702543 [debug] [MainThread]: Sending event: {'category': 'dbt', 'action': 'runnable_timing', 'label': '2cdec6b4-a53b-460c-bd95-1ed97cee8586', 'context': [<snowplow_tracker.self_describing_json.SelfDescribingJson object at 0x10cbe07d0>]}
[0m01:40:42.703229 [info ] [MainThread]: 
[0m01:40:42.703377 [info ] [MainThread]: Concurrency: 1 threads (target='dev')
[0m01:40:42.703493 [info ] [MainThread]: 
[0m01:40:42.703717 [debug] [MainThread]: Acquiring new snowflake connection 'master'
[0m01:40:42.705865 [debug] [ThreadPool]: Acquiring new snowflake connection 'list_HMART_DEV'
[0m01:40:42.732070 [debug] [ThreadPool]: Using snowflake connection "list_HMART_DEV"
[0m01:40:42.732272 [debug] [ThreadPool]: On list_HMART_DEV: /* {"app": "dbt", "dbt_version": "1.12.5", "profile_name": "hmart", "target_name": "dev", "connection_name": "list_HMART_DEV"} */
show objects in HMART.DEV limit 10000;
[0m01:40:42.732397 [debug] [ThreadPool]: Opening a new connection, currently in state init
[0m01:40:44.398265 [debug] [ThreadPool]: SQL status: SUCCESS 9 in 1.666 seconds
[0m01:40:44.403372 [debug] [MainThread]: Sending event: {'category': 'dbt', 'action': 'runnable_timing', 'label': '2cdec6b4-a53b-460c-bd95-1ed97cee8586', 'context': [<snowplow_tracker.self_describing_json.SelfDescribingJson object at 0x10cbfbed0>]}
[0m01:40:44.406855 [debug] [Thread-1 (]: Began running node model.hmart.dim_dates
[0m01:40:44.407331 [debug] [Thread-1 (]: Re-using an available connection from the pool (formerly list_HMART_DEV, now model.hmart.dim_dates)
[0m01:40:44.407644 [debug] [Thread-1 (]: Began compiling node model.hmart.dim_dates
[0m01:40:44.412352 [debug] [Thread-1 (]: Writing injected SQL for node "model.hmart.dim_dates"
[0m01:40:44.413268 [debug] [Thread-1 (]: Finished running node model.hmart.dim_dates
[0m01:40:44.414064 [debug] [MainThread]: Connection 'master' was properly closed.
[0m01:40:44.414287 [debug] [MainThread]: Connection 'model.hmart.dim_dates' was left open.
[0m01:40:44.414488 [debug] [MainThread]: On model.hmart.dim_dates: Close
[0m01:40:44.664071 [info ] [MainThread]: 
[0m01:40:44.664489 [info ] [MainThread]: Finished running  in 0 hours 0 minutes and 1.96 seconds (1.96s).
[0m01:40:44.664870 [debug] [MainThread]: Command end result
[0m01:40:44.687810 [debug] [MainThread]: Wrote artifact WritableManifest to /Users/tanvigharbudve/Desktop/projects/hmart_sql/hmart/target/manifest.json
[0m01:40:44.690341 [debug] [MainThread]: Wrote artifact SemanticManifest to /Users/tanvigharbudve/Desktop/projects/hmart_sql/hmart/target/semantic_manifest.json
[0m01:40:44.691776 [debug] [MainThread]: Wrote artifact OsiDocument to /Users/tanvigharbudve/Desktop/projects/hmart_sql/hmart/target/osi_document.json
[0m01:40:44.693690 [debug] [MainThread]: Wrote artifact RunExecutionResult to /Users/tanvigharbudve/Desktop/projects/hmart_sql/hmart/target/run_results.json
[0m01:40:44.695335 [debug] [MainThread]: Resource report: {"command_name": "run", "command_success": true, "command_wall_clock_time": 2.386136, "process_in_blocks": "0", "process_kernel_time": 0.207063, "process_mem_max_rss": "185319424", "process_out_blocks": "0", "process_user_time": 1.084124}
[0m01:40:44.695623 [debug] [MainThread]: Command `dbt run` succeeded at 01:40:44.695579 after 2.39 seconds
[0m01:40:44.695810 [debug] [MainThread]: Sending event: {'category': 'dbt', 'action': 'invocation', 'label': 'end', 'context': [<snowplow_tracker.self_describing_json.SelfDescribingJson object at 0x10b9f9850>, <snowplow_tracker.self_describing_json.SelfDescribingJson object at 0x1135408d0>, <snowplow_tracker.self_describing_json.SelfDescribingJson object at 0x10b8ef010>]}
[0m01:40:44.695996 [debug] [MainThread]: Flushing usage events
[0m01:40:45.523728 [debug] [MainThread]: An error was encountered while trying to flush usage events
[0m01:47:42.324499 [debug] [MainThread]: Sending event: {'category': 'dbt', 'action': 'invocation', 'label': 'start', 'context': [<snowplow_tracker.self_describing_json.SelfDescribingJson object at 0x10b82f5d0>, <snowplow_tracker.self_describing_json.SelfDescribingJson object at 0x10b743310>, <snowplow_tracker.self_describing_json.SelfDescribingJson object at 0x10b936e90>]}


============================== 01:47:42.326821 | dd430a7b-0067-4790-9062-085388182cf7 ==============================
[0m01:47:42.326821 [info ] [MainThread]: Running with dbt=1.12.5
[0m01:47:42.327087 [debug] [MainThread]: running dbt with arguments {'maximum_seed_size_mib': '1', 'target_path': 'None', 'indirect_selection': 'eager', 'invocation_command': 'dbt run -s mart_monthly_revenue.sql', 'warn_error_options': 'WarnErrorOptionsV2(error=[], warn=[], silence=[])', 'empty': 'False', 'printer_width': '80', 'profiles_dir': '/Users/tanvigharbudve/.dbt', 'warn_error': 'None', 'use_colors': 'True', 'hints_enabled': 'True', 'log_format': 'default', 'log_path': '/Users/tanvigharbudve/Desktop/projects/hmart_sql/hmart/logs', 'introspect': 'True', 'quiet': 'False', 'log_cache_events': 'False', 'partial_parse': 'True', 'cache_selected_only': 'False', 'no_print': 'None', 'fail_fast': 'False', 'debug': 'False', 'version_check': 'True', 'static_parser': 'True', 'use_experimental_parser': 'False', 'write_json': 'True', 'send_anonymous_usage_stats': 'True'}
[0m01:47:42.502812 [debug] [MainThread]: Sending event: {'category': 'dbt', 'action': 'project_id', 'label': 'dd430a7b-0067-4790-9062-085388182cf7', 'context': [<snowplow_tracker.self_describing_json.SelfDescribingJson object at 0x10b66f290>]}
[0m01:47:42.527335 [debug] [MainThread]: Sending event: {'category': 'dbt', 'action': 'adapter_info', 'label': 'dd430a7b-0067-4790-9062-085388182cf7', 'context': [<snowplow_tracker.self_describing_json.SelfDescribingJson object at 0x10a623dd0>]}
[0m01:47:42.527811 [info ] [MainThread]: Registered adapter: snowflake=1.9.0
[0m01:47:42.582184 [debug] [MainThread]: checksum: 45a02549dde2b41a1199d675c935f59a553ec318be0f791f50a7baabda8f1355, vars: {}, profile: hmart, target: dev, version: 1.12.5
[0m01:47:42.625183 [debug] [MainThread]: Partial parsing enabled: 0 files deleted, 0 files added, 1 files changed.
[0m01:47:42.625471 [debug] [MainThread]: Partial parsing: updated file: hmart://models/marts/mart_monthly_revenue.sql
[0m01:47:42.712992 [error] [MainThread]: [[31mERROR[0m]: Encountered an error:
Compilation Error
  Model 'model.hmart.mart_monthly_revenue' (models/marts/mart_monthly_revenue.sql) depends on a node named 'fact_orders' which was not found
[0m01:47:42.714633 [debug] [MainThread]: Resource report: {"command_name": "run", "command_success": false, "command_wall_clock_time": 0.42827645, "process_in_blocks": "0", "process_kernel_time": 0.155935, "process_mem_max_rss": "158285824", "process_out_blocks": "0", "process_user_time": 0.939889}
[0m01:47:42.714935 [debug] [MainThread]: Command `dbt run` failed at 01:47:42.714894 after 0.43 seconds
[0m01:47:42.715111 [debug] [MainThread]: Sending event: {'category': 'dbt', 'action': 'invocation', 'label': 'end', 'context': [<snowplow_tracker.self_describing_json.SelfDescribingJson object at 0x10b826090>, <snowplow_tracker.self_describing_json.SelfDescribingJson object at 0x10b74b350>, <snowplow_tracker.self_describing_json.SelfDescribingJson object at 0x10ce3fdd0>]}
[0m01:47:42.715265 [debug] [MainThread]: Flushing usage events
[0m01:47:43.570999 [debug] [MainThread]: An error was encountered while trying to flush usage events
[0m01:48:04.414965 [debug] [MainThread]: Sending event: {'category': 'dbt', 'action': 'invocation', 'label': 'start', 'context': [<snowplow_tracker.self_describing_json.SelfDescribingJson object at 0x10996a250>, <snowplow_tracker.self_describing_json.SelfDescribingJson object at 0x109a682d0>, <snowplow_tracker.self_describing_json.SelfDescribingJson object at 0x109a6afd0>]}


============================== 01:48:04.417131 | 9df604b8-b333-4f53-892d-14f2ed2486a3 ==============================
[0m01:48:04.417131 [info ] [MainThread]: Running with dbt=1.12.5
[0m01:48:04.417398 [debug] [MainThread]: running dbt with arguments {'warn_error': 'None', 'write_json': 'True', 'debug': 'False', 'warn_error_options': 'WarnErrorOptionsV2(error=[], warn=[], silence=[])', 'no_print': 'None', 'empty': 'False', 'static_parser': 'True', 'version_check': 'True', 'indirect_selection': 'eager', 'profiles_dir': '/Users/tanvigharbudve/.dbt', 'fail_fast': 'False', 'use_experimental_parser': 'False', 'invocation_command': 'dbt run -s mart_monthly_revenue.sql', 'printer_width': '80', 'maximum_seed_size_mib': '1', 'send_anonymous_usage_stats': 'True', 'log_cache_events': 'False', 'hints_enabled': 'True', 'target_path': 'None', 'log_format': 'default', 'partial_parse': 'True', 'quiet': 'False', 'log_path': '/Users/tanvigharbudve/Desktop/projects/hmart_sql/hmart/logs', 'use_colors': 'True', 'introspect': 'True', 'cache_selected_only': 'False'}
[0m01:48:04.595385 [debug] [MainThread]: Sending event: {'category': 'dbt', 'action': 'project_id', 'label': '9df604b8-b333-4f53-892d-14f2ed2486a3', 'context': [<snowplow_tracker.self_describing_json.SelfDescribingJson object at 0x108fb9c50>]}
[0m01:48:04.620291 [debug] [MainThread]: Sending event: {'category': 'dbt', 'action': 'adapter_info', 'label': '9df604b8-b333-4f53-892d-14f2ed2486a3', 'context': [<snowplow_tracker.self_describing_json.SelfDescribingJson object at 0x108753c90>]}
[0m01:48:04.620767 [info ] [MainThread]: Registered adapter: snowflake=1.9.0
[0m01:48:04.674270 [debug] [MainThread]: checksum: 45a02549dde2b41a1199d675c935f59a553ec318be0f791f50a7baabda8f1355, vars: {}, profile: hmart, target: dev, version: 1.12.5
[0m01:48:04.719136 [debug] [MainThread]: Partial parsing enabled: 0 files deleted, 0 files added, 0 files changed.
[0m01:48:04.719348 [debug] [MainThread]: Nothing changed, skipping partial parsing.
[0m01:48:04.719463 [debug] [MainThread]: Partial parsing enabled, no changes found, skipping parsing
[0m01:48:04.722106 [warn ] [MainThread]: [[33mWARNING[0m]: Configuration paths exist in your dbt_project.yml file which do not apply to any resources.
There are 1 unused configuration paths:
- models.hmart.models
[0m01:48:04.723937 [debug] [MainThread]: Sending event: {'category': 'dbt', 'action': 'load_project', 'label': '9df604b8-b333-4f53-892d-14f2ed2486a3', 'context': [<snowplow_tracker.self_describing_json.SelfDescribingJson object at 0x10ac9d8d0>]}
[0m01:48:04.765156 [debug] [MainThread]: Wrote artifact WritableManifest to /Users/tanvigharbudve/Desktop/projects/hmart_sql/hmart/target/manifest.json
[0m01:48:04.766679 [debug] [MainThread]: Wrote artifact SemanticManifest to /Users/tanvigharbudve/Desktop/projects/hmart_sql/hmart/target/semantic_manifest.json
[0m01:48:04.772742 [debug] [MainThread]: Wrote artifact OsiDocument to /Users/tanvigharbudve/Desktop/projects/hmart_sql/hmart/target/osi_document.json
[0m01:48:04.776072 [debug] [MainThread]: Sending event: {'category': 'dbt', 'action': 'resource_counts', 'label': '9df604b8-b333-4f53-892d-14f2ed2486a3', 'context': [<snowplow_tracker.self_describing_json.SelfDescribingJson object at 0x10ab55c90>]}
[0m01:48:04.776281 [info ] [MainThread]: Found 11 models, 514 macros
[0m01:48:04.776430 [debug] [MainThread]: Sending event: {'category': 'dbt', 'action': 'runnable_timing', 'label': '9df604b8-b333-4f53-892d-14f2ed2486a3', 'context': [<snowplow_tracker.self_describing_json.SelfDescribingJson object at 0x10ab27c10>]}
[0m01:48:04.777149 [info ] [MainThread]: 
[0m01:48:04.777299 [info ] [MainThread]: Concurrency: 1 threads (target='dev')
[0m01:48:04.777414 [info ] [MainThread]: 
[0m01:48:04.777650 [debug] [MainThread]: Acquiring new snowflake connection 'master'
[0m01:48:04.777996 [debug] [ThreadPool]: Acquiring new snowflake connection 'list_HMART'
[0m01:48:04.803063 [debug] [ThreadPool]: Using snowflake connection "list_HMART"
[0m01:48:04.803246 [debug] [ThreadPool]: On list_HMART: /* {"app": "dbt", "dbt_version": "1.12.5", "profile_name": "hmart", "target_name": "dev", "connection_name": "list_HMART"} */
show terse schemas in database HMART
    limit 10000
[0m01:48:04.803368 [debug] [ThreadPool]: Opening a new connection, currently in state init
[0m01:48:05.799767 [debug] [ThreadPool]: SQL status: SUCCESS 4 in 0.996 seconds
[0m01:48:05.809476 [debug] [ThreadPool]: Re-using an available connection from the pool (formerly list_HMART, now list_HMART_DEV)
[0m01:48:05.822660 [debug] [ThreadPool]: Using snowflake connection "list_HMART_DEV"
[0m01:48:05.823113 [debug] [ThreadPool]: On list_HMART_DEV: /* {"app": "dbt", "dbt_version": "1.12.5", "profile_name": "hmart", "target_name": "dev", "connection_name": "list_HMART_DEV"} */
show objects in HMART.DEV limit 10000;
[0m01:48:06.011980 [debug] [ThreadPool]: SQL status: SUCCESS 9 in 0.189 seconds
[0m01:48:06.015857 [debug] [MainThread]: Sending event: {'category': 'dbt', 'action': 'runnable_timing', 'label': '9df604b8-b333-4f53-892d-14f2ed2486a3', 'context': [<snowplow_tracker.self_describing_json.SelfDescribingJson object at 0x10bca1f90>]}
[0m01:48:06.018440 [debug] [Thread-1 (]: Began running node model.hmart.mart_monthly_revenue
[0m01:48:06.018988 [info ] [Thread-1 (]: 1 of 1 START sql view model DEV.mart_monthly_revenue ........................... [RUN]
[0m01:48:06.019473 [debug] [Thread-1 (]: Re-using an available connection from the pool (formerly list_HMART_DEV, now model.hmart.mart_monthly_revenue)
[0m01:48:06.019816 [debug] [Thread-1 (]: Began compiling node model.hmart.mart_monthly_revenue
[0m01:48:06.024992 [debug] [Thread-1 (]: Writing injected SQL for node "model.hmart.mart_monthly_revenue"
[0m01:48:06.025826 [debug] [Thread-1 (]: Began executing node model.hmart.mart_monthly_revenue
[0m01:48:06.043417 [debug] [Thread-1 (]: Writing runtime sql for node "model.hmart.mart_monthly_revenue"
[0m01:48:06.044367 [debug] [Thread-1 (]: Using snowflake connection "model.hmart.mart_monthly_revenue"
[0m01:48:06.044583 [debug] [Thread-1 (]: On model.hmart.mart_monthly_revenue: /* {"app": "dbt", "dbt_version": "1.12.5", "profile_name": "hmart", "target_name": "dev", "node_id": "model.hmart.mart_monthly_revenue"} */
create or replace   view HMART.DEV.mart_monthly_revenue
  
   as (
    SELECT
    DATE_TRUNC('month', order_ts)::DATE AS month_start,
    COUNT(*) AS orders,
    COUNT(DISTINCT customer_id) AS active_customers,
    SUM(units) AS units,
    ROUND(SUM(net_amount), 2) AS net_revenue,
    ROUND(SUM(gross_margin), 2) AS gross_margin,
    ROUND(SUM(discount_amount), 2) AS discounts,
    ROUND(SUM(net_amount) / COUNT(*), 2) AS avg_order_value,
    ROUND(100 * SUM(gross_margin) / NULLIF(SUM(net_amount), 0), 2) AS margin_pct

FROM HMART.DEV.fct_orders

WHERE is_revenue

GROUP BY 1
ORDER BY 1
  );
[0m01:48:06.342814 [debug] [Thread-1 (]: SQL status: SUCCESS 1 in 0.298 seconds
[0m01:48:06.371243 [debug] [Thread-1 (]: Sending event: {'category': 'dbt', 'action': 'run_model', 'label': '9df604b8-b333-4f53-892d-14f2ed2486a3', 'context': [<snowplow_tracker.self_describing_json.SelfDescribingJson object at 0x106c07150>]}
[0m01:48:06.371955 [info ] [Thread-1 (]: 1 of 1 OK created sql view model DEV.mart_monthly_revenue ...................... [[32mSUCCESS 1[0m in 0.35s]
[0m01:48:06.372411 [debug] [Thread-1 (]: Finished running node model.hmart.mart_monthly_revenue
[0m01:48:06.373370 [debug] [MainThread]: Connection 'master' was properly closed.
[0m01:48:06.373638 [debug] [MainThread]: Connection 'model.hmart.mart_monthly_revenue' was left open.
[0m01:48:06.373878 [debug] [MainThread]: On model.hmart.mart_monthly_revenue: Close
[0m01:48:06.598396 [info ] [MainThread]: 
[0m01:48:06.599413 [info ] [MainThread]: Finished running 1 view model in 0 hours 0 minutes and 1.82 seconds (1.82s).
[0m01:48:06.600424 [debug] [MainThread]: Command end result
[0m01:48:06.636876 [debug] [MainThread]: Wrote artifact WritableManifest to /Users/tanvigharbudve/Desktop/projects/hmart_sql/hmart/target/manifest.json
[0m01:48:06.638812 [debug] [MainThread]: Wrote artifact SemanticManifest to /Users/tanvigharbudve/Desktop/projects/hmart_sql/hmart/target/semantic_manifest.json
[0m01:48:06.640382 [debug] [MainThread]: Wrote artifact OsiDocument to /Users/tanvigharbudve/Desktop/projects/hmart_sql/hmart/target/osi_document.json
[0m01:48:06.644718 [debug] [MainThread]: Wrote artifact RunExecutionResult to /Users/tanvigharbudve/Desktop/projects/hmart_sql/hmart/target/run_results.json
[0m01:48:06.644930 [info ] [MainThread]: 
[0m01:48:06.645181 [info ] [MainThread]: [32mCompleted successfully[0m
[0m01:48:06.645361 [info ] [MainThread]: 
[0m01:48:06.645554 [info ] [MainThread]: Done. PASS=1 WARN=0 ERROR=0 SKIP=0 NO-OP=0 REUSED=0 TOTAL=1
[0m01:48:06.647354 [debug] [MainThread]: Resource report: {"command_name": "run", "command_success": true, "command_wall_clock_time": 2.2695227, "process_in_blocks": "0", "process_kernel_time": 0.220395, "process_mem_max_rss": "185778176", "process_out_blocks": "0", "process_user_time": 1.19172}
[0m01:48:06.647675 [debug] [MainThread]: Command `dbt run` succeeded at 01:48:06.647630 after 2.27 seconds
[0m01:48:06.647887 [debug] [MainThread]: Sending event: {'category': 'dbt', 'action': 'invocation', 'label': 'end', 'context': [<snowplow_tracker.self_describing_json.SelfDescribingJson object at 0x109a49710>, <snowplow_tracker.self_describing_json.SelfDescribingJson object at 0x10993eed0>, <snowplow_tracker.self_describing_json.SelfDescribingJson object at 0x10989a590>]}
[0m01:48:06.648077 [debug] [MainThread]: Flushing usage events
[0m01:48:07.509307 [debug] [MainThread]: An error was encountered while trying to flush usage events
[0m01:48:48.261305 [debug] [MainThread]: Sending event: {'category': 'dbt', 'action': 'invocation', 'label': 'start', 'context': [<snowplow_tracker.self_describing_json.SelfDescribingJson object at 0x10971a390>, <snowplow_tracker.self_describing_json.SelfDescribingJson object at 0x1098e9f10>, <snowplow_tracker.self_describing_json.SelfDescribingJson object at 0x1098ead90>]}


============================== 01:48:48.263607 | d6a77d0c-df07-4190-af04-13794181decf ==============================
[0m01:48:48.263607 [info ] [MainThread]: Running with dbt=1.12.5
[0m01:48:48.263872 [debug] [MainThread]: running dbt with arguments {'version_check': 'True', 'no_print': 'None', 'maximum_seed_size_mib': '1', 'empty': 'False', 'use_experimental_parser': 'False', 'quiet': 'False', 'log_path': '/Users/tanvigharbudve/Desktop/projects/hmart_sql/hmart/logs', 'log_format': 'default', 'static_parser': 'True', 'warn_error': 'None', 'write_json': 'True', 'log_cache_events': 'False', 'printer_width': '80', 'profiles_dir': '/Users/tanvigharbudve/.dbt', 'introspect': 'True', 'use_colors': 'True', 'target_path': 'None', 'invocation_command': 'dbt run -s mart_revenue_breakdown.sql', 'warn_error_options': 'WarnErrorOptionsV2(error=[], warn=[], silence=[])', 'send_anonymous_usage_stats': 'True', 'indirect_selection': 'eager', 'cache_selected_only': 'False', 'hints_enabled': 'True', 'partial_parse': 'True', 'debug': 'False', 'fail_fast': 'False'}
[0m01:48:48.446297 [debug] [MainThread]: Sending event: {'category': 'dbt', 'action': 'project_id', 'label': 'd6a77d0c-df07-4190-af04-13794181decf', 'context': [<snowplow_tracker.self_describing_json.SelfDescribingJson object at 0x1097db8d0>]}
[0m01:48:48.472174 [debug] [MainThread]: Sending event: {'category': 'dbt', 'action': 'adapter_info', 'label': 'd6a77d0c-df07-4190-af04-13794181decf', 'context': [<snowplow_tracker.self_describing_json.SelfDescribingJson object at 0x1085d7c10>]}
[0m01:48:48.472705 [info ] [MainThread]: Registered adapter: snowflake=1.9.0
[0m01:48:48.528523 [debug] [MainThread]: checksum: 45a02549dde2b41a1199d675c935f59a553ec318be0f791f50a7baabda8f1355, vars: {}, profile: hmart, target: dev, version: 1.12.5
[0m01:48:48.572828 [debug] [MainThread]: Partial parsing enabled: 0 files deleted, 1 files added, 0 files changed.
[0m01:48:48.573108 [debug] [MainThread]: Partial parsing: added file: hmart://models/marts/mart_revenue_breakdown.sql
[0m01:48:48.662840 [error] [MainThread]: [[31mERROR[0m]: Encountered an error:
Compilation Error
  Model 'model.hmart.mart_revenue_breakdown' (models/marts/mart_revenue_breakdown.sql) depends on a node named 'fact_sales' which was not found
[0m01:48:48.664484 [debug] [MainThread]: Resource report: {"command_name": "run", "command_success": false, "command_wall_clock_time": 0.44243178, "process_in_blocks": "0", "process_kernel_time": 0.155722, "process_mem_max_rss": "158793728", "process_out_blocks": "0", "process_user_time": 0.935247}
[0m01:48:48.664797 [debug] [MainThread]: Command `dbt run` failed at 01:48:48.664754 after 0.44 seconds
[0m01:48:48.664976 [debug] [MainThread]: Sending event: {'category': 'dbt', 'action': 'invocation', 'label': 'end', 'context': [<snowplow_tracker.self_describing_json.SelfDescribingJson object at 0x1097da0d0>, <snowplow_tracker.self_describing_json.SelfDescribingJson object at 0x10a9a3ed0>, <snowplow_tracker.self_describing_json.SelfDescribingJson object at 0x10adf7dd0>]}
[0m01:48:48.665133 [debug] [MainThread]: Flushing usage events
[0m01:48:49.508955 [debug] [MainThread]: An error was encountered while trying to flush usage events
[0m01:49:00.164608 [debug] [MainThread]: Sending event: {'category': 'dbt', 'action': 'invocation', 'label': 'start', 'context': [<snowplow_tracker.self_describing_json.SelfDescribingJson object at 0x10a05a150>, <snowplow_tracker.self_describing_json.SelfDescribingJson object at 0x10a15a1d0>, <snowplow_tracker.self_describing_json.SelfDescribingJson object at 0x10a15a5d0>]}


============================== 01:49:00.166739 | 049d9ec9-e3de-487d-9a53-e63b44ba1378 ==============================
[0m01:49:00.166739 [info ] [MainThread]: Running with dbt=1.12.5
[0m01:49:00.167183 [debug] [MainThread]: running dbt with arguments {'log_cache_events': 'False', 'partial_parse': 'True', 'warn_error': 'None', 'no_print': 'None', 'log_path': '/Users/tanvigharbudve/Desktop/projects/hmart_sql/hmart/logs', 'log_format': 'default', 'static_parser': 'True', 'write_json': 'True', 'debug': 'False', 'invocation_command': 'dbt run -s mart_revenue_breakdown.sql', 'maximum_seed_size_mib': '1', 'quiet': 'False', 'empty': 'False', 'send_anonymous_usage_stats': 'True', 'printer_width': '80', 'version_check': 'True', 'target_path': 'None', 'cache_selected_only': 'False', 'use_experimental_parser': 'False', 'profiles_dir': '/Users/tanvigharbudve/.dbt', 'use_colors': 'True', 'hints_enabled': 'True', 'warn_error_options': 'WarnErrorOptionsV2(error=[], warn=[], silence=[])', 'fail_fast': 'False', 'introspect': 'True', 'indirect_selection': 'eager'}
[0m01:49:00.358315 [debug] [MainThread]: Sending event: {'category': 'dbt', 'action': 'project_id', 'label': '049d9ec9-e3de-487d-9a53-e63b44ba1378', 'context': [<snowplow_tracker.self_describing_json.SelfDescribingJson object at 0x10afa3850>]}
[0m01:49:00.385335 [debug] [MainThread]: Sending event: {'category': 'dbt', 'action': 'adapter_info', 'label': '049d9ec9-e3de-487d-9a53-e63b44ba1378', 'context': [<snowplow_tracker.self_describing_json.SelfDescribingJson object at 0x108e4bb90>]}
[0m01:49:00.385915 [info ] [MainThread]: Registered adapter: snowflake=1.9.0
[0m01:49:00.442390 [debug] [MainThread]: checksum: 45a02549dde2b41a1199d675c935f59a553ec318be0f791f50a7baabda8f1355, vars: {}, profile: hmart, target: dev, version: 1.12.5
[0m01:49:00.488041 [debug] [MainThread]: Partial parsing enabled: 0 files deleted, 0 files added, 0 files changed.
[0m01:49:00.488265 [debug] [MainThread]: Nothing changed, skipping partial parsing.
[0m01:49:00.488394 [debug] [MainThread]: Partial parsing enabled, no changes found, skipping parsing
[0m01:49:00.491084 [warn ] [MainThread]: [[33mWARNING[0m]: Configuration paths exist in your dbt_project.yml file which do not apply to any resources.
There are 1 unused configuration paths:
- models.hmart.models
[0m01:49:00.492983 [debug] [MainThread]: Sending event: {'category': 'dbt', 'action': 'load_project', 'label': '049d9ec9-e3de-487d-9a53-e63b44ba1378', 'context': [<snowplow_tracker.self_describing_json.SelfDescribingJson object at 0x10b39ef50>]}
[0m01:49:00.535815 [debug] [MainThread]: Wrote artifact WritableManifest to /Users/tanvigharbudve/Desktop/projects/hmart_sql/hmart/target/manifest.json
[0m01:49:00.537295 [debug] [MainThread]: Wrote artifact SemanticManifest to /Users/tanvigharbudve/Desktop/projects/hmart_sql/hmart/target/semantic_manifest.json
[0m01:49:00.543335 [debug] [MainThread]: Wrote artifact OsiDocument to /Users/tanvigharbudve/Desktop/projects/hmart_sql/hmart/target/osi_document.json
[0m01:49:00.547003 [debug] [MainThread]: Sending event: {'category': 'dbt', 'action': 'resource_counts', 'label': '049d9ec9-e3de-487d-9a53-e63b44ba1378', 'context': [<snowplow_tracker.self_describing_json.SelfDescribingJson object at 0x10b257c50>]}
[0m01:49:00.547216 [info ] [MainThread]: Found 12 models, 514 macros
[0m01:49:00.547363 [debug] [MainThread]: Sending event: {'category': 'dbt', 'action': 'runnable_timing', 'label': '049d9ec9-e3de-487d-9a53-e63b44ba1378', 'context': [<snowplow_tracker.self_describing_json.SelfDescribingJson object at 0x10b1f8050>]}
[0m01:49:00.548107 [info ] [MainThread]: 
[0m01:49:00.548261 [info ] [MainThread]: Concurrency: 1 threads (target='dev')
[0m01:49:00.548381 [info ] [MainThread]: 
[0m01:49:00.548614 [debug] [MainThread]: Acquiring new snowflake connection 'master'
[0m01:49:00.548971 [debug] [ThreadPool]: Acquiring new snowflake connection 'list_HMART'
[0m01:49:00.574805 [debug] [ThreadPool]: Using snowflake connection "list_HMART"
[0m01:49:00.575013 [debug] [ThreadPool]: On list_HMART: /* {"app": "dbt", "dbt_version": "1.12.5", "profile_name": "hmart", "target_name": "dev", "connection_name": "list_HMART"} */
show terse schemas in database HMART
    limit 10000
[0m01:49:00.575139 [debug] [ThreadPool]: Opening a new connection, currently in state init
[0m01:49:01.772923 [debug] [ThreadPool]: SQL status: SUCCESS 4 in 1.198 seconds
[0m01:49:01.783047 [debug] [ThreadPool]: Re-using an available connection from the pool (formerly list_HMART, now list_HMART_DEV)
[0m01:49:01.794677 [debug] [ThreadPool]: Using snowflake connection "list_HMART_DEV"
[0m01:49:01.795167 [debug] [ThreadPool]: On list_HMART_DEV: /* {"app": "dbt", "dbt_version": "1.12.5", "profile_name": "hmart", "target_name": "dev", "connection_name": "list_HMART_DEV"} */
show objects in HMART.DEV limit 10000;
[0m01:49:02.063096 [debug] [ThreadPool]: SQL status: SUCCESS 10 in 0.267 seconds
[0m01:49:02.068158 [debug] [MainThread]: Sending event: {'category': 'dbt', 'action': 'runnable_timing', 'label': '049d9ec9-e3de-487d-9a53-e63b44ba1378', 'context': [<snowplow_tracker.self_describing_json.SelfDescribingJson object at 0x10b2a3510>]}
[0m01:49:02.072338 [debug] [Thread-1 (]: Began running node model.hmart.mart_revenue_breakdown
[0m01:49:02.073265 [info ] [Thread-1 (]: 1 of 1 START sql view model DEV.mart_revenue_breakdown ......................... [RUN]
[0m01:49:02.073968 [debug] [Thread-1 (]: Re-using an available connection from the pool (formerly list_HMART_DEV, now model.hmart.mart_revenue_breakdown)
[0m01:49:02.074384 [debug] [Thread-1 (]: Began compiling node model.hmart.mart_revenue_breakdown
[0m01:49:02.081685 [debug] [Thread-1 (]: Writing injected SQL for node "model.hmart.mart_revenue_breakdown"
[0m01:49:02.082679 [debug] [Thread-1 (]: Began executing node model.hmart.mart_revenue_breakdown
[0m01:49:02.103394 [debug] [Thread-1 (]: Writing runtime sql for node "model.hmart.mart_revenue_breakdown"
[0m01:49:02.104421 [debug] [Thread-1 (]: Using snowflake connection "model.hmart.mart_revenue_breakdown"
[0m01:49:02.104697 [debug] [Thread-1 (]: On model.hmart.mart_revenue_breakdown: /* {"app": "dbt", "dbt_version": "1.12.5", "profile_name": "hmart", "target_name": "dev", "node_id": "model.hmart.mart_revenue_breakdown"} */
create or replace   view HMART.DEV.mart_revenue_breakdown
  
   as (
    SELECT
    DATE_TRUNC('month', f.order_ts)::DATE AS month_start,
    p.category,
    f.channel,
    c.country,
    c.region,

    COUNT(DISTINCT f.order_id) AS orders,
    SUM(f.quantity) AS units,
    ROUND(SUM(f.net_amount), 2) AS net_revenue,
    ROUND(SUM(f.gross_margin), 2) AS gross_margin

FROM HMART.DEV.fct_sales f

JOIN HMART.DEV.dim_products p
    ON p.product_id = f.product_id

JOIN HMART.DEV.dim_customers c
    ON c.customer_id = f.customer_id

WHERE f.is_revenue

GROUP BY 1, 2, 3, 4, 5
  );
[0m01:49:02.392166 [debug] [Thread-1 (]: SQL status: SUCCESS 1 in 0.287 seconds
[0m01:49:02.419403 [debug] [Thread-1 (]: Sending event: {'category': 'dbt', 'action': 'run_model', 'label': '049d9ec9-e3de-487d-9a53-e63b44ba1378', 'context': [<snowplow_tracker.self_describing_json.SelfDescribingJson object at 0x10726f890>]}
[0m01:49:02.420078 [info ] [Thread-1 (]: 1 of 1 OK created sql view model DEV.mart_revenue_breakdown .................... [[32mSUCCESS 1[0m in 0.34s]
[0m01:49:02.420564 [debug] [Thread-1 (]: Finished running node model.hmart.mart_revenue_breakdown
[0m01:49:02.421537 [debug] [MainThread]: Connection 'master' was properly closed.
[0m01:49:02.421768 [debug] [MainThread]: Connection 'model.hmart.mart_revenue_breakdown' was left open.
[0m01:49:02.421995 [debug] [MainThread]: On model.hmart.mart_revenue_breakdown: Close
[0m01:49:02.706925 [info ] [MainThread]: 
[0m01:49:02.707153 [info ] [MainThread]: Finished running 1 view model in 0 hours 0 minutes and 2.16 seconds (2.16s).
[0m01:49:02.707446 [debug] [MainThread]: Command end result
[0m01:49:02.724075 [debug] [MainThread]: Wrote artifact WritableManifest to /Users/tanvigharbudve/Desktop/projects/hmart_sql/hmart/target/manifest.json
[0m01:49:02.725516 [debug] [MainThread]: Wrote artifact SemanticManifest to /Users/tanvigharbudve/Desktop/projects/hmart_sql/hmart/target/semantic_manifest.json
[0m01:49:02.726665 [debug] [MainThread]: Wrote artifact OsiDocument to /Users/tanvigharbudve/Desktop/projects/hmart_sql/hmart/target/osi_document.json
[0m01:49:02.729598 [debug] [MainThread]: Wrote artifact RunExecutionResult to /Users/tanvigharbudve/Desktop/projects/hmart_sql/hmart/target/run_results.json
[0m01:49:02.729742 [info ] [MainThread]: 
[0m01:49:02.729928 [info ] [MainThread]: [32mCompleted successfully[0m
[0m01:49:02.730061 [info ] [MainThread]: 
[0m01:49:02.730210 [info ] [MainThread]: Done. PASS=1 WARN=0 ERROR=0 SKIP=0 NO-OP=0 REUSED=0 TOTAL=1
[0m01:49:02.731638 [debug] [MainThread]: Resource report: {"command_name": "run", "command_success": true, "command_wall_clock_time": 2.6054113, "process_in_blocks": "0", "process_kernel_time": 0.218523, "process_mem_max_rss": "186122240", "process_out_blocks": "0", "process_user_time": 1.174549}
[0m01:49:02.731917 [debug] [MainThread]: Command `dbt run` succeeded at 01:49:02.731883 after 2.61 seconds
[0m01:49:02.732082 [debug] [MainThread]: Sending event: {'category': 'dbt', 'action': 'invocation', 'label': 'end', 'context': [<snowplow_tracker.self_describing_json.SelfDescribingJson object at 0x10a15b110>, <snowplow_tracker.self_describing_json.SelfDescribingJson object at 0x10a0f3c50>, <snowplow_tracker.self_describing_json.SelfDescribingJson object at 0x10b298390>]}
[0m01:49:02.732228 [debug] [MainThread]: Flushing usage events
[0m01:49:03.566163 [debug] [MainThread]: An error was encountered while trying to flush usage events
[0m01:50:03.992703 [debug] [MainThread]: Sending event: {'category': 'dbt', 'action': 'invocation', 'label': 'start', 'context': [<snowplow_tracker.self_describing_json.SelfDescribingJson object at 0x10a662490>, <snowplow_tracker.self_describing_json.SelfDescribingJson object at 0x10a761f90>, <snowplow_tracker.self_describing_json.SelfDescribingJson object at 0x10a763410>]}


============================== 01:50:03.995690 | 523b762b-b8f0-4119-8208-4069e65bf794 ==============================
[0m01:50:03.995690 [info ] [MainThread]: Running with dbt=1.12.5
[0m01:50:03.995976 [debug] [MainThread]: running dbt with arguments {'warn_error_options': 'WarnErrorOptionsV2(error=[], warn=[], silence=[])', 'maximum_seed_size_mib': '1', 'log_cache_events': 'False', 'version_check': 'True', 'invocation_command': 'dbt run', 'quiet': 'False', 'log_format': 'default', 'fail_fast': 'False', 'introspect': 'True', 'cache_selected_only': 'False', 'hints_enabled': 'True', 'profiles_dir': '/Users/tanvigharbudve/.dbt', 'indirect_selection': 'eager', 'log_path': '/Users/tanvigharbudve/Desktop/projects/hmart_sql/hmart/logs', 'debug': 'False', 'no_print': 'None', 'static_parser': 'True', 'printer_width': '80', 'use_experimental_parser': 'False', 'send_anonymous_usage_stats': 'True', 'write_json': 'True', 'warn_error': 'None', 'target_path': 'None', 'use_colors': 'True', 'empty': 'False', 'partial_parse': 'True'}
[0m01:50:04.236957 [debug] [MainThread]: Sending event: {'category': 'dbt', 'action': 'project_id', 'label': '523b762b-b8f0-4119-8208-4069e65bf794', 'context': [<snowplow_tracker.self_describing_json.SelfDescribingJson object at 0x10a779010>]}
[0m01:50:04.262499 [debug] [MainThread]: Sending event: {'category': 'dbt', 'action': 'adapter_info', 'label': '523b762b-b8f0-4119-8208-4069e65bf794', 'context': [<snowplow_tracker.self_describing_json.SelfDescribingJson object at 0x10b429fd0>]}
[0m01:50:04.263351 [info ] [MainThread]: Registered adapter: snowflake=1.9.0
[0m01:50:04.323424 [debug] [MainThread]: checksum: 45a02549dde2b41a1199d675c935f59a553ec318be0f791f50a7baabda8f1355, vars: {}, profile: hmart, target: dev, version: 1.12.5
[0m01:50:04.370783 [debug] [MainThread]: Partial parsing enabled: 0 files deleted, 0 files added, 0 files changed.
[0m01:50:04.371050 [debug] [MainThread]: Nothing changed, skipping partial parsing.
[0m01:50:04.371179 [debug] [MainThread]: Partial parsing enabled, no changes found, skipping parsing
[0m01:50:04.373988 [warn ] [MainThread]: [[33mWARNING[0m]: Configuration paths exist in your dbt_project.yml file which do not apply to any resources.
There are 1 unused configuration paths:
- models.hmart.models
[0m01:50:04.375884 [debug] [MainThread]: Sending event: {'category': 'dbt', 'action': 'load_project', 'label': '523b762b-b8f0-4119-8208-4069e65bf794', 'context': [<snowplow_tracker.self_describing_json.SelfDescribingJson object at 0x1076c8210>]}
[0m01:50:04.419772 [debug] [MainThread]: Wrote artifact WritableManifest to /Users/tanvigharbudve/Desktop/projects/hmart_sql/hmart/target/manifest.json
[0m01:50:04.421910 [debug] [MainThread]: Wrote artifact SemanticManifest to /Users/tanvigharbudve/Desktop/projects/hmart_sql/hmart/target/semantic_manifest.json
[0m01:50:04.433176 [debug] [MainThread]: Wrote artifact OsiDocument to /Users/tanvigharbudve/Desktop/projects/hmart_sql/hmart/target/osi_document.json
[0m01:50:04.438637 [debug] [MainThread]: Sending event: {'category': 'dbt', 'action': 'resource_counts', 'label': '523b762b-b8f0-4119-8208-4069e65bf794', 'context': [<snowplow_tracker.self_describing_json.SelfDescribingJson object at 0x10b85fad0>]}
[0m01:50:04.438843 [info ] [MainThread]: Found 12 models, 514 macros
[0m01:50:04.438987 [debug] [MainThread]: Sending event: {'category': 'dbt', 'action': 'runnable_timing', 'label': '523b762b-b8f0-4119-8208-4069e65bf794', 'context': [<snowplow_tracker.self_describing_json.SelfDescribingJson object at 0x10b7fc250>]}
[0m01:50:04.439831 [info ] [MainThread]: 
[0m01:50:04.439973 [info ] [MainThread]: Concurrency: 1 threads (target='dev')
[0m01:50:04.440084 [info ] [MainThread]: 
[0m01:50:04.440304 [debug] [MainThread]: Acquiring new snowflake connection 'master'
[0m01:50:04.442508 [debug] [ThreadPool]: Acquiring new snowflake connection 'list_HMART'
[0m01:50:04.471685 [debug] [ThreadPool]: Using snowflake connection "list_HMART"
[0m01:50:04.471898 [debug] [ThreadPool]: On list_HMART: /* {"app": "dbt", "dbt_version": "1.12.5", "profile_name": "hmart", "target_name": "dev", "connection_name": "list_HMART"} */
show terse schemas in database HMART
    limit 10000
[0m01:50:04.472026 [debug] [ThreadPool]: Opening a new connection, currently in state init
[0m01:50:05.484584 [debug] [ThreadPool]: SQL status: SUCCESS 4 in 1.012 seconds
[0m01:50:05.489655 [debug] [ThreadPool]: Re-using an available connection from the pool (formerly list_HMART, now list_HMART_DEV)
[0m01:50:05.503083 [debug] [ThreadPool]: Using snowflake connection "list_HMART_DEV"
[0m01:50:05.503631 [debug] [ThreadPool]: On list_HMART_DEV: /* {"app": "dbt", "dbt_version": "1.12.5", "profile_name": "hmart", "target_name": "dev", "connection_name": "list_HMART_DEV"} */
show objects in HMART.DEV limit 10000;
[0m01:50:05.688721 [debug] [ThreadPool]: SQL status: SUCCESS 11 in 0.185 seconds
[0m01:50:05.693552 [debug] [MainThread]: Sending event: {'category': 'dbt', 'action': 'runnable_timing', 'label': '523b762b-b8f0-4119-8208-4069e65bf794', 'context': [<snowplow_tracker.self_describing_json.SelfDescribingJson object at 0x109c027d0>]}
[0m01:50:05.697353 [debug] [Thread-1 (]: Began running node model.hmart.dim_dates
[0m01:50:05.697810 [debug] [Thread-1 (]: Re-using an available connection from the pool (formerly list_HMART_DEV, now model.hmart.dim_dates)
[0m01:50:05.698149 [debug] [Thread-1 (]: Began compiling node model.hmart.dim_dates
[0m01:50:05.703314 [debug] [Thread-1 (]: Writing injected SQL for node "model.hmart.dim_dates"
[0m01:50:05.704217 [debug] [Thread-1 (]: Finished running node model.hmart.dim_dates
[0m01:50:05.704537 [debug] [Thread-1 (]: Began running node model.hmart.src_customers
[0m01:50:05.704998 [info ] [Thread-1 (]: 1 of 11 START sql view model DEV.src_customers ................................. [RUN]
[0m01:50:05.705407 [debug] [Thread-1 (]: Re-using an available connection from the pool (formerly model.hmart.dim_dates, now model.hmart.src_customers)
[0m01:50:05.705659 [debug] [Thread-1 (]: Began compiling node model.hmart.src_customers
[0m01:50:05.706341 [debug] [Thread-1 (]: Writing injected SQL for node "model.hmart.src_customers"
[0m01:50:05.706850 [debug] [Thread-1 (]: Began executing node model.hmart.src_customers
[0m01:50:05.724266 [debug] [Thread-1 (]: Writing runtime sql for node "model.hmart.src_customers"
[0m01:50:05.725087 [debug] [Thread-1 (]: Using snowflake connection "model.hmart.src_customers"
[0m01:50:05.725305 [debug] [Thread-1 (]: On model.hmart.src_customers: /* {"app": "dbt", "dbt_version": "1.12.5", "profile_name": "hmart", "target_name": "dev", "node_id": "model.hmart.src_customers"} */
create or replace   view HMART.DEV.src_customers
  
   as (
    WITH raw_customers as (
    SELECT * FROM HMART.RAW.RAW_CUSTOMERS
)

SELECT customer_id,
    CONCAT(first_name, ' ', last_name) as customer_name,
    email,
    phone,
    country,
    city,
    gender,
    birth_date,
    signup_date,
    loyalty_tier,
    is_active,
    email_missing
FROM raw_customers
  );
[0m01:50:06.003483 [debug] [Thread-1 (]: SQL status: SUCCESS 1 in 0.278 seconds
[0m01:50:06.031423 [debug] [Thread-1 (]: Sending event: {'category': 'dbt', 'action': 'run_model', 'label': '523b762b-b8f0-4119-8208-4069e65bf794', 'context': [<snowplow_tracker.self_describing_json.SelfDescribingJson object at 0x112350a50>]}
[0m01:50:06.032104 [info ] [Thread-1 (]: 1 of 11 OK created sql view model DEV.src_customers ............................ [[32mSUCCESS 1[0m in 0.32s]
[0m01:50:06.032582 [debug] [Thread-1 (]: Finished running node model.hmart.src_customers
[0m01:50:06.032912 [debug] [Thread-1 (]: Began running node model.hmart.src_order_items
[0m01:50:06.033470 [info ] [Thread-1 (]: 2 of 11 START sql view model DEV.src_order_items ............................... [RUN]
[0m01:50:06.033898 [debug] [Thread-1 (]: Re-using an available connection from the pool (formerly model.hmart.src_customers, now model.hmart.src_order_items)
[0m01:50:06.034174 [debug] [Thread-1 (]: Began compiling node model.hmart.src_order_items
[0m01:50:06.035088 [debug] [Thread-1 (]: Writing injected SQL for node "model.hmart.src_order_items"
[0m01:50:06.035696 [debug] [Thread-1 (]: Began executing node model.hmart.src_order_items
[0m01:50:06.037556 [debug] [Thread-1 (]: Writing runtime sql for node "model.hmart.src_order_items"
[0m01:50:06.038290 [debug] [Thread-1 (]: Using snowflake connection "model.hmart.src_order_items"
[0m01:50:06.038540 [debug] [Thread-1 (]: On model.hmart.src_order_items: /* {"app": "dbt", "dbt_version": "1.12.5", "profile_name": "hmart", "target_name": "dev", "node_id": "model.hmart.src_order_items"} */
create or replace   view HMART.DEV.src_order_items
  
   as (
    WITH src_order_items AS (
    SELECT * FROM HMART.RAW.RAW_ORDER_ITEMS
)

SELECT
    order_item_id,
    order_id,
    product_id,
    quantity,
    unit_price,
    discount_pct,
    line_total
FROM src_order_items
  );
[0m01:50:06.293463 [debug] [Thread-1 (]: SQL status: SUCCESS 1 in 0.255 seconds
[0m01:50:06.295027 [debug] [Thread-1 (]: Sending event: {'category': 'dbt', 'action': 'run_model', 'label': '523b762b-b8f0-4119-8208-4069e65bf794', 'context': [<snowplow_tracker.self_describing_json.SelfDescribingJson object at 0x10b5b0f10>]}
[0m01:50:06.295354 [info ] [Thread-1 (]: 2 of 11 OK created sql view model DEV.src_order_items .......................... [[32mSUCCESS 1[0m in 0.26s]
[0m01:50:06.295632 [debug] [Thread-1 (]: Finished running node model.hmart.src_order_items
[0m01:50:06.295831 [debug] [Thread-1 (]: Began running node model.hmart.src_orders
[0m01:50:06.296110 [info ] [Thread-1 (]: 3 of 11 START sql view model DEV.src_orders .................................... [RUN]
[0m01:50:06.296367 [debug] [Thread-1 (]: Re-using an available connection from the pool (formerly model.hmart.src_order_items, now model.hmart.src_orders)
[0m01:50:06.296554 [debug] [Thread-1 (]: Began compiling node model.hmart.src_orders
[0m01:50:06.297062 [debug] [Thread-1 (]: Writing injected SQL for node "model.hmart.src_orders"
[0m01:50:06.297494 [debug] [Thread-1 (]: Began executing node model.hmart.src_orders
[0m01:50:06.298697 [debug] [Thread-1 (]: Writing runtime sql for node "model.hmart.src_orders"
[0m01:50:06.299194 [debug] [Thread-1 (]: Using snowflake connection "model.hmart.src_orders"
[0m01:50:06.299368 [debug] [Thread-1 (]: On model.hmart.src_orders: /* {"app": "dbt", "dbt_version": "1.12.5", "profile_name": "hmart", "target_name": "dev", "node_id": "model.hmart.src_orders"} */
create or replace   view HMART.DEV.src_orders
  
   as (
    WITH src_orders AS (
    SELECT * FROM HMART.RAW.RAW_ORDERS
)

SELECT 
    order_id,
    customer_id,
    order_ts,
    status,
    channel,
    shipping_country,
    coupon_code
FROM src_orders
  );
[0m01:50:06.558733 [debug] [Thread-1 (]: SQL status: SUCCESS 1 in 0.259 seconds
[0m01:50:06.561668 [debug] [Thread-1 (]: Sending event: {'category': 'dbt', 'action': 'run_model', 'label': '523b762b-b8f0-4119-8208-4069e65bf794', 'context': [<snowplow_tracker.self_describing_json.SelfDescribingJson object at 0x10b851610>]}
[0m01:50:06.562271 [info ] [Thread-1 (]: 3 of 11 OK created sql view model DEV.src_orders ............................... [[32mSUCCESS 1[0m in 0.27s]
[0m01:50:06.562712 [debug] [Thread-1 (]: Finished running node model.hmart.src_orders
[0m01:50:06.563045 [debug] [Thread-1 (]: Began running node model.hmart.src_payments
[0m01:50:06.563475 [info ] [Thread-1 (]: 4 of 11 START sql view model DEV.src_payments .................................. [RUN]
[0m01:50:06.563933 [debug] [Thread-1 (]: Re-using an available connection from the pool (formerly model.hmart.src_orders, now model.hmart.src_payments)
[0m01:50:06.564192 [debug] [Thread-1 (]: Began compiling node model.hmart.src_payments
[0m01:50:06.564985 [debug] [Thread-1 (]: Writing injected SQL for node "model.hmart.src_payments"
[0m01:50:06.565521 [debug] [Thread-1 (]: Began executing node model.hmart.src_payments
[0m01:50:06.567207 [debug] [Thread-1 (]: Writing runtime sql for node "model.hmart.src_payments"
[0m01:50:06.567942 [debug] [Thread-1 (]: Using snowflake connection "model.hmart.src_payments"
[0m01:50:06.568201 [debug] [Thread-1 (]: On model.hmart.src_payments: /* {"app": "dbt", "dbt_version": "1.12.5", "profile_name": "hmart", "target_name": "dev", "node_id": "model.hmart.src_payments"} */
create or replace   view HMART.DEV.src_payments
  
   as (
    WITH src_payments AS (
    SELECT * FROM HMART.RAW.RAW_PAYMENTS
)

SELECT 
    payment_id,
    order_id,
    method,
    amount,
    currency,
    payment_status,
    amount_recomputed 
FROM src_payments
  );
[0m01:50:06.828843 [debug] [Thread-1 (]: SQL status: SUCCESS 1 in 0.260 seconds
[0m01:50:06.832566 [debug] [Thread-1 (]: Sending event: {'category': 'dbt', 'action': 'run_model', 'label': '523b762b-b8f0-4119-8208-4069e65bf794', 'context': [<snowplow_tracker.self_describing_json.SelfDescribingJson object at 0x112316150>]}
[0m01:50:06.833448 [info ] [Thread-1 (]: 4 of 11 OK created sql view model DEV.src_payments ............................. [[32mSUCCESS 1[0m in 0.27s]
[0m01:50:06.834013 [debug] [Thread-1 (]: Finished running node model.hmart.src_payments
[0m01:50:06.834433 [debug] [Thread-1 (]: Began running node model.hmart.src_products
[0m01:50:06.834950 [info ] [Thread-1 (]: 5 of 11 START sql view model DEV.src_products .................................. [RUN]
[0m01:50:06.835470 [debug] [Thread-1 (]: Re-using an available connection from the pool (formerly model.hmart.src_payments, now model.hmart.src_products)
[0m01:50:06.835843 [debug] [Thread-1 (]: Began compiling node model.hmart.src_products
[0m01:50:06.837426 [debug] [Thread-1 (]: Writing injected SQL for node "model.hmart.src_products"
[0m01:50:06.838505 [debug] [Thread-1 (]: Began executing node model.hmart.src_products
[0m01:50:06.841776 [debug] [Thread-1 (]: Writing runtime sql for node "model.hmart.src_products"
[0m01:50:06.843782 [debug] [Thread-1 (]: Using snowflake connection "model.hmart.src_products"
[0m01:50:06.844501 [debug] [Thread-1 (]: On model.hmart.src_products: /* {"app": "dbt", "dbt_version": "1.12.5", "profile_name": "hmart", "target_name": "dev", "node_id": "model.hmart.src_products"} */
create or replace   view HMART.DEV.src_products
  
   as (
    WITH src_products as (
    SELECT * FROM HMART.RAW.RAW_PRODUCTS
)

SELECT 
    product_id,
    sku,
    product_name,
    category,
    subcategory,
    brand,
    unit_cost,
    unit_price,
    weight_kg,
    created_at,
    is_discontinued,
    price_imputed
FROM src_products
  );
[0m01:50:07.108373 [debug] [Thread-1 (]: SQL status: SUCCESS 1 in 0.263 seconds
[0m01:50:07.113179 [debug] [Thread-1 (]: Sending event: {'category': 'dbt', 'action': 'run_model', 'label': '523b762b-b8f0-4119-8208-4069e65bf794', 'context': [<snowplow_tracker.self_describing_json.SelfDescribingJson object at 0x112303250>]}
[0m01:50:07.114355 [info ] [Thread-1 (]: 5 of 11 OK created sql view model DEV.src_products ............................. [[32mSUCCESS 1[0m in 0.28s]
[0m01:50:07.115072 [debug] [Thread-1 (]: Finished running node model.hmart.src_products
[0m01:50:07.115510 [debug] [Thread-1 (]: Began running node model.hmart.dim_customers
[0m01:50:07.116240 [info ] [Thread-1 (]: 6 of 11 START sql table model DEV.dim_customers ................................ [RUN]
[0m01:50:07.116775 [debug] [Thread-1 (]: Re-using an available connection from the pool (formerly model.hmart.src_products, now model.hmart.dim_customers)
[0m01:50:07.117119 [debug] [Thread-1 (]: Began compiling node model.hmart.dim_customers
[0m01:50:07.119921 [debug] [Thread-1 (]: Writing injected SQL for node "model.hmart.dim_customers"
[0m01:50:07.121171 [debug] [Thread-1 (]: Began executing node model.hmart.dim_customers
[0m01:50:07.139316 [debug] [Thread-1 (]: Writing runtime sql for node "model.hmart.dim_customers"
[0m01:50:07.140389 [debug] [Thread-1 (]: Using snowflake connection "model.hmart.dim_customers"
[0m01:50:07.140670 [debug] [Thread-1 (]: On model.hmart.dim_customers: /* {"app": "dbt", "dbt_version": "1.12.5", "profile_name": "hmart", "target_name": "dev", "node_id": "model.hmart.dim_customers"} */
create or replace transient table HMART.DEV.dim_customers
         as
        (-- WITH src_customers AS (
--     SELECT * FROM HMART.DEV.src_customers
-- )

-- SELECT 
--     customer_id,
--     customer_name,
--     email,
--     phone,
--     country,
--     city,
--     gender,
--     birth_date,
--     signup_date,
--     loyalty_tier,
--     is_active,
-- FROM src_customers

SELECT
    customer_id,
    customer_name,
    email,
    phone,
    country,
    city,
    gender,
    birth_date,
    signup_date,
    loyalty_tier,
    is_active,
    CASE
        WHEN country IN ('India') THEN 'South Asia'
        WHEN country IN ('UAE') THEN 'Middle East'
        WHEN country IN ('USA', 'Canada') THEN 'North America'
        WHEN country = 'Brazil' THEN 'Latin America'
        WHEN country IN ('Japan', 'Australia') THEN 'Asia Pacific'
        ELSE 'Europe'
    END AS region

FROM HMART.DEV.src_customers
        );
[0m01:50:08.301410 [debug] [Thread-1 (]: SQL status: SUCCESS 1 in 1.160 seconds
[0m01:50:08.302623 [debug] [Thread-1 (]: Sending event: {'category': 'dbt', 'action': 'run_model', 'label': '523b762b-b8f0-4119-8208-4069e65bf794', 'context': [<snowplow_tracker.self_describing_json.SelfDescribingJson object at 0x112473290>]}
[0m01:50:08.302883 [info ] [Thread-1 (]: 6 of 11 OK created sql table model DEV.dim_customers ........................... [[32mSUCCESS 1[0m in 1.19s]
[0m01:50:08.303109 [debug] [Thread-1 (]: Finished running node model.hmart.dim_customers
[0m01:50:08.303276 [debug] [Thread-1 (]: Began running node model.hmart.dim_products
[0m01:50:08.303455 [info ] [Thread-1 (]: 7 of 11 START sql table model DEV.dim_products ................................. [RUN]
[0m01:50:08.303725 [debug] [Thread-1 (]: Re-using an available connection from the pool (formerly model.hmart.dim_customers, now model.hmart.dim_products)
[0m01:50:08.303925 [debug] [Thread-1 (]: Began compiling node model.hmart.dim_products
[0m01:50:08.304731 [debug] [Thread-1 (]: Writing injected SQL for node "model.hmart.dim_products"
[0m01:50:08.305094 [debug] [Thread-1 (]: Began executing node model.hmart.dim_products
[0m01:50:08.306340 [debug] [Thread-1 (]: Writing runtime sql for node "model.hmart.dim_products"
[0m01:50:08.306846 [debug] [Thread-1 (]: Using snowflake connection "model.hmart.dim_products"
[0m01:50:08.306987 [debug] [Thread-1 (]: On model.hmart.dim_products: /* {"app": "dbt", "dbt_version": "1.12.5", "profile_name": "hmart", "target_name": "dev", "node_id": "model.hmart.dim_products"} */
create or replace transient table HMART.DEV.dim_products
         as
        (SELECT
    product_id,
    sku,
    product_name,
    category,
    subcategory,
    brand,
    unit_cost,
    unit_price,

    ROUND(
        100 * (unit_price - unit_cost) / unit_price,
        2
    ) AS margin_pct,

    CASE
        WHEN unit_price < 25 THEN 'Budget'
        WHEN unit_price < 100 THEN 'Mid'
        WHEN unit_price < 400 THEN 'Premium'
        ELSE 'Luxury'
    END AS price_band,

    weight_kg,
    created_at,
    is_discontinued

FROM HMART.DEV.src_products
        );
[0m01:50:09.156705 [debug] [Thread-1 (]: SQL status: SUCCESS 1 in 0.849 seconds
[0m01:50:09.160911 [debug] [Thread-1 (]: Sending event: {'category': 'dbt', 'action': 'run_model', 'label': '523b762b-b8f0-4119-8208-4069e65bf794', 'context': [<snowplow_tracker.self_describing_json.SelfDescribingJson object at 0x1123011d0>]}
[0m01:50:09.161795 [info ] [Thread-1 (]: 7 of 11 OK created sql table model DEV.dim_products ............................ [[32mSUCCESS 1[0m in 0.86s]
[0m01:50:09.162494 [debug] [Thread-1 (]: Finished running node model.hmart.dim_products
[0m01:50:09.163330 [debug] [Thread-1 (]: Began running node model.hmart.fct_sales
[0m01:50:09.163937 [info ] [Thread-1 (]: 8 of 11 START sql incremental model DEV.fct_sales .............................. [RUN]
[0m01:50:09.164436 [debug] [Thread-1 (]: Re-using an available connection from the pool (formerly model.hmart.dim_products, now model.hmart.fct_sales)
[0m01:50:09.164774 [debug] [Thread-1 (]: Began compiling node model.hmart.fct_sales
[0m01:50:09.173350 [debug] [Thread-1 (]: Writing injected SQL for node "model.hmart.fct_sales"
[0m01:50:09.174413 [debug] [Thread-1 (]: Began executing node model.hmart.fct_sales
[0m01:50:09.196944 [debug] [Thread-1 (]: Using snowflake connection "model.hmart.fct_sales"
[0m01:50:09.197326 [debug] [Thread-1 (]: On model.hmart.fct_sales: /* {"app": "dbt", "dbt_version": "1.12.5", "profile_name": "hmart", "target_name": "dev", "node_id": "model.hmart.fct_sales"} */
create or replace  temporary view HMART.DEV.fct_sales__dbt_tmp
  
   as (
    

WITH sales AS (

    SELECT
        oi.order_item_id,
        oi.order_id,
        TO_NUMBER(TO_CHAR(o.order_ts, 'YYYYMMDD')) AS date_key,
        o.order_ts,
        c.customer_id,
        p.product_id,
        o.channel,
        o.status,
        o.coupon_code,
        pay.method AS payment_method,
        oi.quantity,
        oi.unit_price,
        oi.discount_pct,
        oi.quantity * oi.unit_price AS gross_amount,
        oi.line_total AS net_amount,
        oi.quantity * p.unit_cost AS cost_amount

    FROM HMART.DEV.src_order_items oi

    JOIN HMART.DEV.src_orders o
        ON o.order_id = oi.order_id

    JOIN HMART.DEV.src_payments pay
        ON pay.order_id = oi.order_id

    JOIN HMART.DEV.dim_customers c
        ON c.customer_id = o.customer_id

    JOIN HMART.DEV.dim_products p
        ON p.product_id = oi.product_id

    
    WHERE o.order_ts > (
        SELECT MAX(order_ts)
        FROM HMART.DEV.fct_sales
    )
    
)

SELECT
    order_item_id,
    order_id,
    date_key,
    order_ts,
    customer_id,
    product_id,
    channel,
    status,
    coupon_code,
    payment_method,
    quantity,
    unit_price,
    discount_pct,
    ROUND(gross_amount, 2) AS gross_amount,
    ROUND(gross_amount - net_amount, 2) AS discount_amount,
    ROUND(net_amount, 2) AS net_amount,
    ROUND(cost_amount, 2) AS cost_amount,
    ROUND(net_amount - cost_amount, 2) AS gross_margin,
    status IN ('delivered', 'shipped', 'processing') AS is_revenue

FROM sales
  );
[0m01:50:09.598468 [debug] [Thread-1 (]: SQL status: SUCCESS 1 in 0.400 seconds
[0m01:50:09.608988 [debug] [Thread-1 (]: Using snowflake connection "model.hmart.fct_sales"
[0m01:50:09.609461 [debug] [Thread-1 (]: On model.hmart.fct_sales: /* {"app": "dbt", "dbt_version": "1.12.5", "profile_name": "hmart", "target_name": "dev", "node_id": "model.hmart.fct_sales"} */
describe table HMART.DEV.fct_sales__dbt_tmp
[0m01:50:09.773889 [debug] [Thread-1 (]: SQL status: SUCCESS 19 in 0.164 seconds
[0m01:50:09.779809 [debug] [Thread-1 (]: Using snowflake connection "model.hmart.fct_sales"
[0m01:50:09.780506 [debug] [Thread-1 (]: On model.hmart.fct_sales: /* {"app": "dbt", "dbt_version": "1.12.5", "profile_name": "hmart", "target_name": "dev", "node_id": "model.hmart.fct_sales"} */
describe table HMART.DEV.fct_sales
[0m01:50:09.911806 [debug] [Thread-1 (]: SQL status: SUCCESS 19 in 0.131 seconds
[0m01:50:09.922552 [debug] [Thread-1 (]: Using snowflake connection "model.hmart.fct_sales"
[0m01:50:09.923228 [debug] [Thread-1 (]: On model.hmart.fct_sales: /* {"app": "dbt", "dbt_version": "1.12.5", "profile_name": "hmart", "target_name": "dev", "node_id": "model.hmart.fct_sales"} */
describe table "HMART"."DEV"."FCT_SALES"
[0m01:50:10.072682 [debug] [Thread-1 (]: SQL status: SUCCESS 19 in 0.149 seconds
[0m01:50:10.107961 [debug] [Thread-1 (]: Writing runtime sql for node "model.hmart.fct_sales"
[0m01:50:10.109666 [debug] [Thread-1 (]: Using snowflake connection "model.hmart.fct_sales"
[0m01:50:10.110008 [debug] [Thread-1 (]: On model.hmart.fct_sales: /* {"app": "dbt", "dbt_version": "1.12.5", "profile_name": "hmart", "target_name": "dev", "node_id": "model.hmart.fct_sales"} */
-- back compat for old kwarg name
  
  begin;
[0m01:50:10.266995 [debug] [Thread-1 (]: SQL status: SUCCESS 1 in 0.157 seconds
[0m01:50:10.267640 [debug] [Thread-1 (]: Using snowflake connection "model.hmart.fct_sales"
[0m01:50:10.268299 [debug] [Thread-1 (]: On model.hmart.fct_sales: /* {"app": "dbt", "dbt_version": "1.12.5", "profile_name": "hmart", "target_name": "dev", "node_id": "model.hmart.fct_sales"} */
merge into HMART.DEV.fct_sales as DBT_INTERNAL_DEST
        using HMART.DEV.fct_sales__dbt_tmp as DBT_INTERNAL_SOURCE
        on ((DBT_INTERNAL_SOURCE.order_item_id = DBT_INTERNAL_DEST.order_item_id))

    
    when matched then update set
        "ORDER_ITEM_ID" = DBT_INTERNAL_SOURCE."ORDER_ITEM_ID","ORDER_ID" = DBT_INTERNAL_SOURCE."ORDER_ID","DATE_KEY" = DBT_INTERNAL_SOURCE."DATE_KEY","ORDER_TS" = DBT_INTERNAL_SOURCE."ORDER_TS","CUSTOMER_ID" = DBT_INTERNAL_SOURCE."CUSTOMER_ID","PRODUCT_ID" = DBT_INTERNAL_SOURCE."PRODUCT_ID","CHANNEL" = DBT_INTERNAL_SOURCE."CHANNEL","STATUS" = DBT_INTERNAL_SOURCE."STATUS","COUPON_CODE" = DBT_INTERNAL_SOURCE."COUPON_CODE","PAYMENT_METHOD" = DBT_INTERNAL_SOURCE."PAYMENT_METHOD","QUANTITY" = DBT_INTERNAL_SOURCE."QUANTITY","UNIT_PRICE" = DBT_INTERNAL_SOURCE."UNIT_PRICE","DISCOUNT_PCT" = DBT_INTERNAL_SOURCE."DISCOUNT_PCT","GROSS_AMOUNT" = DBT_INTERNAL_SOURCE."GROSS_AMOUNT","DISCOUNT_AMOUNT" = DBT_INTERNAL_SOURCE."DISCOUNT_AMOUNT","NET_AMOUNT" = DBT_INTERNAL_SOURCE."NET_AMOUNT","COST_AMOUNT" = DBT_INTERNAL_SOURCE."COST_AMOUNT","GROSS_MARGIN" = DBT_INTERNAL_SOURCE."GROSS_MARGIN","IS_REVENUE" = DBT_INTERNAL_SOURCE."IS_REVENUE"
    

    when not matched then insert
        ("ORDER_ITEM_ID", "ORDER_ID", "DATE_KEY", "ORDER_TS", "CUSTOMER_ID", "PRODUCT_ID", "CHANNEL", "STATUS", "COUPON_CODE", "PAYMENT_METHOD", "QUANTITY", "UNIT_PRICE", "DISCOUNT_PCT", "GROSS_AMOUNT", "DISCOUNT_AMOUNT", "NET_AMOUNT", "COST_AMOUNT", "GROSS_MARGIN", "IS_REVENUE")
    values
        ("ORDER_ITEM_ID", "ORDER_ID", "DATE_KEY", "ORDER_TS", "CUSTOMER_ID", "PRODUCT_ID", "CHANNEL", "STATUS", "COUPON_CODE", "PAYMENT_METHOD", "QUANTITY", "UNIT_PRICE", "DISCOUNT_PCT", "GROSS_AMOUNT", "DISCOUNT_AMOUNT", "NET_AMOUNT", "COST_AMOUNT", "GROSS_MARGIN", "IS_REVENUE")

;
[0m01:50:11.140148 [debug] [Thread-1 (]: SQL status: SUCCESS 0 in 0.871 seconds
[0m01:50:11.141127 [debug] [Thread-1 (]: Using snowflake connection "model.hmart.fct_sales"
[0m01:50:11.141509 [debug] [Thread-1 (]: On model.hmart.fct_sales: /* {"app": "dbt", "dbt_version": "1.12.5", "profile_name": "hmart", "target_name": "dev", "node_id": "model.hmart.fct_sales"} */
COMMIT
[0m01:50:11.311684 [debug] [Thread-1 (]: SQL status: SUCCESS 1 in 0.170 seconds
[0m01:50:11.322793 [debug] [Thread-1 (]: Applying DROP to: HMART.DEV.fct_sales__dbt_tmp
[0m01:50:11.331689 [debug] [Thread-1 (]: Using snowflake connection "model.hmart.fct_sales"
[0m01:50:11.332281 [debug] [Thread-1 (]: On model.hmart.fct_sales: /* {"app": "dbt", "dbt_version": "1.12.5", "profile_name": "hmart", "target_name": "dev", "node_id": "model.hmart.fct_sales"} */
drop view if exists HMART.DEV.fct_sales__dbt_tmp cascade
[0m01:50:11.499118 [debug] [Thread-1 (]: SQL status: SUCCESS 1 in 0.166 seconds
[0m01:50:11.502055 [debug] [Thread-1 (]: Sending event: {'category': 'dbt', 'action': 'run_model', 'label': '523b762b-b8f0-4119-8208-4069e65bf794', 'context': [<snowplow_tracker.self_describing_json.SelfDescribingJson object at 0x1122ffc10>]}
[0m01:50:11.502685 [info ] [Thread-1 (]: 8 of 11 OK created sql incremental model DEV.fct_sales ......................... [[32mSUCCESS 0[0m in 2.34s]
[0m01:50:11.503275 [debug] [Thread-1 (]: Finished running node model.hmart.fct_sales
[0m01:50:11.504286 [debug] [Thread-1 (]: Began running node model.hmart.fct_orders
[0m01:50:11.504879 [info ] [Thread-1 (]: 9 of 11 START sql table model DEV.fct_orders ................................... [RUN]
[0m01:50:11.505471 [debug] [Thread-1 (]: Re-using an available connection from the pool (formerly model.hmart.fct_sales, now model.hmart.fct_orders)
[0m01:50:11.505867 [debug] [Thread-1 (]: Began compiling node model.hmart.fct_orders
[0m01:50:11.508594 [debug] [Thread-1 (]: Writing injected SQL for node "model.hmart.fct_orders"
[0m01:50:11.510252 [debug] [Thread-1 (]: Began executing node model.hmart.fct_orders
[0m01:50:11.512868 [debug] [Thread-1 (]: Writing runtime sql for node "model.hmart.fct_orders"
[0m01:50:11.514356 [debug] [Thread-1 (]: Using snowflake connection "model.hmart.fct_orders"
[0m01:50:11.514753 [debug] [Thread-1 (]: On model.hmart.fct_orders: /* {"app": "dbt", "dbt_version": "1.12.5", "profile_name": "hmart", "target_name": "dev", "node_id": "model.hmart.fct_orders"} */
create or replace transient table HMART.DEV.fct_orders
         as
        (SELECT
    order_id,

    MIN(date_key) AS date_key,
    MIN(order_ts) AS order_ts,
    MIN(customer_id) AS customer_id,
    MIN(channel) AS channel,
    MIN(status) AS status,
    MIN(payment_method) AS payment_method,
    MIN(coupon_code) AS coupon_code,

    COUNT(*) AS line_count,
    SUM(quantity) AS units,
    SUM(gross_amount) AS gross_amount,
    SUM(discount_amount) AS discount_amount,
    SUM(net_amount) AS net_amount,
    SUM(cost_amount) AS cost_amount,
    SUM(gross_margin) AS gross_margin,

    MAX(is_revenue) AS is_revenue

FROM HMART.DEV.fct_sales

GROUP BY order_id
        );
[0m01:50:12.664591 [debug] [Thread-1 (]: SQL status: SUCCESS 1 in 1.149 seconds
[0m01:50:12.668672 [debug] [Thread-1 (]: Sending event: {'category': 'dbt', 'action': 'run_model', 'label': '523b762b-b8f0-4119-8208-4069e65bf794', 'context': [<snowplow_tracker.self_describing_json.SelfDescribingJson object at 0x112489450>]}
[0m01:50:12.669568 [info ] [Thread-1 (]: 9 of 11 OK created sql table model DEV.fct_orders .............................. [[32mSUCCESS 1[0m in 1.16s]
[0m01:50:12.670183 [debug] [Thread-1 (]: Finished running node model.hmart.fct_orders
[0m01:50:12.670631 [debug] [Thread-1 (]: Began running node model.hmart.mart_revenue_breakdown
[0m01:50:12.671271 [info ] [Thread-1 (]: 10 of 11 START sql table model DEV.mart_revenue_breakdown ...................... [RUN]
[0m01:50:12.671982 [debug] [Thread-1 (]: Re-using an available connection from the pool (formerly model.hmart.fct_orders, now model.hmart.mart_revenue_breakdown)
[0m01:50:12.672405 [debug] [Thread-1 (]: Began compiling node model.hmart.mart_revenue_breakdown
[0m01:50:12.675550 [debug] [Thread-1 (]: Writing injected SQL for node "model.hmart.mart_revenue_breakdown"
[0m01:50:12.676767 [debug] [Thread-1 (]: Began executing node model.hmart.mart_revenue_breakdown
[0m01:50:12.679550 [debug] [Thread-1 (]:  adapter: Dropping relation "HMART"."DEV"."MART_REVENUE_BREAKDOWN" because it is a view and target relation HMART.DEV.mart_revenue_breakdown is of type table.
[0m01:50:12.681669 [debug] [Thread-1 (]: Applying DROP to: "HMART"."DEV"."MART_REVENUE_BREAKDOWN"
[0m01:50:12.683033 [debug] [Thread-1 (]: Using snowflake connection "model.hmart.mart_revenue_breakdown"
[0m01:50:12.683417 [debug] [Thread-1 (]: On model.hmart.mart_revenue_breakdown: /* {"app": "dbt", "dbt_version": "1.12.5", "profile_name": "hmart", "target_name": "dev", "node_id": "model.hmart.mart_revenue_breakdown"} */
drop view if exists "HMART"."DEV"."MART_REVENUE_BREAKDOWN" cascade
[0m01:50:12.882871 [debug] [Thread-1 (]: SQL status: SUCCESS 1 in 0.199 seconds
[0m01:50:12.884024 [debug] [Thread-1 (]: Writing runtime sql for node "model.hmart.mart_revenue_breakdown"
[0m01:50:12.885037 [debug] [Thread-1 (]: Using snowflake connection "model.hmart.mart_revenue_breakdown"
[0m01:50:12.885275 [debug] [Thread-1 (]: On model.hmart.mart_revenue_breakdown: /* {"app": "dbt", "dbt_version": "1.12.5", "profile_name": "hmart", "target_name": "dev", "node_id": "model.hmart.mart_revenue_breakdown"} */
create or replace transient table HMART.DEV.mart_revenue_breakdown
         as
        (SELECT
    DATE_TRUNC('month', f.order_ts)::DATE AS month_start,
    p.category,
    f.channel,
    c.country,
    c.region,

    COUNT(DISTINCT f.order_id) AS orders,
    SUM(f.quantity) AS units,
    ROUND(SUM(f.net_amount), 2) AS net_revenue,
    ROUND(SUM(f.gross_margin), 2) AS gross_margin

FROM HMART.DEV.fct_sales f

JOIN HMART.DEV.dim_products p
    ON p.product_id = f.product_id

JOIN HMART.DEV.dim_customers c
    ON c.customer_id = f.customer_id

WHERE f.is_revenue

GROUP BY 1, 2, 3, 4, 5
        );
[0m01:50:13.936318 [debug] [Thread-1 (]: SQL status: SUCCESS 1 in 1.050 seconds
[0m01:50:13.941051 [debug] [Thread-1 (]: Sending event: {'category': 'dbt', 'action': 'run_model', 'label': '523b762b-b8f0-4119-8208-4069e65bf794', 'context': [<snowplow_tracker.self_describing_json.SelfDescribingJson object at 0x10a56d110>]}
[0m01:50:13.942011 [info ] [Thread-1 (]: 10 of 11 OK created sql table model DEV.mart_revenue_breakdown ................. [[32mSUCCESS 1[0m in 1.27s]
[0m01:50:13.942731 [debug] [Thread-1 (]: Finished running node model.hmart.mart_revenue_breakdown
[0m01:50:13.943235 [debug] [Thread-1 (]: Began running node model.hmart.mart_monthly_revenue
[0m01:50:13.943881 [info ] [Thread-1 (]: 11 of 11 START sql table model DEV.mart_monthly_revenue ........................ [RUN]
[0m01:50:13.944575 [debug] [Thread-1 (]: Re-using an available connection from the pool (formerly model.hmart.mart_revenue_breakdown, now model.hmart.mart_monthly_revenue)
[0m01:50:13.945199 [debug] [Thread-1 (]: Began compiling node model.hmart.mart_monthly_revenue
[0m01:50:13.948367 [debug] [Thread-1 (]: Writing injected SQL for node "model.hmart.mart_monthly_revenue"
[0m01:50:13.949970 [debug] [Thread-1 (]: Began executing node model.hmart.mart_monthly_revenue
[0m01:50:13.952347 [debug] [Thread-1 (]:  adapter: Dropping relation "HMART"."DEV"."MART_MONTHLY_REVENUE" because it is a view and target relation HMART.DEV.mart_monthly_revenue is of type table.
[0m01:50:13.955801 [debug] [Thread-1 (]: Applying DROP to: "HMART"."DEV"."MART_MONTHLY_REVENUE"
[0m01:50:13.957088 [debug] [Thread-1 (]: Using snowflake connection "model.hmart.mart_monthly_revenue"
[0m01:50:13.957440 [debug] [Thread-1 (]: On model.hmart.mart_monthly_revenue: /* {"app": "dbt", "dbt_version": "1.12.5", "profile_name": "hmart", "target_name": "dev", "node_id": "model.hmart.mart_monthly_revenue"} */
drop view if exists "HMART"."DEV"."MART_MONTHLY_REVENUE" cascade
[0m01:50:14.157444 [debug] [Thread-1 (]: SQL status: SUCCESS 1 in 0.199 seconds
[0m01:50:14.159991 [debug] [Thread-1 (]: Writing runtime sql for node "model.hmart.mart_monthly_revenue"
[0m01:50:14.161901 [debug] [Thread-1 (]: Using snowflake connection "model.hmart.mart_monthly_revenue"
[0m01:50:14.162296 [debug] [Thread-1 (]: On model.hmart.mart_monthly_revenue: /* {"app": "dbt", "dbt_version": "1.12.5", "profile_name": "hmart", "target_name": "dev", "node_id": "model.hmart.mart_monthly_revenue"} */
create or replace transient table HMART.DEV.mart_monthly_revenue
         as
        (SELECT
    DATE_TRUNC('month', order_ts)::DATE AS month_start,
    COUNT(*) AS orders,
    COUNT(DISTINCT customer_id) AS active_customers,
    SUM(units) AS units,
    ROUND(SUM(net_amount), 2) AS net_revenue,
    ROUND(SUM(gross_margin), 2) AS gross_margin,
    ROUND(SUM(discount_amount), 2) AS discounts,
    ROUND(SUM(net_amount) / COUNT(*), 2) AS avg_order_value,
    ROUND(100 * SUM(gross_margin) / NULLIF(SUM(net_amount), 0), 2) AS margin_pct

FROM HMART.DEV.fct_orders

WHERE is_revenue

GROUP BY 1
ORDER BY 1
        );
[0m01:50:14.801194 [debug] [Thread-1 (]: SQL status: SUCCESS 1 in 0.639 seconds
[0m01:50:14.803187 [debug] [Thread-1 (]: Sending event: {'category': 'dbt', 'action': 'run_model', 'label': '523b762b-b8f0-4119-8208-4069e65bf794', 'context': [<snowplow_tracker.self_describing_json.SelfDescribingJson object at 0x1124ed990>]}
[0m01:50:14.803608 [info ] [Thread-1 (]: 11 of 11 OK created sql table model DEV.mart_monthly_revenue ................... [[32mSUCCESS 1[0m in 0.86s]
[0m01:50:14.803965 [debug] [Thread-1 (]: Finished running node model.hmart.mart_monthly_revenue
[0m01:50:14.804695 [debug] [MainThread]: Connection 'master' was properly closed.
[0m01:50:14.804910 [debug] [MainThread]: Connection 'model.hmart.mart_monthly_revenue' was left open.
[0m01:50:14.805098 [debug] [MainThread]: On model.hmart.mart_monthly_revenue: Close
[0m01:50:15.044378 [info ] [MainThread]: 
[0m01:50:15.045306 [info ] [MainThread]: Finished running 1 incremental model, 5 table models, 5 view models in 0 hours 0 minutes and 10.60 seconds (10.60s).
[0m01:50:15.047741 [debug] [MainThread]: Command end result
[0m01:50:15.085355 [debug] [MainThread]: Wrote artifact WritableManifest to /Users/tanvigharbudve/Desktop/projects/hmart_sql/hmart/target/manifest.json
[0m01:50:15.087544 [debug] [MainThread]: Wrote artifact SemanticManifest to /Users/tanvigharbudve/Desktop/projects/hmart_sql/hmart/target/semantic_manifest.json
[0m01:50:15.089493 [debug] [MainThread]: Wrote artifact OsiDocument to /Users/tanvigharbudve/Desktop/projects/hmart_sql/hmart/target/osi_document.json
[0m01:50:15.094024 [debug] [MainThread]: Wrote artifact RunExecutionResult to /Users/tanvigharbudve/Desktop/projects/hmart_sql/hmart/target/run_results.json
[0m01:50:15.094229 [info ] [MainThread]: 
[0m01:50:15.094456 [info ] [MainThread]: [32mCompleted successfully[0m
[0m01:50:15.094628 [info ] [MainThread]: 
[0m01:50:15.094824 [info ] [MainThread]: Done. PASS=11 WARN=0 ERROR=0 SKIP=0 NO-OP=0 REUSED=0 TOTAL=11
[0m01:50:15.097618 [debug] [MainThread]: Resource report: {"command_name": "run", "command_success": true, "command_wall_clock_time": 11.144632, "process_in_blocks": "0", "process_kernel_time": 0.260487, "process_mem_max_rss": "185974784", "process_out_blocks": "0", "process_user_time": 1.503718}
[0m01:50:15.098038 [debug] [MainThread]: Command `dbt run` succeeded at 01:50:15.097992 after 11.15 seconds
[0m01:50:15.098262 [debug] [MainThread]: Sending event: {'category': 'dbt', 'action': 'invocation', 'label': 'end', 'context': [<snowplow_tracker.self_describing_json.SelfDescribingJson object at 0x10a741950>, <snowplow_tracker.self_describing_json.SelfDescribingJson object at 0x10a577350>, <snowplow_tracker.self_describing_json.SelfDescribingJson object at 0x10a636f10>]}
[0m01:50:15.098459 [debug] [MainThread]: Flushing usage events
[0m01:50:16.169927 [debug] [MainThread]: An error was encountered while trying to flush usage events
[0m01:51:28.493711 [debug] [MainThread]: Sending event: {'category': 'dbt', 'action': 'invocation', 'label': 'start', 'context': [<snowplow_tracker.self_describing_json.SelfDescribingJson object at 0x10a31f510>, <snowplow_tracker.self_describing_json.SelfDescribingJson object at 0x10a425b50>, <snowplow_tracker.self_describing_json.SelfDescribingJson object at 0x10a426ad0>]}


============================== 01:51:28.496880 | 4217041b-88f9-4ead-b90b-6d1d9d070beb ==============================
[0m01:51:28.496880 [info ] [MainThread]: Running with dbt=1.12.5
[0m01:51:28.497168 [debug] [MainThread]: running dbt with arguments {'introspect': 'True', 'use_experimental_parser': 'False', 'log_cache_events': 'False', 'invocation_command': 'dbt run -s mart_customer_rfm.sql', 'maximum_seed_size_mib': '1', 'warn_error': 'None', 'warn_error_options': 'WarnErrorOptionsV2(error=[], warn=[], silence=[])', 'cache_selected_only': 'False', 'static_parser': 'True', 'send_anonymous_usage_stats': 'True', 'quiet': 'False', 'log_path': '/Users/tanvigharbudve/Desktop/projects/hmart_sql/hmart/logs', 'partial_parse': 'True', 'debug': 'False', 'hints_enabled': 'True', 'log_format': 'default', 'empty': 'False', 'profiles_dir': '/Users/tanvigharbudve/.dbt', 'no_print': 'None', 'printer_width': '80', 'target_path': 'None', 'write_json': 'True', 'use_colors': 'True', 'fail_fast': 'False', 'version_check': 'True', 'indirect_selection': 'eager'}
[0m01:51:28.742414 [debug] [MainThread]: Sending event: {'category': 'dbt', 'action': 'project_id', 'label': '4217041b-88f9-4ead-b90b-6d1d9d070beb', 'context': [<snowplow_tracker.self_describing_json.SelfDescribingJson object at 0x10b1634d0>]}
[0m01:51:28.768395 [debug] [MainThread]: Sending event: {'category': 'dbt', 'action': 'adapter_info', 'label': '4217041b-88f9-4ead-b90b-6d1d9d070beb', 'context': [<snowplow_tracker.self_describing_json.SelfDescribingJson object at 0x109117e10>]}
[0m01:51:28.769177 [info ] [MainThread]: Registered adapter: snowflake=1.9.0
[0m01:51:28.828088 [debug] [MainThread]: checksum: 45a02549dde2b41a1199d675c935f59a553ec318be0f791f50a7baabda8f1355, vars: {}, profile: hmart, target: dev, version: 1.12.5
[0m01:51:28.874745 [debug] [MainThread]: Partial parsing enabled: 0 files deleted, 0 files added, 0 files changed.
[0m01:51:28.874975 [debug] [MainThread]: Nothing changed, skipping partial parsing.
[0m01:51:28.875094 [debug] [MainThread]: Partial parsing enabled, no changes found, skipping parsing
[0m01:51:28.877931 [warn ] [MainThread]: [[33mWARNING[0m]: Configuration paths exist in your dbt_project.yml file which do not apply to any resources.
There are 1 unused configuration paths:
- models.hmart.models
[0m01:51:28.879852 [debug] [MainThread]: Sending event: {'category': 'dbt', 'action': 'load_project', 'label': '4217041b-88f9-4ead-b90b-6d1d9d070beb', 'context': [<snowplow_tracker.self_describing_json.SelfDescribingJson object at 0x10b6a81d0>]}
[0m01:51:28.923518 [debug] [MainThread]: Wrote artifact WritableManifest to /Users/tanvigharbudve/Desktop/projects/hmart_sql/hmart/target/manifest.json
[0m01:51:28.925220 [debug] [MainThread]: Wrote artifact SemanticManifest to /Users/tanvigharbudve/Desktop/projects/hmart_sql/hmart/target/semantic_manifest.json
[0m01:51:28.936657 [debug] [MainThread]: Wrote artifact OsiDocument to /Users/tanvigharbudve/Desktop/projects/hmart_sql/hmart/target/osi_document.json
[0m01:51:28.942461 [debug] [MainThread]: Sending event: {'category': 'dbt', 'action': 'resource_counts', 'label': '4217041b-88f9-4ead-b90b-6d1d9d070beb', 'context': [<snowplow_tracker.self_describing_json.SelfDescribingJson object at 0x10b511710>]}
[0m01:51:28.942718 [info ] [MainThread]: Found 13 models, 514 macros
[0m01:51:28.942873 [debug] [MainThread]: Sending event: {'category': 'dbt', 'action': 'runnable_timing', 'label': '4217041b-88f9-4ead-b90b-6d1d9d070beb', 'context': [<snowplow_tracker.self_describing_json.SelfDescribingJson object at 0x10b202590>]}
[0m01:51:28.943626 [info ] [MainThread]: 
[0m01:51:28.943773 [info ] [MainThread]: Concurrency: 1 threads (target='dev')
[0m01:51:28.943889 [info ] [MainThread]: 
[0m01:51:28.944122 [debug] [MainThread]: Acquiring new snowflake connection 'master'
[0m01:51:28.944492 [debug] [ThreadPool]: Acquiring new snowflake connection 'list_HMART'
[0m01:51:28.972843 [debug] [ThreadPool]: Using snowflake connection "list_HMART"
[0m01:51:28.973050 [debug] [ThreadPool]: On list_HMART: /* {"app": "dbt", "dbt_version": "1.12.5", "profile_name": "hmart", "target_name": "dev", "connection_name": "list_HMART"} */
show terse schemas in database HMART
    limit 10000
[0m01:51:28.973167 [debug] [ThreadPool]: Opening a new connection, currently in state init
[0m01:51:29.931970 [debug] [ThreadPool]: SQL status: SUCCESS 4 in 0.959 seconds
[0m01:51:29.941331 [debug] [ThreadPool]: Re-using an available connection from the pool (formerly list_HMART, now list_HMART_DEV)
[0m01:51:29.953971 [debug] [ThreadPool]: Using snowflake connection "list_HMART_DEV"
[0m01:51:29.954378 [debug] [ThreadPool]: On list_HMART_DEV: /* {"app": "dbt", "dbt_version": "1.12.5", "profile_name": "hmart", "target_name": "dev", "connection_name": "list_HMART_DEV"} */
show objects in HMART.DEV limit 10000;
[0m01:51:30.142341 [debug] [ThreadPool]: SQL status: SUCCESS 11 in 0.188 seconds
[0m01:51:30.144850 [debug] [MainThread]: Sending event: {'category': 'dbt', 'action': 'runnable_timing', 'label': '4217041b-88f9-4ead-b90b-6d1d9d070beb', 'context': [<snowplow_tracker.self_describing_json.SelfDescribingJson object at 0x10b4e3750>]}
[0m01:51:30.147490 [debug] [Thread-1 (]: Began running node model.hmart.mart_customer_rfm
[0m01:51:30.147846 [info ] [Thread-1 (]: 1 of 1 START sql table model DEV.mart_customer_rfm ............................. [RUN]
[0m01:51:30.148160 [debug] [Thread-1 (]: Re-using an available connection from the pool (formerly list_HMART_DEV, now model.hmart.mart_customer_rfm)
[0m01:51:30.148373 [debug] [Thread-1 (]: Began compiling node model.hmart.mart_customer_rfm
[0m01:51:30.151920 [debug] [Thread-1 (]: Writing injected SQL for node "model.hmart.mart_customer_rfm"
[0m01:51:30.152364 [debug] [Thread-1 (]: Began executing node model.hmart.mart_customer_rfm
[0m01:51:30.167014 [debug] [Thread-1 (]: Writing runtime sql for node "model.hmart.mart_customer_rfm"
[0m01:51:30.167864 [debug] [Thread-1 (]: Using snowflake connection "model.hmart.mart_customer_rfm"
[0m01:51:30.168083 [debug] [Thread-1 (]: On model.hmart.mart_customer_rfm: /* {"app": "dbt", "dbt_version": "1.12.5", "profile_name": "hmart", "target_name": "dev", "node_id": "model.hmart.mart_customer_rfm"} */
create or replace transient table HMART.DEV.mart_customer_rfm
         as
        (WITH customer_sales AS (

    SELECT
        customer_id,
        MAX(order_ts)::DATE AS last_order_date,
        COUNT(*) AS frequency,
        ROUND(SUM(net_amount), 2) AS monetary

    FROM HMART.DEV.fct_orders

    WHERE is_revenue

    GROUP BY customer_id
)

SELECT
    customer_id,
    last_order_date,
    frequency,
    monetary,

    DATEDIFF('day', last_order_date, CURRENT_DATE()) AS recency_days,

    CASE
        WHEN frequency >= 5 AND monetary >= 1000 THEN 'High Value'
        WHEN frequency >= 3 THEN 'Loyal'
        WHEN DATEDIFF('day', last_order_date, CURRENT_DATE()) > 180 THEN 'At Risk'
        ELSE 'Regular'
    END AS customer_segment

FROM customer_sales
        );
[0m01:51:30.787247 [debug] [Thread-1 (]: SQL status: SUCCESS 1 in 0.619 seconds
[0m01:51:30.809052 [debug] [Thread-1 (]: Sending event: {'category': 'dbt', 'action': 'run_model', 'label': '4217041b-88f9-4ead-b90b-6d1d9d070beb', 'context': [<snowplow_tracker.self_describing_json.SelfDescribingJson object at 0x111d649d0>]}
[0m01:51:30.809579 [info ] [Thread-1 (]: 1 of 1 OK created sql table model DEV.mart_customer_rfm ........................ [[32mSUCCESS 1[0m in 0.66s]
[0m01:51:30.809962 [debug] [Thread-1 (]: Finished running node model.hmart.mart_customer_rfm
[0m01:51:30.810677 [debug] [MainThread]: Connection 'master' was properly closed.
[0m01:51:30.810888 [debug] [MainThread]: Connection 'model.hmart.mart_customer_rfm' was left open.
[0m01:51:30.811072 [debug] [MainThread]: On model.hmart.mart_customer_rfm: Close
[0m01:51:31.036955 [info ] [MainThread]: 
[0m01:51:31.037641 [info ] [MainThread]: Finished running 1 table model in 0 hours 0 minutes and 2.09 seconds (2.09s).
[0m01:51:31.038356 [debug] [MainThread]: Command end result
[0m01:51:31.067552 [debug] [MainThread]: Wrote artifact WritableManifest to /Users/tanvigharbudve/Desktop/projects/hmart_sql/hmart/target/manifest.json
[0m01:51:31.069286 [debug] [MainThread]: Wrote artifact SemanticManifest to /Users/tanvigharbudve/Desktop/projects/hmart_sql/hmart/target/semantic_manifest.json
[0m01:51:31.071089 [debug] [MainThread]: Wrote artifact OsiDocument to /Users/tanvigharbudve/Desktop/projects/hmart_sql/hmart/target/osi_document.json
[0m01:51:31.075550 [debug] [MainThread]: Wrote artifact RunExecutionResult to /Users/tanvigharbudve/Desktop/projects/hmart_sql/hmart/target/run_results.json
[0m01:51:31.075780 [info ] [MainThread]: 
[0m01:51:31.076003 [info ] [MainThread]: [32mCompleted successfully[0m
[0m01:51:31.076164 [info ] [MainThread]: 
[0m01:51:31.076329 [info ] [MainThread]: Done. PASS=1 WARN=0 ERROR=0 SKIP=0 NO-OP=0 REUSED=0 TOTAL=1
[0m01:51:31.078230 [debug] [MainThread]: Resource report: {"command_name": "run", "command_success": true, "command_wall_clock_time": 2.6272411, "process_in_blocks": "0", "process_kernel_time": 0.239818, "process_mem_max_rss": "184958976", "process_out_blocks": "0", "process_user_time": 1.226122}
[0m01:51:31.078635 [debug] [MainThread]: Command `dbt run` succeeded at 01:51:31.078588 after 2.63 seconds
[0m01:51:31.078831 [debug] [MainThread]: Sending event: {'category': 'dbt', 'action': 'invocation', 'label': 'end', 'context': [<snowplow_tracker.self_describing_json.SelfDescribingJson object at 0x10a2fae90>, <snowplow_tracker.self_describing_json.SelfDescribingJson object at 0x10a31f650>, <snowplow_tracker.self_describing_json.SelfDescribingJson object at 0x10a31fc50>]}
[0m01:51:31.079008 [debug] [MainThread]: Flushing usage events
[0m01:51:31.897919 [debug] [MainThread]: An error was encountered while trying to flush usage events
[0m02:51:44.816170 [debug] [MainThread]: Sending event: {'category': 'dbt', 'action': 'invocation', 'label': 'start', 'context': [<snowplow_tracker.self_describing_json.SelfDescribingJson object at 0x10d90a250>, <snowplow_tracker.self_describing_json.SelfDescribingJson object at 0x10da09750>, <snowplow_tracker.self_describing_json.SelfDescribingJson object at 0x10da0b210>]}


============================== 02:51:44.819330 | 9d033d61-4dab-4509-9a51-47a24690a063 ==============================
[0m02:51:44.819330 [info ] [MainThread]: Running with dbt=1.12.5
[0m02:51:44.819616 [debug] [MainThread]: running dbt with arguments {'introspect': 'True', 'cache_selected_only': 'False', 'invocation_command': 'dbt snapshot', 'empty': 'False', 'send_anonymous_usage_stats': 'True', 'quiet': 'False', 'profiles_dir': '/Users/tanvigharbudve/.dbt', 'indirect_selection': 'eager', 'warn_error': 'None', 'log_format': 'default', 'target_path': 'None', 'debug': 'False', 'no_print': 'None', 'partial_parse': 'True', 'version_check': 'True', 'use_colors': 'True', 'fail_fast': 'False', 'log_cache_events': 'False', 'maximum_seed_size_mib': '1', 'static_parser': 'True', 'log_path': '/Users/tanvigharbudve/Desktop/projects/hmart_sql/hmart/logs', 'warn_error_options': 'WarnErrorOptionsV2(error=[], warn=[], silence=[])', 'use_experimental_parser': 'False', 'write_json': 'True', 'hints_enabled': 'True', 'printer_width': '80'}
[0m02:51:45.054369 [debug] [MainThread]: Sending event: {'category': 'dbt', 'action': 'project_id', 'label': '9d033d61-4dab-4509-9a51-47a24690a063', 'context': [<snowplow_tracker.self_describing_json.SelfDescribingJson object at 0x10d96fcd0>]}
[0m02:51:45.078827 [debug] [MainThread]: Sending event: {'category': 'dbt', 'action': 'adapter_info', 'label': '9d033d61-4dab-4509-9a51-47a24690a063', 'context': [<snowplow_tracker.self_describing_json.SelfDescribingJson object at 0x10c6f7b10>]}
[0m02:51:45.080048 [info ] [MainThread]: Registered adapter: snowflake=1.9.0
[0m02:51:45.134395 [debug] [MainThread]: checksum: 45a02549dde2b41a1199d675c935f59a553ec318be0f791f50a7baabda8f1355, vars: {}, profile: hmart, target: dev, version: 1.12.5
[0m02:51:45.202659 [debug] [MainThread]: Partial parsing enabled: 0 files deleted, 1 files added, 0 files changed.
[0m02:51:45.202940 [debug] [MainThread]: Partial parsing: added file: hmart://snapshots/snap_products.sql
[0m02:51:45.316018 [warn ] [MainThread]: [[33mWARNING[0m]: Configuration paths exist in your dbt_project.yml file which do not apply to any resources.
There are 1 unused configuration paths:
- models.hmart.models
[0m02:51:45.317661 [debug] [MainThread]: Sending event: {'category': 'dbt', 'action': 'load_project', 'label': '9d033d61-4dab-4509-9a51-47a24690a063', 'context': [<snowplow_tracker.self_describing_json.SelfDescribingJson object at 0x10ea93410>]}
[0m02:51:45.355023 [debug] [MainThread]: Wrote artifact WritableManifest to /Users/tanvigharbudve/Desktop/projects/hmart_sql/hmart/target/manifest.json
[0m02:51:45.356582 [debug] [MainThread]: Wrote artifact SemanticManifest to /Users/tanvigharbudve/Desktop/projects/hmart_sql/hmart/target/semantic_manifest.json
[0m02:51:45.366834 [debug] [MainThread]: Wrote artifact OsiDocument to /Users/tanvigharbudve/Desktop/projects/hmart_sql/hmart/target/osi_document.json
[0m02:51:45.372710 [debug] [MainThread]: Sending event: {'category': 'dbt', 'action': 'resource_counts', 'label': '9d033d61-4dab-4509-9a51-47a24690a063', 'context': [<snowplow_tracker.self_describing_json.SelfDescribingJson object at 0x10eb52210>]}
[0m02:51:45.372910 [info ] [MainThread]: Found 13 models, 1 snapshot, 514 macros
[0m02:51:45.373053 [debug] [MainThread]: Sending event: {'category': 'dbt', 'action': 'runnable_timing', 'label': '9d033d61-4dab-4509-9a51-47a24690a063', 'context': [<snowplow_tracker.self_describing_json.SelfDescribingJson object at 0x10ec23a10>]}
[0m02:51:45.373805 [info ] [MainThread]: 
[0m02:51:45.373957 [info ] [MainThread]: Concurrency: 1 threads (target='dev')
[0m02:51:45.374072 [info ] [MainThread]: 
[0m02:51:45.374293 [debug] [MainThread]: Acquiring new snowflake connection 'master'
[0m02:51:45.374637 [debug] [ThreadPool]: Acquiring new snowflake connection 'list_HMART'
[0m02:51:45.430939 [debug] [ThreadPool]: Using snowflake connection "list_HMART"
[0m02:51:45.431142 [debug] [ThreadPool]: On list_HMART: /* {"app": "dbt", "dbt_version": "1.12.5", "profile_name": "hmart", "target_name": "dev", "connection_name": "list_HMART"} */
show terse schemas in database HMART
    limit 10000
[0m02:51:45.431274 [debug] [ThreadPool]: Opening a new connection, currently in state init
[0m02:51:46.493700 [debug] [ThreadPool]: SQL status: SUCCESS 4 in 1.062 seconds
[0m02:51:46.496793 [debug] [ThreadPool]: Re-using an available connection from the pool (formerly list_HMART, now create_HMART_SNAPSHOTS)
[0m02:51:46.497488 [debug] [ThreadPool]: Creating schema "database: "HMART"
schema: "SNAPSHOTS"
"
[0m02:51:46.503258 [debug] [ThreadPool]: Using snowflake connection "create_HMART_SNAPSHOTS"
[0m02:51:46.503676 [debug] [ThreadPool]: On create_HMART_SNAPSHOTS: /* {"app": "dbt", "dbt_version": "1.12.5", "profile_name": "hmart", "target_name": "dev", "connection_name": "create_HMART_SNAPSHOTS"} */
create schema if not exists HMART.SNAPSHOTS
[0m02:51:46.753687 [debug] [ThreadPool]: SQL status: SUCCESS 1 in 0.249 seconds
[0m02:51:46.763591 [debug] [ThreadPool]: Re-using an available connection from the pool (formerly create_HMART_SNAPSHOTS, now list_HMART_SNAPSHOTS)
[0m02:51:46.772203 [debug] [ThreadPool]: Using snowflake connection "list_HMART_SNAPSHOTS"
[0m02:51:46.772527 [debug] [ThreadPool]: On list_HMART_SNAPSHOTS: /* {"app": "dbt", "dbt_version": "1.12.5", "profile_name": "hmart", "target_name": "dev", "connection_name": "list_HMART_SNAPSHOTS"} */
show objects in HMART.SNAPSHOTS limit 10000;
[0m02:51:47.229575 [debug] [ThreadPool]: SQL status: SUCCESS 0 in 0.457 seconds
[0m02:51:47.232234 [debug] [ThreadPool]: Re-using an available connection from the pool (formerly list_HMART_SNAPSHOTS, now list_HMART_DEV)
[0m02:51:47.234412 [debug] [ThreadPool]: Using snowflake connection "list_HMART_DEV"
[0m02:51:47.234863 [debug] [ThreadPool]: On list_HMART_DEV: /* {"app": "dbt", "dbt_version": "1.12.5", "profile_name": "hmart", "target_name": "dev", "connection_name": "list_HMART_DEV"} */
show objects in HMART.DEV limit 10000;
[0m02:51:47.460836 [debug] [ThreadPool]: SQL status: SUCCESS 12 in 0.225 seconds
[0m02:51:47.466407 [debug] [MainThread]: Sending event: {'category': 'dbt', 'action': 'runnable_timing', 'label': '9d033d61-4dab-4509-9a51-47a24690a063', 'context': [<snowplow_tracker.self_describing_json.SelfDescribingJson object at 0x10e91c8d0>]}
[0m02:51:47.470532 [debug] [Thread-1 (]: Began running node snapshot.hmart.snap_products
[0m02:51:47.471248 [info ] [Thread-1 (]: 1 of 1 START snapshot SNAPSHOTS.snap_products .................................. [RUN]
[0m02:51:47.471819 [debug] [Thread-1 (]: Re-using an available connection from the pool (formerly list_HMART_DEV, now snapshot.hmart.snap_products)
[0m02:51:47.472170 [debug] [Thread-1 (]: Began compiling node snapshot.hmart.snap_products
[0m02:51:47.479530 [debug] [Thread-1 (]: Writing injected SQL for node "snapshot.hmart.snap_products"
[0m02:51:47.480784 [debug] [Thread-1 (]: Began executing node snapshot.hmart.snap_products
[0m02:51:47.530996 [debug] [Thread-1 (]: Using snowflake connection "snapshot.hmart.snap_products"
[0m02:51:47.531272 [debug] [Thread-1 (]: On snapshot.hmart.snap_products: /* {"app": "dbt", "dbt_version": "1.12.5", "profile_name": "hmart", "target_name": "dev", "node_id": "snapshot.hmart.snap_products"} */
/* {"app": "dbt", "dbt_version": "1.12.5", "profile_name": "hmart", "target_name": "dev", "node_id": "snapshot.hmart.snap_products"} */
select * from (
        
    

    select *,
        md5(coalesce(cast(product_id as varchar ), '')
         || '|' || coalesce(cast(to_timestamp_ntz(convert_timezone('UTC', current_timestamp())) as varchar ), '')
        ) as dbt_scd_id,
        to_timestamp_ntz(convert_timezone('UTC', current_timestamp())) as dbt_updated_at,
        to_timestamp_ntz(convert_timezone('UTC', current_timestamp())) as dbt_valid_from,
        
  
  coalesce(nullif(to_timestamp_ntz(convert_timezone('UTC', current_timestamp())), to_timestamp_ntz(convert_timezone('UTC', current_timestamp()))), null)
  as dbt_valid_to
from (
        



SELECT *
FROM HMART.DEV.src_products

    ) sbq



    ) as __dbt_sbq
    where false
    limit 0
[0m02:51:48.002266 [debug] [Thread-1 (]: SQL status: SUCCESS 0 in 0.471 seconds
[0m02:51:48.007845 [debug] [Thread-1 (]: Using snowflake connection "snapshot.hmart.snap_products"
[0m02:51:48.008426 [debug] [Thread-1 (]: On snapshot.hmart.snap_products: /* {"app": "dbt", "dbt_version": "1.12.5", "profile_name": "hmart", "target_name": "dev", "node_id": "snapshot.hmart.snap_products"} */
/* {"app": "dbt", "dbt_version": "1.12.5", "profile_name": "hmart", "target_name": "dev", "node_id": "snapshot.hmart.snap_products"} */
select * from (
        select to_timestamp_ntz(convert_timezone('UTC', current_timestamp())) as dbt_snapshot_time
    ) as __dbt_sbq
    where false
    limit 0
[0m02:51:48.166270 [debug] [Thread-1 (]: SQL status: SUCCESS 0 in 0.157 seconds
[0m02:51:48.168387 [debug] [Thread-1 (]: Writing runtime sql for node "snapshot.hmart.snap_products"
[0m02:51:48.171861 [debug] [Thread-1 (]: Using snowflake connection "snapshot.hmart.snap_products"
[0m02:51:48.172418 [debug] [Thread-1 (]: On snapshot.hmart.snap_products: /* {"app": "dbt", "dbt_version": "1.12.5", "profile_name": "hmart", "target_name": "dev", "node_id": "snapshot.hmart.snap_products"} */
create or replace transient table HMART.SNAPSHOTS.snap_products
         as
        (
    

    select *,
        md5(coalesce(cast(product_id as varchar ), '')
         || '|' || coalesce(cast(to_timestamp_ntz(convert_timezone('UTC', current_timestamp())) as varchar ), '')
        ) as dbt_scd_id,
        to_timestamp_ntz(convert_timezone('UTC', current_timestamp())) as dbt_updated_at,
        to_timestamp_ntz(convert_timezone('UTC', current_timestamp())) as dbt_valid_from,
        
  
  coalesce(nullif(to_timestamp_ntz(convert_timezone('UTC', current_timestamp())), to_timestamp_ntz(convert_timezone('UTC', current_timestamp()))), null)
  as dbt_valid_to
from (
        



SELECT *
FROM HMART.DEV.src_products

    ) sbq



        );
[0m02:51:48.825307 [debug] [Thread-1 (]: SQL status: SUCCESS 1 in 0.652 seconds
[0m02:51:48.851321 [debug] [Thread-1 (]: Sending event: {'category': 'dbt', 'action': 'run_model', 'label': '9d033d61-4dab-4509-9a51-47a24690a063', 'context': [<snowplow_tracker.self_describing_json.SelfDescribingJson object at 0x10edff410>]}
[0m02:51:48.852138 [info ] [Thread-1 (]: 1 of 1 OK snapshotted SNAPSHOTS.snap_products .................................. [[32mSUCCESS 1[0m in 1.38s]
[0m02:51:48.852612 [debug] [Thread-1 (]: Finished running node snapshot.hmart.snap_products
[0m02:51:48.853475 [debug] [MainThread]: Connection 'master' was properly closed.
[0m02:51:48.853755 [debug] [MainThread]: Connection 'snapshot.hmart.snap_products' was left open.
[0m02:51:48.853993 [debug] [MainThread]: On snapshot.hmart.snap_products: Close
[0m02:51:49.106464 [info ] [MainThread]: 
[0m02:51:49.107411 [info ] [MainThread]: Finished running 1 snapshot in 0 hours 0 minutes and 3.73 seconds (3.73s).
[0m02:51:49.108378 [debug] [MainThread]: Command end result
[0m02:51:49.145950 [debug] [MainThread]: Wrote artifact WritableManifest to /Users/tanvigharbudve/Desktop/projects/hmart_sql/hmart/target/manifest.json
[0m02:51:49.147789 [debug] [MainThread]: Wrote artifact SemanticManifest to /Users/tanvigharbudve/Desktop/projects/hmart_sql/hmart/target/semantic_manifest.json
[0m02:51:49.149394 [debug] [MainThread]: Wrote artifact OsiDocument to /Users/tanvigharbudve/Desktop/projects/hmart_sql/hmart/target/osi_document.json
[0m02:51:49.153664 [debug] [MainThread]: Wrote artifact RunExecutionResult to /Users/tanvigharbudve/Desktop/projects/hmart_sql/hmart/target/run_results.json
[0m02:51:49.153856 [info ] [MainThread]: 
[0m02:51:49.154078 [info ] [MainThread]: [32mCompleted successfully[0m
[0m02:51:49.154251 [info ] [MainThread]: 
[0m02:51:49.154423 [info ] [MainThread]: Done. PASS=1 WARN=0 ERROR=0 SKIP=0 NO-OP=0 REUSED=0 TOTAL=1
[0m02:51:49.156880 [debug] [MainThread]: Resource report: {"command_name": "snapshot", "command_success": true, "command_wall_clock_time": 4.382154, "process_in_blocks": "0", "process_kernel_time": 0.238775, "process_mem_max_rss": "190218240", "process_out_blocks": "0", "process_user_time": 1.38904}
[0m02:51:49.157213 [debug] [MainThread]: Command `dbt snapshot` succeeded at 02:51:49.157164 after 4.38 seconds
[0m02:51:49.157418 [debug] [MainThread]: Sending event: {'category': 'dbt', 'action': 'invocation', 'label': 'end', 'context': [<snowplow_tracker.self_describing_json.SelfDescribingJson object at 0x10da0a850>, <snowplow_tracker.self_describing_json.SelfDescribingJson object at 0x10d9e9210>, <snowplow_tracker.self_describing_json.SelfDescribingJson object at 0x10d8defd0>]}
[0m02:51:49.157612 [debug] [MainThread]: Flushing usage events
[0m02:51:50.026582 [debug] [MainThread]: An error was encountered while trying to flush usage events
[0m02:52:38.908505 [debug] [MainThread]: Sending event: {'category': 'dbt', 'action': 'invocation', 'label': 'start', 'context': [<snowplow_tracker.self_describing_json.SelfDescribingJson object at 0x10c293110>, <snowplow_tracker.self_describing_json.SelfDescribingJson object at 0x10c399990>, <snowplow_tracker.self_describing_json.SelfDescribingJson object at 0x10c39ae50>]}


============================== 02:52:38.911390 | 11a4d22d-7224-4ab3-947f-88d81c9debfc ==============================
[0m02:52:38.911390 [info ] [MainThread]: Running with dbt=1.12.5
[0m02:52:38.911664 [debug] [MainThread]: running dbt with arguments {'hints_enabled': 'True', 'empty': 'False', 'use_colors': 'True', 'fail_fast': 'False', 'write_json': 'True', 'use_experimental_parser': 'False', 'invocation_command': 'dbt snapshot', 'quiet': 'False', 'log_format': 'default', 'send_anonymous_usage_stats': 'True', 'log_path': '/Users/tanvigharbudve/Desktop/projects/hmart_sql/hmart/logs', 'partial_parse': 'True', 'version_check': 'True', 'printer_width': '80', 'static_parser': 'True', 'maximum_seed_size_mib': '1', 'cache_selected_only': 'False', 'target_path': 'None', 'warn_error': 'None', 'no_print': 'None', 'indirect_selection': 'eager', 'warn_error_options': 'WarnErrorOptionsV2(error=[], warn=[], silence=[])', 'log_cache_events': 'False', 'introspect': 'True', 'profiles_dir': '/Users/tanvigharbudve/.dbt', 'debug': 'False'}
[0m02:52:39.141269 [debug] [MainThread]: Sending event: {'category': 'dbt', 'action': 'project_id', 'label': '11a4d22d-7224-4ab3-947f-88d81c9debfc', 'context': [<snowplow_tracker.self_describing_json.SelfDescribingJson object at 0x10af99950>]}
[0m02:52:39.165971 [debug] [MainThread]: Sending event: {'category': 'dbt', 'action': 'adapter_info', 'label': '11a4d22d-7224-4ab3-947f-88d81c9debfc', 'context': [<snowplow_tracker.self_describing_json.SelfDescribingJson object at 0x10b087d50>]}
[0m02:52:39.167156 [info ] [MainThread]: Registered adapter: snowflake=1.9.0
[0m02:52:39.223020 [debug] [MainThread]: checksum: 45a02549dde2b41a1199d675c935f59a553ec318be0f791f50a7baabda8f1355, vars: {}, profile: hmart, target: dev, version: 1.12.5
[0m02:52:39.300171 [debug] [MainThread]: Partial parsing enabled: 0 files deleted, 1 files added, 0 files changed.
[0m02:52:39.300446 [debug] [MainThread]: Partial parsing: added file: hmart://snapshots/snap_customers.sql
[0m02:52:39.405596 [warn ] [MainThread]: [[33mWARNING[0m]: Configuration paths exist in your dbt_project.yml file which do not apply to any resources.
There are 1 unused configuration paths:
- models.hmart.models
[0m02:52:39.407223 [debug] [MainThread]: Sending event: {'category': 'dbt', 'action': 'load_project', 'label': '11a4d22d-7224-4ab3-947f-88d81c9debfc', 'context': [<snowplow_tracker.self_describing_json.SelfDescribingJson object at 0x10b8ae650>]}
[0m02:52:39.444737 [debug] [MainThread]: Wrote artifact WritableManifest to /Users/tanvigharbudve/Desktop/projects/hmart_sql/hmart/target/manifest.json
[0m02:52:39.446315 [debug] [MainThread]: Wrote artifact SemanticManifest to /Users/tanvigharbudve/Desktop/projects/hmart_sql/hmart/target/semantic_manifest.json
[0m02:52:39.456641 [debug] [MainThread]: Wrote artifact OsiDocument to /Users/tanvigharbudve/Desktop/projects/hmart_sql/hmart/target/osi_document.json
[0m02:52:39.462295 [debug] [MainThread]: Sending event: {'category': 'dbt', 'action': 'resource_counts', 'label': '11a4d22d-7224-4ab3-947f-88d81c9debfc', 'context': [<snowplow_tracker.self_describing_json.SelfDescribingJson object at 0x10d57f090>]}
[0m02:52:39.462492 [info ] [MainThread]: Found 13 models, 2 snapshots, 514 macros
[0m02:52:39.462631 [debug] [MainThread]: Sending event: {'category': 'dbt', 'action': 'runnable_timing', 'label': '11a4d22d-7224-4ab3-947f-88d81c9debfc', 'context': [<snowplow_tracker.self_describing_json.SelfDescribingJson object at 0x10d0d6e90>]}
[0m02:52:39.463399 [info ] [MainThread]: 
[0m02:52:39.463547 [info ] [MainThread]: Concurrency: 1 threads (target='dev')
[0m02:52:39.463661 [info ] [MainThread]: 
[0m02:52:39.463888 [debug] [MainThread]: Acquiring new snowflake connection 'master'
[0m02:52:39.465663 [debug] [ThreadPool]: Acquiring new snowflake connection 'list_HMART'
[0m02:52:39.521697 [debug] [ThreadPool]: Using snowflake connection "list_HMART"
[0m02:52:39.521892 [debug] [ThreadPool]: On list_HMART: /* {"app": "dbt", "dbt_version": "1.12.5", "profile_name": "hmart", "target_name": "dev", "connection_name": "list_HMART"} */
show terse schemas in database HMART
    limit 10000
[0m02:52:39.522007 [debug] [ThreadPool]: Opening a new connection, currently in state init
[0m02:52:40.568699 [debug] [ThreadPool]: SQL status: SUCCESS 5 in 1.047 seconds
[0m02:52:40.573506 [debug] [ThreadPool]: Re-using an available connection from the pool (formerly list_HMART, now list_HMART_DEV)
[0m02:52:40.584533 [debug] [ThreadPool]: Using snowflake connection "list_HMART_DEV"
[0m02:52:40.585125 [debug] [ThreadPool]: On list_HMART_DEV: /* {"app": "dbt", "dbt_version": "1.12.5", "profile_name": "hmart", "target_name": "dev", "connection_name": "list_HMART_DEV"} */
show objects in HMART.DEV limit 10000;
[0m02:52:40.788709 [debug] [ThreadPool]: SQL status: SUCCESS 12 in 0.203 seconds
[0m02:52:40.792320 [debug] [ThreadPool]: Re-using an available connection from the pool (formerly list_HMART_DEV, now list_HMART_SNAPSHOTS)
[0m02:52:40.796701 [debug] [ThreadPool]: Using snowflake connection "list_HMART_SNAPSHOTS"
[0m02:52:40.797102 [debug] [ThreadPool]: On list_HMART_SNAPSHOTS: /* {"app": "dbt", "dbt_version": "1.12.5", "profile_name": "hmart", "target_name": "dev", "connection_name": "list_HMART_SNAPSHOTS"} */
show objects in HMART.SNAPSHOTS limit 10000;
[0m02:52:40.980629 [debug] [ThreadPool]: SQL status: SUCCESS 1 in 0.183 seconds
[0m02:52:40.983214 [debug] [MainThread]: Sending event: {'category': 'dbt', 'action': 'runnable_timing', 'label': '11a4d22d-7224-4ab3-947f-88d81c9debfc', 'context': [<snowplow_tracker.self_describing_json.SelfDescribingJson object at 0x10d781b50>]}
[0m02:52:40.986200 [debug] [Thread-1 (]: Began running node snapshot.hmart.snap_customers
[0m02:52:40.986739 [info ] [Thread-1 (]: 1 of 2 START snapshot SNAPSHOTS.snap_customers ................................. [RUN]
[0m02:52:40.987201 [debug] [Thread-1 (]: Re-using an available connection from the pool (formerly list_HMART_SNAPSHOTS, now snapshot.hmart.snap_customers)
[0m02:52:40.987528 [debug] [Thread-1 (]: Began compiling node snapshot.hmart.snap_customers
[0m02:52:40.993557 [debug] [Thread-1 (]: Writing injected SQL for node "snapshot.hmart.snap_customers"
[0m02:52:40.994448 [debug] [Thread-1 (]: Began executing node snapshot.hmart.snap_customers
[0m02:52:41.039210 [debug] [Thread-1 (]: Using snowflake connection "snapshot.hmart.snap_customers"
[0m02:52:41.039492 [debug] [Thread-1 (]: On snapshot.hmart.snap_customers: /* {"app": "dbt", "dbt_version": "1.12.5", "profile_name": "hmart", "target_name": "dev", "node_id": "snapshot.hmart.snap_customers"} */
/* {"app": "dbt", "dbt_version": "1.12.5", "profile_name": "hmart", "target_name": "dev", "node_id": "snapshot.hmart.snap_customers"} */
select * from (
        
    

    select *,
        md5(coalesce(cast(customer_id as varchar ), '')
         || '|' || coalesce(cast(to_timestamp_ntz(convert_timezone('UTC', current_timestamp())) as varchar ), '')
        ) as dbt_scd_id,
        to_timestamp_ntz(convert_timezone('UTC', current_timestamp())) as dbt_updated_at,
        to_timestamp_ntz(convert_timezone('UTC', current_timestamp())) as dbt_valid_from,
        
  
  coalesce(nullif(to_timestamp_ntz(convert_timezone('UTC', current_timestamp())), to_timestamp_ntz(convert_timezone('UTC', current_timestamp()))), null)
  as dbt_valid_to
from (
        



SELECT *
FROM HMART.DEV.src_customers

    ) sbq



    ) as __dbt_sbq
    where false
    limit 0
[0m02:52:41.329959 [debug] [Thread-1 (]: SQL status: SUCCESS 0 in 0.290 seconds
[0m02:52:41.336018 [debug] [Thread-1 (]: Using snowflake connection "snapshot.hmart.snap_customers"
[0m02:52:41.336614 [debug] [Thread-1 (]: On snapshot.hmart.snap_customers: /* {"app": "dbt", "dbt_version": "1.12.5", "profile_name": "hmart", "target_name": "dev", "node_id": "snapshot.hmart.snap_customers"} */
/* {"app": "dbt", "dbt_version": "1.12.5", "profile_name": "hmart", "target_name": "dev", "node_id": "snapshot.hmart.snap_customers"} */
select * from (
        select to_timestamp_ntz(convert_timezone('UTC', current_timestamp())) as dbt_snapshot_time
    ) as __dbt_sbq
    where false
    limit 0
[0m02:52:41.499632 [debug] [Thread-1 (]: SQL status: SUCCESS 0 in 0.162 seconds
[0m02:52:41.501647 [debug] [Thread-1 (]: Writing runtime sql for node "snapshot.hmart.snap_customers"
[0m02:52:41.503853 [debug] [Thread-1 (]: Using snowflake connection "snapshot.hmart.snap_customers"
[0m02:52:41.504483 [debug] [Thread-1 (]: On snapshot.hmart.snap_customers: /* {"app": "dbt", "dbt_version": "1.12.5", "profile_name": "hmart", "target_name": "dev", "node_id": "snapshot.hmart.snap_customers"} */
create or replace transient table HMART.SNAPSHOTS.snap_customers
         as
        (
    

    select *,
        md5(coalesce(cast(customer_id as varchar ), '')
         || '|' || coalesce(cast(to_timestamp_ntz(convert_timezone('UTC', current_timestamp())) as varchar ), '')
        ) as dbt_scd_id,
        to_timestamp_ntz(convert_timezone('UTC', current_timestamp())) as dbt_updated_at,
        to_timestamp_ntz(convert_timezone('UTC', current_timestamp())) as dbt_valid_from,
        
  
  coalesce(nullif(to_timestamp_ntz(convert_timezone('UTC', current_timestamp())), to_timestamp_ntz(convert_timezone('UTC', current_timestamp()))), null)
  as dbt_valid_to
from (
        



SELECT *
FROM HMART.DEV.src_customers

    ) sbq



        );
[0m02:52:42.576889 [debug] [Thread-1 (]: SQL status: SUCCESS 1 in 1.072 seconds
[0m02:52:42.606635 [debug] [Thread-1 (]: Sending event: {'category': 'dbt', 'action': 'run_model', 'label': '11a4d22d-7224-4ab3-947f-88d81c9debfc', 'context': [<snowplow_tracker.self_describing_json.SelfDescribingJson object at 0x114169350>]}
[0m02:52:42.607407 [info ] [Thread-1 (]: 1 of 2 OK snapshotted SNAPSHOTS.snap_customers ................................. [[32mSUCCESS 1[0m in 1.62s]
[0m02:52:42.607834 [debug] [Thread-1 (]: Finished running node snapshot.hmart.snap_customers
[0m02:52:42.608131 [debug] [Thread-1 (]: Began running node snapshot.hmart.snap_products
[0m02:52:42.608509 [info ] [Thread-1 (]: 2 of 2 START snapshot SNAPSHOTS.snap_products .................................. [RUN]
[0m02:52:42.608835 [debug] [Thread-1 (]: Re-using an available connection from the pool (formerly snapshot.hmart.snap_customers, now snapshot.hmart.snap_products)
[0m02:52:42.609076 [debug] [Thread-1 (]: Began compiling node snapshot.hmart.snap_products
[0m02:52:42.610902 [debug] [Thread-1 (]: Writing injected SQL for node "snapshot.hmart.snap_products"
[0m02:52:42.611502 [debug] [Thread-1 (]: Began executing node snapshot.hmart.snap_products
[0m02:52:42.616411 [debug] [Thread-1 (]: Using snowflake connection "snapshot.hmart.snap_products"
[0m02:52:42.616676 [debug] [Thread-1 (]: On snapshot.hmart.snap_products: /* {"app": "dbt", "dbt_version": "1.12.5", "profile_name": "hmart", "target_name": "dev", "node_id": "snapshot.hmart.snap_products"} */
select * from (
        select product_name, category, subcategory, brand, unit_cost, unit_price, weight_kg, is_discontinued from (
                



SELECT *
FROM HMART.DEV.src_products

            ) subq
    ) as __dbt_sbq
    where false
    limit 0
[0m02:52:42.960357 [debug] [Thread-1 (]: SQL status: SUCCESS 0 in 0.343 seconds
[0m02:52:42.973396 [debug] [Thread-1 (]: Using snowflake connection "snapshot.hmart.snap_products"
[0m02:52:42.974912 [debug] [Thread-1 (]: On snapshot.hmart.snap_products: /* {"app": "dbt", "dbt_version": "1.12.5", "profile_name": "hmart", "target_name": "dev", "node_id": "snapshot.hmart.snap_products"} */
describe table "HMART"."SNAPSHOTS"."SNAP_PRODUCTS"
[0m02:52:43.120386 [debug] [Thread-1 (]: SQL status: SUCCESS 16 in 0.144 seconds
[0m02:52:43.127934 [debug] [Thread-1 (]: Using snowflake connection "snapshot.hmart.snap_products"
[0m02:52:43.128555 [debug] [Thread-1 (]: On snapshot.hmart.snap_products: /* {"app": "dbt", "dbt_version": "1.12.5", "profile_name": "hmart", "target_name": "dev", "node_id": "snapshot.hmart.snap_products"} */
describe table "HMART"."SNAPSHOTS"."SNAP_PRODUCTS"
[0m02:52:43.285711 [debug] [Thread-1 (]: SQL status: SUCCESS 16 in 0.156 seconds
[0m02:52:43.328991 [debug] [Thread-1 (]: Using snowflake connection "snapshot.hmart.snap_products"
[0m02:52:43.329508 [debug] [Thread-1 (]: On snapshot.hmart.snap_products: /* {"app": "dbt", "dbt_version": "1.12.5", "profile_name": "hmart", "target_name": "dev", "node_id": "snapshot.hmart.snap_products"} */
create or replace temporary table "HMART"."SNAPSHOTS"."SNAP_PRODUCTS__dbt_tmp"
         as
        (
    
    with snapshot_query as (

        



SELECT *
FROM HMART.DEV.src_products


    ),

    snapshotted_data as (

        select *, 
    
        product_id as dbt_unique_key
    

        from "HMART"."SNAPSHOTS"."SNAP_PRODUCTS"
        where
            
                dbt_valid_to is null
            

    ),

    insertions_source_data as (

        select *, 
    
        product_id as dbt_unique_key
    
,
            to_timestamp_ntz(convert_timezone('UTC', current_timestamp())) as dbt_updated_at,
            to_timestamp_ntz(convert_timezone('UTC', current_timestamp())) as dbt_valid_from,
            
  
  coalesce(nullif(to_timestamp_ntz(convert_timezone('UTC', current_timestamp())), to_timestamp_ntz(convert_timezone('UTC', current_timestamp()))), null)
  as dbt_valid_to
,
            md5(coalesce(cast(product_id as varchar ), '')
         || '|' || coalesce(cast(to_timestamp_ntz(convert_timezone('UTC', current_timestamp())) as varchar ), '')
        ) as dbt_scd_id

        from snapshot_query
    ),

    updates_source_data as (

        select *, 
    
        product_id as dbt_unique_key
    
,
            to_timestamp_ntz(convert_timezone('UTC', current_timestamp())) as dbt_updated_at,
            to_timestamp_ntz(convert_timezone('UTC', current_timestamp())) as dbt_valid_from,
            to_timestamp_ntz(convert_timezone('UTC', current_timestamp())) as dbt_valid_to

        from snapshot_query
    ),

    insertions as (

        select
            'insert' as dbt_change_type,
            source_data.*

        from insertions_source_data as source_data
        left outer join snapshotted_data
            on 
    
        snapshotted_data.dbt_unique_key = source_data.dbt_unique_key
    

            where 
    
        snapshotted_data.dbt_unique_key is null
    

            or (
    
        snapshotted_data.dbt_unique_key is not null
    
 and (
               (snapshotted_data."PRODUCT_NAME" != source_data."PRODUCT_NAME"
        or
        (
            ((snapshotted_data."PRODUCT_NAME" is null) and not (source_data."PRODUCT_NAME" is null))
            or
            ((not snapshotted_data."PRODUCT_NAME" is null) and (source_data."PRODUCT_NAME" is null))
        ) or snapshotted_data."CATEGORY" != source_data."CATEGORY"
        or
        (
            ((snapshotted_data."CATEGORY" is null) and not (source_data."CATEGORY" is null))
            or
            ((not snapshotted_data."CATEGORY" is null) and (source_data."CATEGORY" is null))
        ) or snapshotted_data."SUBCATEGORY" != source_data."SUBCATEGORY"
        or
        (
            ((snapshotted_data."SUBCATEGORY" is null) and not (source_data."SUBCATEGORY" is null))
            or
            ((not snapshotted_data."SUBCATEGORY" is null) and (source_data."SUBCATEGORY" is null))
        ) or snapshotted_data."BRAND" != source_data."BRAND"
        or
        (
            ((snapshotted_data."BRAND" is null) and not (source_data."BRAND" is null))
            or
            ((not snapshotted_data."BRAND" is null) and (source_data."BRAND" is null))
        ) or snapshotted_data."UNIT_COST" != source_data."UNIT_COST"
        or
        (
            ((snapshotted_data."UNIT_COST" is null) and not (source_data."UNIT_COST" is null))
            or
            ((not snapshotted_data."UNIT_COST" is null) and (source_data."UNIT_COST" is null))
        ) or snapshotted_data."UNIT_PRICE" != source_data."UNIT_PRICE"
        or
        (
            ((snapshotted_data."UNIT_PRICE" is null) and not (source_data."UNIT_PRICE" is null))
            or
            ((not snapshotted_data."UNIT_PRICE" is null) and (source_data."UNIT_PRICE" is null))
        ) or snapshotted_data."WEIGHT_KG" != source_data."WEIGHT_KG"
        or
        (
            ((snapshotted_data."WEIGHT_KG" is null) and not (source_data."WEIGHT_KG" is null))
            or
            ((not snapshotted_data."WEIGHT_KG" is null) and (source_data."WEIGHT_KG" is null))
        ) or snapshotted_data."IS_DISCONTINUED" != source_data."IS_DISCONTINUED"
        or
        (
            ((snapshotted_data."IS_DISCONTINUED" is null) and not (source_data."IS_DISCONTINUED" is null))
            or
            ((not snapshotted_data."IS_DISCONTINUED" is null) and (source_data."IS_DISCONTINUED" is null))
        ))
            )

        )

    ),

    updates as (

        select
            'update' as dbt_change_type,
            source_data.*,
            snapshotted_data.dbt_scd_id

        from updates_source_data as source_data
        join snapshotted_data
            on 
    
        snapshotted_data.dbt_unique_key = source_data.dbt_unique_key
    

        where (
            (snapshotted_data."PRODUCT_NAME" != source_data."PRODUCT_NAME"
        or
        (
            ((snapshotted_data."PRODUCT_NAME" is null) and not (source_data."PRODUCT_NAME" is null))
            or
            ((not snapshotted_data."PRODUCT_NAME" is null) and (source_data."PRODUCT_NAME" is null))
        ) or snapshotted_data."CATEGORY" != source_data."CATEGORY"
        or
        (
            ((snapshotted_data."CATEGORY" is null) and not (source_data."CATEGORY" is null))
            or
            ((not snapshotted_data."CATEGORY" is null) and (source_data."CATEGORY" is null))
        ) or snapshotted_data."SUBCATEGORY" != source_data."SUBCATEGORY"
        or
        (
            ((snapshotted_data."SUBCATEGORY" is null) and not (source_data."SUBCATEGORY" is null))
            or
            ((not snapshotted_data."SUBCATEGORY" is null) and (source_data."SUBCATEGORY" is null))
        ) or snapshotted_data."BRAND" != source_data."BRAND"
        or
        (
            ((snapshotted_data."BRAND" is null) and not (source_data."BRAND" is null))
            or
            ((not snapshotted_data."BRAND" is null) and (source_data."BRAND" is null))
        ) or snapshotted_data."UNIT_COST" != source_data."UNIT_COST"
        or
        (
            ((snapshotted_data."UNIT_COST" is null) and not (source_data."UNIT_COST" is null))
            or
            ((not snapshotted_data."UNIT_COST" is null) and (source_data."UNIT_COST" is null))
        ) or snapshotted_data."UNIT_PRICE" != source_data."UNIT_PRICE"
        or
        (
            ((snapshotted_data."UNIT_PRICE" is null) and not (source_data."UNIT_PRICE" is null))
            or
            ((not snapshotted_data."UNIT_PRICE" is null) and (source_data."UNIT_PRICE" is null))
        ) or snapshotted_data."WEIGHT_KG" != source_data."WEIGHT_KG"
        or
        (
            ((snapshotted_data."WEIGHT_KG" is null) and not (source_data."WEIGHT_KG" is null))
            or
            ((not snapshotted_data."WEIGHT_KG" is null) and (source_data."WEIGHT_KG" is null))
        ) or snapshotted_data."IS_DISCONTINUED" != source_data."IS_DISCONTINUED"
        or
        (
            ((snapshotted_data."IS_DISCONTINUED" is null) and not (source_data."IS_DISCONTINUED" is null))
            or
            ((not snapshotted_data."IS_DISCONTINUED" is null) and (source_data."IS_DISCONTINUED" is null))
        ))
        )
    )

    select * from insertions
    union all
    select * from updates

        );
[0m02:52:44.033703 [debug] [Thread-1 (]: SQL status: SUCCESS 1 in 0.703 seconds
[0m02:52:44.037569 [debug] [Thread-1 (]: Using snowflake connection "snapshot.hmart.snap_products"
[0m02:52:44.038144 [debug] [Thread-1 (]: On snapshot.hmart.snap_products: /* {"app": "dbt", "dbt_version": "1.12.5", "profile_name": "hmart", "target_name": "dev", "node_id": "snapshot.hmart.snap_products"} */
describe table "HMART"."SNAPSHOTS"."SNAP_PRODUCTS__dbt_tmp"
[0m02:52:44.189056 [debug] [Thread-1 (]: SQL status: SUCCESS 18 in 0.150 seconds
[0m02:52:44.194816 [debug] [Thread-1 (]: Using snowflake connection "snapshot.hmart.snap_products"
[0m02:52:44.195354 [debug] [Thread-1 (]: On snapshot.hmart.snap_products: /* {"app": "dbt", "dbt_version": "1.12.5", "profile_name": "hmart", "target_name": "dev", "node_id": "snapshot.hmart.snap_products"} */
describe table "HMART"."SNAPSHOTS"."SNAP_PRODUCTS"
[0m02:52:44.360004 [debug] [Thread-1 (]: SQL status: SUCCESS 16 in 0.164 seconds
[0m02:52:44.365968 [debug] [Thread-1 (]: Using snowflake connection "snapshot.hmart.snap_products"
[0m02:52:44.366478 [debug] [Thread-1 (]: On snapshot.hmart.snap_products: /* {"app": "dbt", "dbt_version": "1.12.5", "profile_name": "hmart", "target_name": "dev", "node_id": "snapshot.hmart.snap_products"} */
describe table "HMART"."SNAPSHOTS"."SNAP_PRODUCTS__dbt_tmp"
[0m02:52:44.509335 [debug] [Thread-1 (]: SQL status: SUCCESS 18 in 0.142 seconds
[0m02:52:44.514560 [debug] [Thread-1 (]: Using snowflake connection "snapshot.hmart.snap_products"
[0m02:52:44.515159 [debug] [Thread-1 (]: On snapshot.hmart.snap_products: /* {"app": "dbt", "dbt_version": "1.12.5", "profile_name": "hmart", "target_name": "dev", "node_id": "snapshot.hmart.snap_products"} */
describe table "HMART"."SNAPSHOTS"."SNAP_PRODUCTS"
[0m02:52:44.651938 [debug] [Thread-1 (]: SQL status: SUCCESS 16 in 0.136 seconds
[0m02:52:44.660000 [debug] [Thread-1 (]: Using snowflake connection "snapshot.hmart.snap_products"
[0m02:52:44.660398 [debug] [Thread-1 (]: On snapshot.hmart.snap_products: /* {"app": "dbt", "dbt_version": "1.12.5", "profile_name": "hmart", "target_name": "dev", "node_id": "snapshot.hmart.snap_products"} */
describe table "HMART"."SNAPSHOTS"."SNAP_PRODUCTS__dbt_tmp"
[0m02:52:44.828578 [debug] [Thread-1 (]: SQL status: SUCCESS 18 in 0.168 seconds
[0m02:52:44.846428 [debug] [Thread-1 (]: Using snowflake connection "snapshot.hmart.snap_products"
[0m02:52:44.847022 [debug] [Thread-1 (]: On snapshot.hmart.snap_products: /* {"app": "dbt", "dbt_version": "1.12.5", "profile_name": "hmart", "target_name": "dev", "node_id": "snapshot.hmart.snap_products"} */
/* {"app": "dbt", "dbt_version": "1.12.5", "profile_name": "hmart", "target_name": "dev", "node_id": "snapshot.hmart.snap_products"} */
select * from (
        
    
    with snapshot_query as (

        



SELECT *
FROM HMART.DEV.src_products


    ),

    snapshotted_data as (

        select *, 
    
        product_id as dbt_unique_key
    

        from "HMART"."SNAPSHOTS"."SNAP_PRODUCTS"
        where
            
                dbt_valid_to is null
            

    ),

    insertions_source_data as (

        select *, 
    
        product_id as dbt_unique_key
    
,
            to_timestamp_ntz(convert_timezone('UTC', current_timestamp())) as dbt_updated_at,
            to_timestamp_ntz(convert_timezone('UTC', current_timestamp())) as dbt_valid_from,
            
  
  coalesce(nullif(to_timestamp_ntz(convert_timezone('UTC', current_timestamp())), to_timestamp_ntz(convert_timezone('UTC', current_timestamp()))), null)
  as dbt_valid_to
,
            md5(coalesce(cast(product_id as varchar ), '')
         || '|' || coalesce(cast(to_timestamp_ntz(convert_timezone('UTC', current_timestamp())) as varchar ), '')
        ) as dbt_scd_id

        from snapshot_query
    ),

    updates_source_data as (

        select *, 
    
        product_id as dbt_unique_key
    
,
            to_timestamp_ntz(convert_timezone('UTC', current_timestamp())) as dbt_updated_at,
            to_timestamp_ntz(convert_timezone('UTC', current_timestamp())) as dbt_valid_from,
            to_timestamp_ntz(convert_timezone('UTC', current_timestamp())) as dbt_valid_to

        from snapshot_query
    ),

    insertions as (

        select
            'insert' as dbt_change_type,
            source_data.*

        from insertions_source_data as source_data
        left outer join snapshotted_data
            on 
    
        snapshotted_data.dbt_unique_key = source_data.dbt_unique_key
    

            where 
    
        snapshotted_data.dbt_unique_key is null
    

            or (
    
        snapshotted_data.dbt_unique_key is not null
    
 and (
               (snapshotted_data."PRODUCT_NAME" != source_data."PRODUCT_NAME"
        or
        (
            ((snapshotted_data."PRODUCT_NAME" is null) and not (source_data."PRODUCT_NAME" is null))
            or
            ((not snapshotted_data."PRODUCT_NAME" is null) and (source_data."PRODUCT_NAME" is null))
        ) or snapshotted_data."CATEGORY" != source_data."CATEGORY"
        or
        (
            ((snapshotted_data."CATEGORY" is null) and not (source_data."CATEGORY" is null))
            or
            ((not snapshotted_data."CATEGORY" is null) and (source_data."CATEGORY" is null))
        ) or snapshotted_data."SUBCATEGORY" != source_data."SUBCATEGORY"
        or
        (
            ((snapshotted_data."SUBCATEGORY" is null) and not (source_data."SUBCATEGORY" is null))
            or
            ((not snapshotted_data."SUBCATEGORY" is null) and (source_data."SUBCATEGORY" is null))
        ) or snapshotted_data."BRAND" != source_data."BRAND"
        or
        (
            ((snapshotted_data."BRAND" is null) and not (source_data."BRAND" is null))
            or
            ((not snapshotted_data."BRAND" is null) and (source_data."BRAND" is null))
        ) or snapshotted_data."UNIT_COST" != source_data."UNIT_COST"
        or
        (
            ((snapshotted_data."UNIT_COST" is null) and not (source_data."UNIT_COST" is null))
            or
            ((not snapshotted_data."UNIT_COST" is null) and (source_data."UNIT_COST" is null))
        ) or snapshotted_data."UNIT_PRICE" != source_data."UNIT_PRICE"
        or
        (
            ((snapshotted_data."UNIT_PRICE" is null) and not (source_data."UNIT_PRICE" is null))
            or
            ((not snapshotted_data."UNIT_PRICE" is null) and (source_data."UNIT_PRICE" is null))
        ) or snapshotted_data."WEIGHT_KG" != source_data."WEIGHT_KG"
        or
        (
            ((snapshotted_data."WEIGHT_KG" is null) and not (source_data."WEIGHT_KG" is null))
            or
            ((not snapshotted_data."WEIGHT_KG" is null) and (source_data."WEIGHT_KG" is null))
        ) or snapshotted_data."IS_DISCONTINUED" != source_data."IS_DISCONTINUED"
        or
        (
            ((snapshotted_data."IS_DISCONTINUED" is null) and not (source_data."IS_DISCONTINUED" is null))
            or
            ((not snapshotted_data."IS_DISCONTINUED" is null) and (source_data."IS_DISCONTINUED" is null))
        ))
            )

        )

    ),

    updates as (

        select
            'update' as dbt_change_type,
            source_data.*,
            snapshotted_data.dbt_scd_id

        from updates_source_data as source_data
        join snapshotted_data
            on 
    
        snapshotted_data.dbt_unique_key = source_data.dbt_unique_key
    

        where (
            (snapshotted_data."PRODUCT_NAME" != source_data."PRODUCT_NAME"
        or
        (
            ((snapshotted_data."PRODUCT_NAME" is null) and not (source_data."PRODUCT_NAME" is null))
            or
            ((not snapshotted_data."PRODUCT_NAME" is null) and (source_data."PRODUCT_NAME" is null))
        ) or snapshotted_data."CATEGORY" != source_data."CATEGORY"
        or
        (
            ((snapshotted_data."CATEGORY" is null) and not (source_data."CATEGORY" is null))
            or
            ((not snapshotted_data."CATEGORY" is null) and (source_data."CATEGORY" is null))
        ) or snapshotted_data."SUBCATEGORY" != source_data."SUBCATEGORY"
        or
        (
            ((snapshotted_data."SUBCATEGORY" is null) and not (source_data."SUBCATEGORY" is null))
            or
            ((not snapshotted_data."SUBCATEGORY" is null) and (source_data."SUBCATEGORY" is null))
        ) or snapshotted_data."BRAND" != source_data."BRAND"
        or
        (
            ((snapshotted_data."BRAND" is null) and not (source_data."BRAND" is null))
            or
            ((not snapshotted_data."BRAND" is null) and (source_data."BRAND" is null))
        ) or snapshotted_data."UNIT_COST" != source_data."UNIT_COST"
        or
        (
            ((snapshotted_data."UNIT_COST" is null) and not (source_data."UNIT_COST" is null))
            or
            ((not snapshotted_data."UNIT_COST" is null) and (source_data."UNIT_COST" is null))
        ) or snapshotted_data."UNIT_PRICE" != source_data."UNIT_PRICE"
        or
        (
            ((snapshotted_data."UNIT_PRICE" is null) and not (source_data."UNIT_PRICE" is null))
            or
            ((not snapshotted_data."UNIT_PRICE" is null) and (source_data."UNIT_PRICE" is null))
        ) or snapshotted_data."WEIGHT_KG" != source_data."WEIGHT_KG"
        or
        (
            ((snapshotted_data."WEIGHT_KG" is null) and not (source_data."WEIGHT_KG" is null))
            or
            ((not snapshotted_data."WEIGHT_KG" is null) and (source_data."WEIGHT_KG" is null))
        ) or snapshotted_data."IS_DISCONTINUED" != source_data."IS_DISCONTINUED"
        or
        (
            ((snapshotted_data."IS_DISCONTINUED" is null) and not (source_data."IS_DISCONTINUED" is null))
            or
            ((not snapshotted_data."IS_DISCONTINUED" is null) and (source_data."IS_DISCONTINUED" is null))
        ))
        )
    )

    select * from insertions
    union all
    select * from updates

    ) as __dbt_sbq
    where false
    limit 0
[0m02:52:45.194457 [debug] [Thread-1 (]: SQL status: SUCCESS 0 in 0.347 seconds
[0m02:52:45.198006 [debug] [Thread-1 (]: Using snowflake connection "snapshot.hmart.snap_products"
[0m02:52:45.198503 [debug] [Thread-1 (]: On snapshot.hmart.snap_products: /* {"app": "dbt", "dbt_version": "1.12.5", "profile_name": "hmart", "target_name": "dev", "node_id": "snapshot.hmart.snap_products"} */
/* {"app": "dbt", "dbt_version": "1.12.5", "profile_name": "hmart", "target_name": "dev", "node_id": "snapshot.hmart.snap_products"} */
select * from (
        select to_timestamp_ntz(convert_timezone('UTC', current_timestamp())) as dbt_snapshot_time
    ) as __dbt_sbq
    where false
    limit 0
[0m02:52:45.330636 [debug] [Thread-1 (]: SQL status: SUCCESS 0 in 0.132 seconds
[0m02:52:45.331921 [debug] [Thread-1 (]: Writing runtime sql for node "snapshot.hmart.snap_products"
[0m02:52:45.333913 [debug] [Thread-1 (]: Using snowflake connection "snapshot.hmart.snap_products"
[0m02:52:45.334389 [debug] [Thread-1 (]: On snapshot.hmart.snap_products: /* {"app": "dbt", "dbt_version": "1.12.5", "profile_name": "hmart", "target_name": "dev", "node_id": "snapshot.hmart.snap_products"} */
BEGIN
[0m02:52:45.491129 [debug] [Thread-1 (]: SQL status: SUCCESS 1 in 0.156 seconds
[0m02:52:45.491723 [debug] [Thread-1 (]: Using snowflake connection "snapshot.hmart.snap_products"
[0m02:52:45.492106 [debug] [Thread-1 (]: On snapshot.hmart.snap_products: /* {"app": "dbt", "dbt_version": "1.12.5", "profile_name": "hmart", "target_name": "dev", "node_id": "snapshot.hmart.snap_products"} */
merge into "HMART"."SNAPSHOTS"."SNAP_PRODUCTS" as DBT_INTERNAL_DEST
    using "HMART"."SNAPSHOTS"."SNAP_PRODUCTS__dbt_tmp" as DBT_INTERNAL_SOURCE
    on DBT_INTERNAL_SOURCE.dbt_scd_id = DBT_INTERNAL_DEST.dbt_scd_id

    when matched
     
       and DBT_INTERNAL_DEST.dbt_valid_to is null
     
     and DBT_INTERNAL_SOURCE.dbt_change_type in ('update', 'delete')
        then update
        set dbt_valid_to = DBT_INTERNAL_SOURCE.dbt_valid_to

    when not matched
     and DBT_INTERNAL_SOURCE.dbt_change_type = 'insert'
        then insert ("PRODUCT_ID", "SKU", "PRODUCT_NAME", "CATEGORY", "SUBCATEGORY", "BRAND", "UNIT_COST", "UNIT_PRICE", "WEIGHT_KG", "CREATED_AT", "IS_DISCONTINUED", "PRICE_IMPUTED", "DBT_UPDATED_AT", "DBT_VALID_FROM", "DBT_VALID_TO", "DBT_SCD_ID")
        values ("PRODUCT_ID", "SKU", "PRODUCT_NAME", "CATEGORY", "SUBCATEGORY", "BRAND", "UNIT_COST", "UNIT_PRICE", "WEIGHT_KG", "CREATED_AT", "IS_DISCONTINUED", "PRICE_IMPUTED", "DBT_UPDATED_AT", "DBT_VALID_FROM", "DBT_VALID_TO", "DBT_SCD_ID")

;
[0m02:52:45.803644 [debug] [Thread-1 (]: SQL status: SUCCESS 0 in 0.311 seconds
[0m02:52:45.804950 [debug] [Thread-1 (]: Using snowflake connection "snapshot.hmart.snap_products"
[0m02:52:45.805451 [debug] [Thread-1 (]: On snapshot.hmart.snap_products: /* {"app": "dbt", "dbt_version": "1.12.5", "profile_name": "hmart", "target_name": "dev", "node_id": "snapshot.hmart.snap_products"} */
COMMIT
[0m02:52:45.963171 [debug] [Thread-1 (]: SQL status: SUCCESS 1 in 0.157 seconds
[0m02:52:45.967638 [debug] [Thread-1 (]: Sending event: {'category': 'dbt', 'action': 'run_model', 'label': '11a4d22d-7224-4ab3-947f-88d81c9debfc', 'context': [<snowplow_tracker.self_describing_json.SelfDescribingJson object at 0x10b07d2d0>]}
[0m02:52:45.968353 [info ] [Thread-1 (]: 2 of 2 OK snapshotted SNAPSHOTS.snap_products .................................. [[32mSUCCESS 0[0m in 3.36s]
[0m02:52:45.968819 [debug] [Thread-1 (]: Finished running node snapshot.hmart.snap_products
[0m02:52:45.969851 [debug] [MainThread]: Connection 'master' was properly closed.
[0m02:52:45.970162 [debug] [MainThread]: Connection 'snapshot.hmart.snap_products' was left open.
[0m02:52:45.970422 [debug] [MainThread]: On snapshot.hmart.snap_products: Close
[0m02:52:46.216998 [info ] [MainThread]: 
[0m02:52:46.218011 [info ] [MainThread]: Finished running 2 snapshots in 0 hours 0 minutes and 6.75 seconds (6.75s).
[0m02:52:46.219127 [debug] [MainThread]: Command end result
[0m02:52:46.256272 [debug] [MainThread]: Wrote artifact WritableManifest to /Users/tanvigharbudve/Desktop/projects/hmart_sql/hmart/target/manifest.json
[0m02:52:46.258238 [debug] [MainThread]: Wrote artifact SemanticManifest to /Users/tanvigharbudve/Desktop/projects/hmart_sql/hmart/target/semantic_manifest.json
[0m02:52:46.259930 [debug] [MainThread]: Wrote artifact OsiDocument to /Users/tanvigharbudve/Desktop/projects/hmart_sql/hmart/target/osi_document.json
[0m02:52:46.264113 [debug] [MainThread]: Wrote artifact RunExecutionResult to /Users/tanvigharbudve/Desktop/projects/hmart_sql/hmart/target/run_results.json
[0m02:52:46.264308 [info ] [MainThread]: 
[0m02:52:46.264551 [info ] [MainThread]: [32mCompleted successfully[0m
[0m02:52:46.264729 [info ] [MainThread]: 
[0m02:52:46.264919 [info ] [MainThread]: Done. PASS=2 WARN=0 ERROR=0 SKIP=0 NO-OP=0 REUSED=0 TOTAL=2
[0m02:52:46.267438 [debug] [MainThread]: Resource report: {"command_name": "snapshot", "command_success": true, "command_wall_clock_time": 7.3988023, "process_in_blocks": "0", "process_kernel_time": 0.247122, "process_mem_max_rss": "190218240", "process_out_blocks": "0", "process_user_time": 1.528465}
[0m02:52:46.267778 [debug] [MainThread]: Command `dbt snapshot` succeeded at 02:52:46.267728 after 7.40 seconds
[0m02:52:46.267983 [debug] [MainThread]: Sending event: {'category': 'dbt', 'action': 'invocation', 'label': 'end', 'context': [<snowplow_tracker.self_describing_json.SelfDescribingJson object at 0x10c379950>, <snowplow_tracker.self_describing_json.SelfDescribingJson object at 0x10c3b7fd0>, <snowplow_tracker.self_describing_json.SelfDescribingJson object at 0x10c26f150>]}
[0m02:52:46.268177 [debug] [MainThread]: Flushing usage events
[0m02:52:47.140667 [debug] [MainThread]: An error was encountered while trying to flush usage events
